customer_id,customer_unique_id,customer_zip_code_prefix,customer_city,customer_state
CUST_000001,UNIQ_000001,13278,salvador,BA
CUST_000002,UNIQ_000002,42098,porto alegre,RS
CUST_000003,UNIQ_000003,28289,recife,PE
CUST_000004,UNIQ_000004,98696,salvador,BA
CUST_000005,UNIQ_000005,21395,maceio,AL
CUST_000006,UNIQ_000006,65302,cuiaba,MT
CUST_000007,UNIQ_000007,13905,rio de janeiro,RJ
CUST_000008,UNIQ_000008,38657,belo horizonte,MG
CUST_000009,UNIQ_000009,76237,recife,PE
CUST_000010,UNIQ_000010,13478,porto velho,RO
CUST_000011,UNIQ_000011,36062,maceio,AL
CUST_000012,UNIQ_000012,64987,maceio,AL
CUST_000013,UNIQ_000013,68878,recife,PE
CUST_000014,UNIQ_000014,46463,cuiaba,MT
CUST_000015,UNIQ_000015,30926,sao paulo,SP
CUST_000016,UNIQ_000016,54597,teresina,PI
CUST_000017,UNIQ_000017,30379,porto alegre,RS
CUST_000018,UNIQ_000018,54118,manaus,AM
CUST_000019,UNIQ_000019,22156,salvador,BA
CUST_000020,UNIQ_000020,22676,natal,RN
CUST_000021,UNIQ_000021,55082,florianopolis,SC
CUST_000022,UNIQ_000022,44671,porto velho,RO
CUST_000023,UNIQ_000023,70217,rio de janeiro,RJ
CUST_000024,UNIQ_000024,26361,maceio,AL
CUST_000025,UNIQ_000025,20328,natal,RN
CUST_000026,UNIQ_000026,48427,maceio,AL
CUST_000027,UNIQ_000027,57400,porto velho,RO
CUST_000028,UNIQ_000028,35203,cuiaba,MT
CUST_000029,UNIQ_000029,16006,belo horizonte,MG
CUST_000030,UNIQ_000030,47930,recife,PE
CUST_000031,UNIQ_000031,40512,belo horizonte,MG
CUST_000032,UNIQ_000032,59823,salvador,BA
CUST_000033,UNIQ_000033,69429,porto alegre,RS
CUST_000034,UNIQ_000034,31319,florianopolis,SC
CUST_000035,UNIQ_000035,56566,florianopolis,SC
CUST_000036,UNIQ_000036,97841,manaus,AM
CUST_000037,UNIQ_000037,99593,porto alegre,RS
CUST_000038,UNIQ_000038,89840,belo horizonte,MG
CUST_000039,UNIQ_000039,80010,curitiba,PR
CUST_000040,UNIQ_000040,31417,recife,PE
CUST_000041,UNIQ_000041,59735,campo grande,MS
CUST_000042,UNIQ_000042,93886,porto alegre,RS
CUST_000043,UNIQ_000043,38785,maceio,AL
CUST_000044,UNIQ_000044,17331,goiania,GO
CUST_000045,UNIQ_000045,14207,recife,PE
CUST_000046,UNIQ_000046,62581,goiania,GO
CUST_000047,UNIQ_000047,18675,porto alegre,RS
CUST_000048,UNIQ_000048,84341,manaus,AM
CUST_000049,UNIQ_000049,37869,goiania,GO
CUST_000050,UNIQ_000050,61856,joao pessoa,PB
CUST_000051,UNIQ_000051,28726,campo grande,MS
CUST_000052,UNIQ_000052,28301,porto alegre,RS
CUST_000053,UNIQ_000053,83579,recife,PE
CUST_000054,UNIQ_000054,44438,maceio,AL
CUST_000055,UNIQ_000055,66155,cuiaba,MT
CUST_000056,UNIQ_000056,62350,cuiaba,MT
CUST_000057,UNIQ_000057,38746,florianopolis,SC
CUST_000058,UNIQ_000058,76784,fortaleza,CE
CUST_000059,UNIQ_000059,21915,joao pessoa,PB
CUST_000060,UNIQ_000060,24371,rio de janeiro,RJ
CUST_000061,UNIQ_000061,92240,fortaleza,CE
CUST_000062,UNIQ_000062,99192,curitiba,PR
CUST_000063,UNIQ_000063,88172,teresina,PI
CUST_000064,UNIQ_000064,60432,belo horizonte,MG
CUST_000065,UNIQ_000065,88104,natal,RN
CUST_000066,UNIQ_000066,79352,campo grande,MS
CUST_000067,UNIQ_000067,82512,porto alegre,RS
CUST_000068,UNIQ_000068,99166,sao paulo,SP
CUST_000069,UNIQ_000069,99353,salvador,BA
CUST_000070,UNIQ_000070,44973,maceio,AL
CUST_000071,UNIQ_000071,24621,goiania,GO
CUST_000072,UNIQ_000072,66985,belem,PA
CUST_000073,UNIQ_000073,69470,curitiba,PR
CUST_000074,UNIQ_000074,44522,sao paulo,SP
CUST_000075,UNIQ_000075,33416,aracaju,SE
CUST_000076,UNIQ_000076,23947,aracaju,SE
CUST_000077,UNIQ_000077,93748,belem,PA
CUST_000078,UNIQ_000078,89818,aracaju,SE
CUST_000079,UNIQ_000079,30032,manaus,AM
CUST_000080,UNIQ_000080,31174,florianopolis,SC
CUST_000081,UNIQ_000081,79514,maceio,AL
CUST_000082,UNIQ_000082,88504,sao paulo,SP
CUST_000083,UNIQ_000083,74042,goiania,GO
CUST_000084,UNIQ_000084,24662,sao paulo,SP
CUST_000085,UNIQ_000085,50306,florianopolis,SC
CUST_000086,UNIQ_000086,17592,recife,PE
CUST_000087,UNIQ_000087,84364,recife,PE
CUST_000088,UNIQ_000088,21226,belo horizonte,MG
CUST_000089,UNIQ_000089,19071,joao pessoa,PB
CUST_000090,UNIQ_000090,26483,maceio,AL
CUST_000091,UNIQ_000091,96474,fortaleza,CE
CUST_000092,UNIQ_000092,82063,joao pessoa,PB
CUST_000093,UNIQ_000093,44741,curitiba,PR
CUST_000094,UNIQ_000094,89507,aracaju,SE
CUST_000095,UNIQ_000095,37760,teresina,PI
CUST_000096,UNIQ_000096,36365,maceio,AL
CUST_000097,UNIQ_000097,62296,belem,PA
CUST_000098,UNIQ_000098,67422,florianopolis,SC
CUST_000099,UNIQ_000099,69177,aracaju,SE
CUST_000100,UNIQ_000100,42493,salvador,BA
CUST_000101,UNIQ_000101,18392,recife,PE
CUST_000102,UNIQ_000102,12757,goiania,GO
CUST_000103,UNIQ_000103,82603,cuiaba,MT
CUST_000104,UNIQ_000104,87128,recife,PE
CUST_000105,UNIQ_000105,10942,recife,PE
CUST_000106,UNIQ_000106,92719,belo horizonte,MG
CUST_000107,UNIQ_000107,40007,rio de janeiro,RJ
CUST_000108,UNIQ_000108,14117,belo horizonte,MG
CUST_000109,UNIQ_000109,19287,goiania,GO
CUST_000110,UNIQ_000110,41195,aracaju,SE
CUST_000111,UNIQ_000111,97684,porto alegre,RS
CUST_000112,UNIQ_000112,38080,joao pessoa,PB
CUST_000113,UNIQ_000113,27342,maceio,AL
CUST_000114,UNIQ_000114,85525,cuiaba,MT
CUST_000115,UNIQ_000115,41850,joao pessoa,PB
CUST_000116,UNIQ_000116,63354,joao pessoa,PB
CUST_000117,UNIQ_000117,22363,manaus,AM
CUST_000118,UNIQ_000118,96374,salvador,BA
CUST_000119,UNIQ_000119,56438,teresina,PI
CUST_000120,UNIQ_000120,63883,teresina,PI
CUST_000121,UNIQ_000121,17100,campo grande,MS
CUST_000122,UNIQ_000122,17944,salvador,BA
CUST_000123,UNIQ_000123,54473,natal,RN
CUST_000124,UNIQ_000124,42591,salvador,BA
CUST_000125,UNIQ_000125,34931,manaus,AM
CUST_000126,UNIQ_000126,68800,maceio,AL
CUST_000127,UNIQ_000127,65296,fortaleza,CE
CUST_000128,UNIQ_000128,46509,curitiba,PR
CUST_000129,UNIQ_000129,42742,campo grande,MS
CUST_000130,UNIQ_000130,68082,belo horizonte,MG
CUST_000131,UNIQ_000131,22833,maceio,AL
CUST_000132,UNIQ_000132,95477,rio de janeiro,RJ
CUST_000133,UNIQ_000133,11934,maceio,AL
CUST_000134,UNIQ_000134,40982,belo horizonte,MG
CUST_000135,UNIQ_000135,63269,curitiba,PR
CUST_000136,UNIQ_000136,73092,joao pessoa,PB
CUST_000137,UNIQ_000137,62565,manaus,AM
CUST_000138,UNIQ_000138,31579,rio de janeiro,RJ
CUST_000139,UNIQ_000139,10282,natal,RN
CUST_000140,UNIQ_000140,44760,natal,RN
CUST_000141,UNIQ_000141,47388,campo grande,MS
CUST_000142,UNIQ_000142,82845,teresina,PI
CUST_000143,UNIQ_000143,30289,joao pessoa,PB
CUST_000144,UNIQ_000144,48890,manaus,AM
CUST_000145,UNIQ_000145,17665,manaus,AM
CUST_000146,UNIQ_000146,81066,cuiaba,MT
CUST_000147,UNIQ_000147,51104,rio de janeiro,RJ
CUST_000148,UNIQ_000148,16572,rio de janeiro,RJ
CUST_000149,UNIQ_000149,72493,cuiaba,MT
CUST_000150,UNIQ_000150,79615,aracaju,SE
CUST_000151,UNIQ_000151,17455,curitiba,PR
CUST_000152,UNIQ_000152,20500,aracaju,SE
CUST_000153,UNIQ_000153,18981,curitiba,PR
CUST_000154,UNIQ_000154,18907,porto velho,RO
CUST_000155,UNIQ_000155,62923,recife,PE
CUST_000156,UNIQ_000156,84668,salvador,BA
CUST_000157,UNIQ_000157,85880,recife,PE
CUST_000158,UNIQ_000158,15209,porto velho,RO
CUST_000159,UNIQ_000159,20745,porto velho,RO
CUST_000160,UNIQ_000160,96163,teresina,PI
CUST_000161,UNIQ_000161,84085,cuiaba,MT
CUST_000162,UNIQ_000162,51467,aracaju,SE
CUST_000163,UNIQ_000163,36772,porto alegre,RS
CUST_000164,UNIQ_000164,41285,goiania,GO
CUST_000165,UNIQ_000165,61876,porto alegre,RS
CUST_000166,UNIQ_000166,98039,fortaleza,CE
CUST_000167,UNIQ_000167,69929,belem,PA
CUST_000168,UNIQ_000168,19508,goiania,GO
CUST_000169,UNIQ_000169,70068,sao paulo,SP
CUST_000170,UNIQ_000170,83792,porto velho,RO
CUST_000171,UNIQ_000171,19602,salvador,BA
CUST_000172,UNIQ_000172,37938,maceio,AL
CUST_000173,UNIQ_000173,44760,aracaju,SE
CUST_000174,UNIQ_000174,55745,fortaleza,CE
CUST_000175,UNIQ_000175,42018,belo horizonte,MG
CUST_000176,UNIQ_000176,47353,florianopolis,SC
CUST_000177,UNIQ_000177,67433,curitiba,PR
CUST_000178,UNIQ_000178,49651,maceio,AL
CUST_000179,UNIQ_000179,95717,porto velho,RO
CUST_000180,UNIQ_000180,11025,aracaju,SE
CUST_000181,UNIQ_000181,49240,maceio,AL
CUST_000182,UNIQ_000182,27601,salvador,BA
CUST_000183,UNIQ_000183,25129,porto alegre,RS
CUST_000184,UNIQ_000184,82512,salvador,BA
CUST_000185,UNIQ_000185,45697,fortaleza,CE
CUST_000186,UNIQ_000186,89276,belem,PA
CUST_000187,UNIQ_000187,54942,manaus,AM
CUST_000188,UNIQ_000188,93130,manaus,AM
CUST_000189,UNIQ_000189,76244,porto alegre,RS
CUST_000190,UNIQ_000190,42914,joao pessoa,PB
CUST_000191,UNIQ_000191,22097,rio de janeiro,RJ
CUST_000192,UNIQ_000192,46265,teresina,PI
CUST_000193,UNIQ_000193,10464,rio de janeiro,RJ
CUST_000194,UNIQ_000194,27146,goiania,GO
CUST_000195,UNIQ_000195,31178,porto alegre,RS
CUST_000196,UNIQ_000196,82309,campo grande,MS
CUST_000197,UNIQ_000197,83519,teresina,PI
CUST_000198,UNIQ_000198,24663,sao paulo,SP
CUST_000199,UNIQ_000199,29536,belo horizonte,MG
CUST_000200,UNIQ_000200,14722,maceio,AL
CUST_000201,UNIQ_000201,86350,florianopolis,SC
CUST_000202,UNIQ_000202,29410,maceio,AL
CUST_000203,UNIQ_000203,26704,teresina,PI
CUST_000204,UNIQ_000204,50404,rio de janeiro,RJ
CUST_000205,UNIQ_000205,15229,florianopolis,SC
CUST_000206,UNIQ_000206,37535,florianopolis,SC
CUST_000207,UNIQ_000207,97416,recife,PE
CUST_000208,UNIQ_000208,56357,salvador,BA
CUST_000209,UNIQ_000209,63264,maceio,AL
CUST_000210,UNIQ_000210,30257,porto velho,RO
CUST_000211,UNIQ_000211,31299,recife,PE
CUST_000212,UNIQ_000212,64040,curitiba,PR
CUST_000213,UNIQ_000213,33509,sao paulo,SP
CUST_000214,UNIQ_000214,63964,goiania,GO
CUST_000215,UNIQ_000215,44970,recife,PE
CUST_000216,UNIQ_000216,24168,curitiba,PR
CUST_000217,UNIQ_000217,15075,natal,RN
CUST_000218,UNIQ_000218,39154,joao pessoa,PB
CUST_000219,UNIQ_000219,70332,manaus,AM
CUST_000220,UNIQ_000220,50001,florianopolis,SC
CUST_000221,UNIQ_000221,39219,recife,PE
CUST_000222,UNIQ_000222,96511,sao paulo,SP
CUST_000223,UNIQ_000223,62227,manaus,AM
CUST_000224,UNIQ_000224,46517,goiania,GO
CUST_000225,UNIQ_000225,46585,belo horizonte,MG
CUST_000226,UNIQ_000226,94080,florianopolis,SC
CUST_000227,UNIQ_000227,62386,aracaju,SE
CUST_000228,UNIQ_000228,53404,maceio,AL
CUST_000229,UNIQ_000229,25118,sao paulo,SP
CUST_000230,UNIQ_000230,33405,porto alegre,RS
CUST_000231,UNIQ_000231,44795,cuiaba,MT
CUST_000232,UNIQ_000232,24208,rio de janeiro,RJ
CUST_000233,UNIQ_000233,66959,porto velho,RO
CUST_000234,UNIQ_000234,51114,florianopolis,SC
CUST_000235,UNIQ_000235,89457,teresina,PI
CUST_000236,UNIQ_000236,25157,aracaju,SE
CUST_000237,UNIQ_000237,85574,natal,RN
CUST_000238,UNIQ_000238,43386,manaus,AM
CUST_000239,UNIQ_000239,67154,rio de janeiro,RJ
CUST_000240,UNIQ_000240,78146,sao paulo,SP
CUST_000241,UNIQ_000241,97900,maceio,AL
CUST_000242,UNIQ_000242,57739,manaus,AM
CUST_000243,UNIQ_000243,19171,teresina,PI
CUST_000244,UNIQ_000244,91678,goiania,GO
CUST_000245,UNIQ_000245,96951,goiania,GO
CUST_000246,UNIQ_000246,49363,salvador,BA
CUST_000247,UNIQ_000247,50538,aracaju,SE
CUST_000248,UNIQ_000248,52753,teresina,PI
CUST_000249,UNIQ_000249,48752,natal,RN
CUST_000250,UNIQ_000250,26683,maceio,AL
CUST_000251,UNIQ_000251,65108,manaus,AM
CUST_000252,UNIQ_000252,98777,natal,RN
CUST_000253,UNIQ_000253,90676,curitiba,PR
CUST_000254,UNIQ_000254,49446,cuiaba,MT
CUST_000255,UNIQ_000255,81819,natal,RN
CUST_000256,UNIQ_000256,49829,sao paulo,SP
CUST_000257,UNIQ_000257,37549,belem,PA
CUST_000258,UNIQ_000258,86019,teresina,PI
CUST_000259,UNIQ_000259,95813,porto velho,RO
CUST_000260,UNIQ_000260,70946,goiania,GO
CUST_000261,UNIQ_000261,67954,campo grande,MS
CUST_000262,UNIQ_000262,77000,manaus,AM
CUST_000263,UNIQ_000263,32241,joao pessoa,PB
CUST_000264,UNIQ_000264,47196,belo horizonte,MG
CUST_000265,UNIQ_000265,97012,aracaju,SE
CUST_000266,UNIQ_000266,53933,porto velho,RO
CUST_000267,UNIQ_000267,40784,belo horizonte,MG
CUST_000268,UNIQ_000268,39444,belem,PA
CUST_000269,UNIQ_000269,29313,manaus,AM
CUST_000270,UNIQ_000270,16057,sao paulo,SP
CUST_000271,UNIQ_000271,72277,recife,PE
CUST_000272,UNIQ_000272,19545,porto velho,RO
CUST_000273,UNIQ_000273,64321,campo grande,MS
CUST_000274,UNIQ_000274,35485,cuiaba,MT
CUST_000275,UNIQ_000275,74799,natal,RN
CUST_000276,UNIQ_000276,41979,natal,RN
CUST_000277,UNIQ_000277,95990,fortaleza,CE
CUST_000278,UNIQ_000278,23970,sao paulo,SP
CUST_000279,UNIQ_000279,38683,teresina,PI
CUST_000280,UNIQ_000280,77889,curitiba,PR
CUST_000281,UNIQ_000281,16582,campo grande,MS
CUST_000282,UNIQ_000282,42662,maceio,AL
CUST_000283,UNIQ_000283,69829,salvador,BA
CUST_000284,UNIQ_000284,70901,fortaleza,CE
CUST_000285,UNIQ_000285,83259,aracaju,SE
CUST_000286,UNIQ_000286,51588,porto velho,RO
CUST_000287,UNIQ_000287,90301,campo grande,MS
CUST_000288,UNIQ_000288,65933,aracaju,SE
CUST_000289,UNIQ_000289,68446,maceio,AL
CUST_000290,UNIQ_000290,72216,curitiba,PR
CUST_000291,UNIQ_000291,43972,campo grande,MS
CUST_000292,UNIQ_000292,93579,recife,PE
CUST_000293,UNIQ_000293,78327,porto alegre,RS
CUST_000294,UNIQ_000294,92149,joao pessoa,PB
CUST_000295,UNIQ_000295,45992,recife,PE
CUST_000296,UNIQ_000296,20155,campo grande,MS
CUST_000297,UNIQ_000297,40735,belem,PA
CUST_000298,UNIQ_000298,54020,porto alegre,RS
CUST_000299,UNIQ_000299,80798,goiania,GO
CUST_000300,UNIQ_000300,28136,belo horizonte,MG
CUST_000301,UNIQ_000301,40311,fortaleza,CE
CUST_000302,UNIQ_000302,30028,natal,RN
CUST_000303,UNIQ_000303,18418,manaus,AM
CUST_000304,UNIQ_000304,63424,teresina,PI
CUST_000305,UNIQ_000305,81121,goiania,GO
CUST_000306,UNIQ_000306,64496,campo grande,MS
CUST_000307,UNIQ_000307,37110,rio de janeiro,RJ
CUST_000308,UNIQ_000308,61049,teresina,PI
CUST_000309,UNIQ_000309,12560,cuiaba,MT
CUST_000310,UNIQ_000310,59857,cuiaba,MT
CUST_000311,UNIQ_000311,10772,joao pessoa,PB
CUST_000312,UNIQ_000312,49139,florianopolis,SC
CUST_000313,UNIQ_000313,64921,natal,RN
CUST_000314,UNIQ_000314,81582,maceio,AL
CUST_000315,UNIQ_000315,38906,porto velho,RO
CUST_000316,UNIQ_000316,38760,joao pessoa,PB
CUST_000317,UNIQ_000317,67125,porto alegre,RS
CUST_000318,UNIQ_000318,13804,joao pessoa,PB
CUST_000319,UNIQ_000319,54057,natal,RN
CUST_000320,UNIQ_000320,31632,natal,RN
CUST_000321,UNIQ_000321,26728,campo grande,MS
CUST_000322,UNIQ_000322,80008,porto velho,RO
CUST_000323,UNIQ_000323,61645,sao paulo,SP
CUST_000324,UNIQ_000324,83975,cuiaba,MT
CUST_000325,UNIQ_000325,21003,sao paulo,SP
CUST_000326,UNIQ_000326,27786,teresina,PI
CUST_000327,UNIQ_000327,33819,campo grande,MS
CUST_000328,UNIQ_000328,44099,rio de janeiro,RJ
CUST_000329,UNIQ_000329,52906,natal,RN
CUST_000330,UNIQ_000330,69598,manaus,AM
CUST_000331,UNIQ_000331,54236,goiania,GO
CUST_000332,UNIQ_000332,46471,natal,RN
CUST_000333,UNIQ_000333,43065,teresina,PI
CUST_000334,UNIQ_000334,71644,belo horizonte,MG
CUST_000335,UNIQ_000335,80702,sao paulo,SP
CUST_000336,UNIQ_000336,55870,rio de janeiro,RJ
CUST_000337,UNIQ_000337,95215,recife,PE
CUST_000338,UNIQ_000338,95426,belo horizonte,MG
CUST_000339,UNIQ_000339,14067,rio de janeiro,RJ
CUST_000340,UNIQ_000340,36130,recife,PE
CUST_000341,UNIQ_000341,91439,sao paulo,SP
CUST_000342,UNIQ_000342,41266,fortaleza,CE
CUST_000343,UNIQ_000343,72070,fortaleza,CE
CUST_000344,UNIQ_000344,83920,salvador,BA
CUST_000345,UNIQ_000345,70952,manaus,AM
CUST_000346,UNIQ_000346,58351,porto alegre,RS
CUST_000347,UNIQ_000347,89415,curitiba,PR
CUST_000348,UNIQ_000348,25012,porto velho,RO
CUST_000349,UNIQ_000349,50768,curitiba,PR
CUST_000350,UNIQ_000350,85849,salvador,BA
CUST_000351,UNIQ_000351,50888,sao paulo,SP
CUST_000352,UNIQ_000352,98781,cuiaba,MT
CUST_000353,UNIQ_000353,61990,natal,RN
CUST_000354,UNIQ_000354,19961,manaus,AM
CUST_000355,UNIQ_000355,92213,cuiaba,MT
CUST_000356,UNIQ_000356,23356,recife,PE
CUST_000357,UNIQ_000357,99687,belem,PA
CUST_000358,UNIQ_000358,25866,porto velho,RO
CUST_000359,UNIQ_000359,15383,cuiaba,MT
CUST_000360,UNIQ_000360,79827,florianopolis,SC
CUST_000361,UNIQ_000361,96706,teresina,PI
CUST_000362,UNIQ_000362,19038,florianopolis,SC
CUST_000363,UNIQ_000363,94874,aracaju,SE
CUST_000364,UNIQ_000364,11658,goiania,GO
CUST_000365,UNIQ_000365,74251,teresina,PI
CUST_000366,UNIQ_000366,66822,salvador,BA
CUST_000367,UNIQ_000367,93307,florianopolis,SC
CUST_000368,UNIQ_000368,30052,campo grande,MS
CUST_000369,UNIQ_000369,33086,teresina,PI
CUST_000370,UNIQ_000370,95256,aracaju,SE
CUST_000371,UNIQ_000371,90728,porto alegre,RS
CUST_000372,UNIQ_000372,73372,maceio,AL
CUST_000373,UNIQ_000373,67091,campo grande,MS
CUST_000374,UNIQ_000374,45179,cuiaba,MT
CUST_000375,UNIQ_000375,42177,goiania,GO
CUST_000376,UNIQ_000376,46559,belo horizonte,MG
CUST_000377,UNIQ_000377,41963,campo grande,MS
CUST_000378,UNIQ_000378,84691,campo grande,MS
CUST_000379,UNIQ_000379,97580,porto velho,RO
CUST_000380,UNIQ_000380,54092,natal,RN
CUST_000381,UNIQ_000381,74789,sao paulo,SP
CUST_000382,UNIQ_000382,33834,goiania,GO
CUST_000383,UNIQ_000383,37802,joao pessoa,PB
CUST_000384,UNIQ_000384,43862,florianopolis,SC
CUST_000385,UNIQ_000385,46655,goiania,GO
CUST_000386,UNIQ_000386,46211,porto velho,RO
CUST_000387,UNIQ_000387,11330,maceio,AL
CUST_000388,UNIQ_000388,35042,aracaju,SE
CUST_000389,UNIQ_000389,41635,belo horizonte,MG
CUST_000390,UNIQ_000390,74038,teresina,PI
CUST_000391,UNIQ_000391,41499,maceio,AL
CUST_000392,UNIQ_000392,94659,joao pessoa,PB
CUST_000393,UNIQ_000393,68743,joao pessoa,PB
CUST_000394,UNIQ_000394,22196,sao paulo,SP
CUST_000395,UNIQ_000395,39045,belem,PA
CUST_000396,UNIQ_000396,41890,natal,RN
CUST_000397,UNIQ_000397,97026,belem,PA
CUST_000398,UNIQ_000398,58368,cuiaba,MT
CUST_000399,UNIQ_000399,82544,joao pessoa,PB
CUST_000400,UNIQ_000400,55056,aracaju,SE
CUST_000401,UNIQ_000401,82140,teresina,PI
CUST_000402,UNIQ_000402,56112,goiania,GO
CUST_000403,UNIQ_000403,45509,campo grande,MS
CUST_000404,UNIQ_000404,42951,belem,PA
CUST_000405,UNIQ_000405,25814,recife,PE
CUST_000406,UNIQ_000406,51359,manaus,AM
CUST_000407,UNIQ_000407,80236,salvador,BA
CUST_000408,UNIQ_000408,35105,curitiba,PR
CUST_000409,UNIQ_000409,73464,manaus,AM
CUST_000410,UNIQ_000410,87278,porto alegre,RS
CUST_000411,UNIQ_000411,88222,aracaju,SE
CUST_000412,UNIQ_000412,23176,belem,PA
CUST_000413,UNIQ_000413,48829,manaus,AM
CUST_000414,UNIQ_000414,57301,recife,PE
CUST_000415,UNIQ_000415,49618,curitiba,PR
CUST_000416,UNIQ_000416,80010,sao paulo,SP
CUST_000417,UNIQ_000417,45954,fortaleza,CE
CUST_000418,UNIQ_000418,17146,rio de janeiro,RJ
CUST_000419,UNIQ_000419,48290,maceio,AL
CUST_000420,UNIQ_000420,93606,fortaleza,CE
CUST_000421,UNIQ_000421,23446,joao pessoa,PB
CUST_000422,UNIQ_000422,85243,sao paulo,SP
CUST_000423,UNIQ_000423,71524,belem,PA
CUST_000424,UNIQ_000424,67733,joao pessoa,PB
CUST_000425,UNIQ_000425,34164,goiania,GO
CUST_000426,UNIQ_000426,43092,rio de janeiro,RJ
CUST_000427,UNIQ_000427,24953,joao pessoa,PB
CUST_000428,UNIQ_000428,62521,belo horizonte,MG
CUST_000429,UNIQ_000429,19710,joao pessoa,PB
CUST_000430,UNIQ_000430,92502,cuiaba,MT
CUST_000431,UNIQ_000431,29887,rio de janeiro,RJ
CUST_000432,UNIQ_000432,83772,fortaleza,CE
CUST_000433,UNIQ_000433,21164,belem,PA
CUST_000434,UNIQ_000434,25525,recife,PE
CUST_000435,UNIQ_000435,64548,maceio,AL
CUST_000436,UNIQ_000436,88135,porto velho,RO
CUST_000437,UNIQ_000437,39581,porto velho,RO
CUST_000438,UNIQ_000438,59856,aracaju,SE
CUST_000439,UNIQ_000439,68028,campo grande,MS
CUST_000440,UNIQ_000440,87139,belem,PA
CUST_000441,UNIQ_000441,50026,teresina,PI
CUST_000442,UNIQ_000442,91399,cuiaba,MT
CUST_000443,UNIQ_000443,89905,rio de janeiro,RJ
CUST_000444,UNIQ_000444,37235,salvador,BA
CUST_000445,UNIQ_000445,44687,manaus,AM
CUST_000446,UNIQ_000446,30585,belo horizonte,MG
CUST_000447,UNIQ_000447,32782,recife,PE
CUST_000448,UNIQ_000448,19838,maceio,AL
CUST_000449,UNIQ_000449,10350,curitiba,PR
CUST_000450,UNIQ_000450,69048,teresina,PI
CUST_000451,UNIQ_000451,71592,porto velho,RO
CUST_000452,UNIQ_000452,14278,belem,PA
CUST_000453,UNIQ_000453,47762,recife,PE
CUST_000454,UNIQ_000454,69510,belem,PA
CUST_000455,UNIQ_000455,40595,belo horizonte,MG
CUST_000456,UNIQ_000456,91927,porto alegre,RS
CUST_000457,UNIQ_000457,96662,cuiaba,MT
CUST_000458,UNIQ_000458,65723,manaus,AM
CUST_000459,UNIQ_000459,81376,salvador,BA
CUST_000460,UNIQ_000460,94886,recife,PE
CUST_000461,UNIQ_000461,44816,fortaleza,CE
CUST_000462,UNIQ_000462,19359,fortaleza,CE
CUST_000463,UNIQ_000463,31747,rio de janeiro,RJ
CUST_000464,UNIQ_000464,87993,belem,PA
CUST_000465,UNIQ_000465,47828,cuiaba,MT
CUST_000466,UNIQ_000466,26299,campo grande,MS
CUST_000467,UNIQ_000467,49857,campo grande,MS
CUST_000468,UNIQ_000468,45683,natal,RN
CUST_000469,UNIQ_000469,80776,aracaju,SE
CUST_000470,UNIQ_000470,67377,joao pessoa,PB
CUST_000471,UNIQ_000471,88385,belo horizonte,MG
CUST_000472,UNIQ_000472,66626,rio de janeiro,RJ
CUST_000473,UNIQ_000473,89129,goiania,GO
CUST_000474,UNIQ_000474,13390,porto alegre,RS
CUST_000475,UNIQ_000475,40005,belo horizonte,MG
CUST_000476,UNIQ_000476,86955,cuiaba,MT
CUST_000477,UNIQ_000477,98117,sao paulo,SP
CUST_000478,UNIQ_000478,85529,porto alegre,RS
CUST_000479,UNIQ_000479,32962,rio de janeiro,RJ
CUST_000480,UNIQ_000480,78021,joao pessoa,PB
CUST_000481,UNIQ_000481,46458,campo grande,MS
CUST_000482,UNIQ_000482,86720,curitiba,PR
CUST_000483,UNIQ_000483,93202,teresina,PI
CUST_000484,UNIQ_000484,21959,joao pessoa,PB
CUST_000485,UNIQ_000485,55607,joao pessoa,PB
CUST_000486,UNIQ_000486,53687,teresina,PI
CUST_000487,UNIQ_000487,97835,goiania,GO
CUST_000488,UNIQ_000488,31079,salvador,BA
CUST_000489,UNIQ_000489,63955,goiania,GO
CUST_000490,UNIQ_000490,47777,joao pessoa,PB
CUST_000491,UNIQ_000491,82102,natal,RN
CUST_000492,UNIQ_000492,69614,rio de janeiro,RJ
CUST_000493,UNIQ_000493,51224,belo horizonte,MG
CUST_000494,UNIQ_000494,52372,porto alegre,RS
CUST_000495,UNIQ_000495,62976,salvador,BA
CUST_000496,UNIQ_000496,10150,aracaju,SE
CUST_000497,UNIQ_000497,70552,maceio,AL
CUST_000498,UNIQ_000498,17104,teresina,PI
CUST_000499,UNIQ_000499,77952,manaus,AM
CUST_000500,UNIQ_000500,91609,florianopolis,SC
CUST_000501,UNIQ_000501,91973,joao pessoa,PB
CUST_000502,UNIQ_000502,16764,campo grande,MS
CUST_000503,UNIQ_000503,45003,manaus,AM
CUST_000504,UNIQ_000504,27172,maceio,AL
CUST_000505,UNIQ_000505,67424,belem,PA
CUST_000506,UNIQ_000506,25915,joao pessoa,PB
CUST_000507,UNIQ_000507,92578,sao paulo,SP
CUST_000508,UNIQ_000508,41365,porto velho,RO
CUST_000509,UNIQ_000509,50730,curitiba,PR
CUST_000510,UNIQ_000510,11792,maceio,AL
CUST_000511,UNIQ_000511,63476,maceio,AL
CUST_000512,UNIQ_000512,39451,belo horizonte,MG
CUST_000513,UNIQ_000513,70482,salvador,BA
CUST_000514,UNIQ_000514,94896,salvador,BA
CUST_000515,UNIQ_000515,75323,fortaleza,CE
CUST_000516,UNIQ_000516,76698,belem,PA
CUST_000517,UNIQ_000517,64459,porto alegre,RS
CUST_000518,UNIQ_000518,71894,joao pessoa,PB
CUST_000519,UNIQ_000519,69871,recife,PE
CUST_000520,UNIQ_000520,28958,maceio,AL
CUST_000521,UNIQ_000521,34983,natal,RN
CUST_000522,UNIQ_000522,76616,porto velho,RO
CUST_000523,UNIQ_000523,19150,fortaleza,CE
CUST_000524,UNIQ_000524,64387,porto alegre,RS
CUST_000525,UNIQ_000525,76550,goiania,GO
CUST_000526,UNIQ_000526,10336,porto alegre,RS
CUST_000527,UNIQ_000527,49132,belem,PA
CUST_000528,UNIQ_000528,86011,cuiaba,MT
CUST_000529,UNIQ_000529,29476,joao pessoa,PB
CUST_000530,UNIQ_000530,80592,campo grande,MS
CUST_000531,UNIQ_000531,55236,joao pessoa,PB
CUST_000532,UNIQ_000532,82340,goiania,GO
CUST_000533,UNIQ_000533,59441,maceio,AL
CUST_000534,UNIQ_000534,52176,campo grande,MS
CUST_000535,UNIQ_000535,41300,manaus,AM
CUST_000536,UNIQ_000536,60196,cuiaba,MT
CUST_000537,UNIQ_000537,63841,recife,PE
CUST_000538,UNIQ_000538,51704,rio de janeiro,RJ
CUST_000539,UNIQ_000539,59968,joao pessoa,PB
CUST_000540,UNIQ_000540,96991,natal,RN
CUST_000541,UNIQ_000541,74923,fortaleza,CE
CUST_000542,UNIQ_000542,26547,rio de janeiro,RJ
CUST_000543,UNIQ_000543,87356,aracaju,SE
CUST_000544,UNIQ_000544,23154,goiania,GO
CUST_000545,UNIQ_000545,23069,campo grande,MS
CUST_000546,UNIQ_000546,69890,aracaju,SE
CUST_000547,UNIQ_000547,28894,sao paulo,SP
CUST_000548,UNIQ_000548,95823,teresina,PI
CUST_000549,UNIQ_000549,19807,fortaleza,CE
CUST_000550,UNIQ_000550,44737,joao pessoa,PB
CUST_000551,UNIQ_000551,91691,goiania,GO
CUST_000552,UNIQ_000552,95175,natal,RN
CUST_000553,UNIQ_000553,53065,belo horizonte,MG
CUST_000554,UNIQ_000554,59808,maceio,AL
CUST_000555,UNIQ_000555,92155,goiania,GO
CUST_000556,UNIQ_000556,80912,joao pessoa,PB
CUST_000557,UNIQ_000557,90931,rio de janeiro,RJ
CUST_000558,UNIQ_000558,40771,belo horizonte,MG
CUST_000559,UNIQ_000559,39817,belem,PA
CUST_000560,UNIQ_000560,66881,belo horizonte,MG
CUST_000561,UNIQ_000561,93066,salvador,BA
CUST_000562,UNIQ_000562,68153,salvador,BA
CUST_000563,UNIQ_000563,49251,curitiba,PR
CUST_000564,UNIQ_000564,16028,sao paulo,SP
CUST_000565,UNIQ_000565,17355,goiania,GO
CUST_000566,UNIQ_000566,56984,belem,PA
CUST_000567,UNIQ_000567,66450,florianopolis,SC
CUST_000568,UNIQ_000568,42007,fortaleza,CE
CUST_000569,UNIQ_000569,64008,aracaju,SE
CUST_000570,UNIQ_000570,99364,cuiaba,MT
CUST_000571,UNIQ_000571,32280,curitiba,PR
CUST_000572,UNIQ_000572,20350,curitiba,PR
CUST_000573,UNIQ_000573,60140,porto velho,RO
CUST_000574,UNIQ_000574,99539,porto velho,RO
CUST_000575,UNIQ_000575,75230,recife,PE
CUST_000576,UNIQ_000576,28758,cuiaba,MT
CUST_000577,UNIQ_000577,70443,recife,PE
CUST_000578,UNIQ_000578,70236,porto alegre,RS
CUST_000579,UNIQ_000579,97404,porto alegre,RS
CUST_000580,UNIQ_000580,70981,sao paulo,SP
CUST_000581,UNIQ_000581,98815,belem,PA
CUST_000582,UNIQ_000582,30706,maceio,AL
CUST_000583,UNIQ_000583,67898,belo horizonte,MG
CUST_000584,UNIQ_000584,87014,florianopolis,SC
CUST_000585,UNIQ_000585,93746,belem,PA
CUST_000586,UNIQ_000586,42780,teresina,PI
CUST_000587,UNIQ_000587,49599,campo grande,MS
CUST_000588,UNIQ_000588,60422,manaus,AM
CUST_000589,UNIQ_000589,23979,joao pessoa,PB
CUST_000590,UNIQ_000590,59986,recife,PE
CUST_000591,UNIQ_000591,57049,cuiaba,MT
CUST_000592,UNIQ_000592,48780,cuiaba,MT
CUST_000593,UNIQ_000593,12875,belem,PA
CUST_000594,UNIQ_000594,45976,natal,RN
CUST_000595,UNIQ_000595,84177,sao paulo,SP
CUST_000596,UNIQ_000596,89482,rio de janeiro,RJ
CUST_000597,UNIQ_000597,47512,joao pessoa,PB
CUST_000598,UNIQ_000598,89569,recife,PE
CUST_000599,UNIQ_000599,38705,florianopolis,SC
CUST_000600,UNIQ_000600,91381,manaus,AM
CUST_000601,UNIQ_000601,98835,porto alegre,RS
CUST_000602,UNIQ_000602,92345,fortaleza,CE
CUST_000603,UNIQ_000603,92242,salvador,BA
CUST_000604,UNIQ_000604,50492,rio de janeiro,RJ
CUST_000605,UNIQ_000605,14373,campo grande,MS
CUST_000606,UNIQ_000606,57823,cuiaba,MT
CUST_000607,UNIQ_000607,21813,fortaleza,CE
CUST_000608,UNIQ_000608,52823,belem,PA
CUST_000609,UNIQ_000609,33021,teresina,PI
CUST_000610,UNIQ_000610,27322,manaus,AM
CUST_000611,UNIQ_000611,57953,maceio,AL
CUST_000612,UNIQ_000612,75771,aracaju,SE
CUST_000613,UNIQ_000613,31567,porto alegre,RS
CUST_000614,UNIQ_000614,73156,porto alegre,RS
CUST_000615,UNIQ_000615,54396,belem,PA
CUST_000616,UNIQ_000616,71385,salvador,BA
CUST_000617,UNIQ_000617,28449,belo horizonte,MG
CUST_000618,UNIQ_000618,98647,recife,PE
CUST_000619,UNIQ_000619,83048,natal,RN
CUST_000620,UNIQ_000620,21836,florianopolis,SC
CUST_000621,UNIQ_000621,11824,natal,RN
CUST_000622,UNIQ_000622,80329,porto alegre,RS
CUST_000623,UNIQ_000623,69609,salvador,BA
CUST_000624,UNIQ_000624,98188,florianopolis,SC
CUST_000625,UNIQ_000625,86619,porto alegre,RS
CUST_000626,UNIQ_000626,93695,natal,RN
CUST_000627,UNIQ_000627,24201,florianopolis,SC
CUST_000628,UNIQ_000628,71797,recife,PE
CUST_000629,UNIQ_000629,91205,sao paulo,SP
CUST_000630,UNIQ_000630,52992,maceio,AL
CUST_000631,UNIQ_000631,39015,porto velho,RO
CUST_000632,UNIQ_000632,93283,belo horizonte,MG
CUST_000633,UNIQ_000633,49608,campo grande,MS
CUST_000634,UNIQ_000634,25292,teresina,PI
CUST_000635,UNIQ_000635,15943,fortaleza,CE
CUST_000636,UNIQ_000636,49893,rio de janeiro,RJ
CUST_000637,UNIQ_000637,25220,joao pessoa,PB
CUST_000638,UNIQ_000638,40775,salvador,BA
CUST_000639,UNIQ_000639,27781,maceio,AL
CUST_000640,UNIQ_000640,69459,natal,RN
CUST_000641,UNIQ_000641,97881,florianopolis,SC
CUST_000642,UNIQ_000642,64935,maceio,AL
CUST_000643,UNIQ_000643,30253,cuiaba,MT
CUST_000644,UNIQ_000644,95841,teresina,PI
CUST_000645,UNIQ_000645,74139,salvador,BA
CUST_000646,UNIQ_000646,63492,porto velho,RO
CUST_000647,UNIQ_000647,14288,porto alegre,RS
CUST_000648,UNIQ_000648,38477,florianopolis,SC
CUST_000649,UNIQ_000649,68287,campo grande,MS
CUST_000650,UNIQ_000650,57537,recife,PE
CUST_000651,UNIQ_000651,99873,salvador,BA
CUST_000652,UNIQ_000652,81364,florianopolis,SC
CUST_000653,UNIQ_000653,17936,florianopolis,SC
CUST_000654,UNIQ_000654,46160,natal,RN
CUST_000655,UNIQ_000655,26011,manaus,AM
CUST_000656,UNIQ_000656,22015,campo grande,MS
CUST_000657,UNIQ_000657,94109,manaus,AM
CUST_000658,UNIQ_000658,12799,porto velho,RO
CUST_000659,UNIQ_000659,53713,rio de janeiro,RJ
CUST_000660,UNIQ_000660,26505,recife,PE
CUST_000661,UNIQ_000661,36896,cuiaba,MT
CUST_000662,UNIQ_000662,82641,belo horizonte,MG
CUST_000663,UNIQ_000663,86858,manaus,AM
CUST_000664,UNIQ_000664,40539,manaus,AM
CUST_000665,UNIQ_000665,29340,goiania,GO
CUST_000666,UNIQ_000666,10371,porto velho,RO
CUST_000667,UNIQ_000667,28964,porto alegre,RS
CUST_000668,UNIQ_000668,80807,fortaleza,CE
CUST_000669,UNIQ_000669,32871,porto alegre,RS
CUST_000670,UNIQ_000670,96646,salvador,BA
CUST_000671,UNIQ_000671,27275,sao paulo,SP
CUST_000672,UNIQ_000672,56955,sao paulo,SP
CUST_000673,UNIQ_000673,87182,recife,PE
CUST_000674,UNIQ_000674,12068,goiania,GO
CUST_000675,UNIQ_000675,44782,curitiba,PR
CUST_000676,UNIQ_000676,26614,rio de janeiro,RJ
CUST_000677,UNIQ_000677,78955,teresina,PI
CUST_000678,UNIQ_000678,18330,salvador,BA
CUST_000679,UNIQ_000679,68756,joao pessoa,PB
CUST_000680,UNIQ_000680,77271,florianopolis,SC
CUST_000681,UNIQ_000681,24293,cuiaba,MT
CUST_000682,UNIQ_000682,76039,campo grande,MS
CUST_000683,UNIQ_000683,90623,recife,PE
CUST_000684,UNIQ_000684,96363,rio de janeiro,RJ
CUST_000685,UNIQ_000685,49535,aracaju,SE
CUST_000686,UNIQ_000686,94323,campo grande,MS
CUST_000687,UNIQ_000687,17972,sao paulo,SP
CUST_000688,UNIQ_000688,62640,joao pessoa,PB
CUST_000689,UNIQ_000689,99928,teresina,PI
CUST_000690,UNIQ_000690,74260,salvador,BA
CUST_000691,UNIQ_000691,19632,campo grande,MS
CUST_000692,UNIQ_000692,52219,belo horizonte,MG
CUST_000693,UNIQ_000693,29442,porto velho,RO
CUST_000694,UNIQ_000694,26540,belo horizonte,MG
CUST_000695,UNIQ_000695,91830,porto alegre,RS
CUST_000696,UNIQ_000696,81874,cuiaba,MT
CUST_000697,UNIQ_000697,59925,goiania,GO
CUST_000698,UNIQ_000698,79541,porto velho,RO
CUST_000699,UNIQ_000699,69469,belem,PA
CUST_000700,UNIQ_000700,89354,aracaju,SE
CUST_000701,UNIQ_000701,22999,teresina,PI
CUST_000702,UNIQ_000702,95814,salvador,BA
CUST_000703,UNIQ_000703,38183,maceio,AL
CUST_000704,UNIQ_000704,69186,teresina,PI
CUST_000705,UNIQ_000705,64239,recife,PE
CUST_000706,UNIQ_000706,69441,goiania,GO
CUST_000707,UNIQ_000707,64524,natal,RN
CUST_000708,UNIQ_000708,50966,salvador,BA
CUST_000709,UNIQ_000709,50963,teresina,PI
CUST_000710,UNIQ_000710,59060,porto alegre,RS
CUST_000711,UNIQ_000711,72163,fortaleza,CE
CUST_000712,UNIQ_000712,21957,belo horizonte,MG
CUST_000713,UNIQ_000713,22219,belo horizonte,MG
CUST_000714,UNIQ_000714,22656,teresina,PI
CUST_000715,UNIQ_000715,27054,florianopolis,SC
CUST_000716,UNIQ_000716,17861,maceio,AL
CUST_000717,UNIQ_000717,83608,cuiaba,MT
CUST_000718,UNIQ_000718,53207,maceio,AL
CUST_000719,UNIQ_000719,63845,salvador,BA
CUST_000720,UNIQ_000720,97207,florianopolis,SC
CUST_000721,UNIQ_000721,16743,teresina,PI
CUST_000722,UNIQ_000722,88696,belem,PA
CUST_000723,UNIQ_000723,56090,belem,PA
CUST_000724,UNIQ_000724,85748,salvador,BA
CUST_000725,UNIQ_000725,37884,aracaju,SE
CUST_000726,UNIQ_000726,96079,fortaleza,CE
CUST_000727,UNIQ_000727,39392,joao pessoa,PB
CUST_000728,UNIQ_000728,55890,salvador,BA
CUST_000729,UNIQ_000729,58176,maceio,AL
CUST_000730,UNIQ_000730,46512,salvador,BA
CUST_000731,UNIQ_000731,39643,cuiaba,MT
CUST_000732,UNIQ_000732,83526,teresina,PI
CUST_000733,UNIQ_000733,90422,porto velho,RO
CUST_000734,UNIQ_000734,13441,maceio,AL
CUST_000735,UNIQ_000735,96223,porto velho,RO
CUST_000736,UNIQ_000736,13794,porto alegre,RS
CUST_000737,UNIQ_000737,45818,curitiba,PR
CUST_000738,UNIQ_000738,54541,belem,PA
CUST_000739,UNIQ_000739,10800,florianopolis,SC
CUST_000740,UNIQ_000740,28776,curitiba,PR
CUST_000741,UNIQ_000741,96159,cuiaba,MT
CUST_000742,UNIQ_000742,19120,natal,RN
CUST_000743,UNIQ_000743,92991,fortaleza,CE
CUST_000744,UNIQ_000744,22026,sao paulo,SP
CUST_000745,UNIQ_000745,38197,aracaju,SE
CUST_000746,UNIQ_000746,65028,natal,RN
CUST_000747,UNIQ_000747,54681,campo grande,MS
CUST_000748,UNIQ_000748,58503,curitiba,PR
CUST_000749,UNIQ_000749,52517,belem,PA
CUST_000750,UNIQ_000750,88148,cuiaba,MT
CUST_000751,UNIQ_000751,16895,belo horizonte,MG
CUST_000752,UNIQ_000752,30632,fortaleza,CE
CUST_000753,UNIQ_000753,16522,porto velho,RO
CUST_000754,UNIQ_000754,45665,belo horizonte,MG
CUST_000755,UNIQ_000755,96761,campo grande,MS
CUST_000756,UNIQ_000756,73656,teresina,PI
CUST_000757,UNIQ_000757,67939,porto velho,RO
CUST_000758,UNIQ_000758,45804,teresina,PI
CUST_000759,UNIQ_000759,77154,manaus,AM
CUST_000760,UNIQ_000760,55242,salvador,BA
CUST_000761,UNIQ_000761,24534,teresina,PI
CUST_000762,UNIQ_000762,98895,belem,PA
CUST_000763,UNIQ_000763,73783,cuiaba,MT
CUST_000764,UNIQ_000764,97442,aracaju,SE
CUST_000765,UNIQ_000765,15952,belem,PA
CUST_000766,UNIQ_000766,61807,recife,PE
CUST_000767,UNIQ_000767,17180,porto velho,RO
CUST_000768,UNIQ_000768,36794,sao paulo,SP
CUST_000769,UNIQ_000769,37686,belem,PA
CUST_000770,UNIQ_000770,43491,fortaleza,CE
CUST_000771,UNIQ_000771,53007,belem,PA
CUST_000772,UNIQ_000772,11013,salvador,BA
CUST_000773,UNIQ_000773,66446,joao pessoa,PB
CUST_000774,UNIQ_000774,26932,curitiba,PR
CUST_000775,UNIQ_000775,79806,natal,RN
CUST_000776,UNIQ_000776,75570,recife,PE
CUST_000777,UNIQ_000777,97562,maceio,AL
CUST_000778,UNIQ_000778,19447,florianopolis,SC
CUST_000779,UNIQ_000779,15544,natal,RN
CUST_000780,UNIQ_000780,12456,teresina,PI
CUST_000781,UNIQ_000781,20205,campo grande,MS
CUST_000782,UNIQ_000782,85465,goiania,GO
CUST_000783,UNIQ_000783,85156,teresina,PI
CUST_000784,UNIQ_000784,93904,natal,RN
CUST_000785,UNIQ_000785,47947,teresina,PI
CUST_000786,UNIQ_000786,63088,salvador,BA
CUST_000787,UNIQ_000787,52568,sao paulo,SP
CUST_000788,UNIQ_000788,91018,curitiba,PR
CUST_000789,UNIQ_000789,57428,campo grande,MS
CUST_000790,UNIQ_000790,67240,belo horizonte,MG
CUST_000791,UNIQ_000791,41891,salvador,BA
CUST_000792,UNIQ_000792,87184,teresina,PI
CUST_000793,UNIQ_000793,78676,natal,RN
CUST_000794,UNIQ_000794,61873,belo horizonte,MG
CUST_000795,UNIQ_000795,54500,belem,PA
CUST_000796,UNIQ_000796,53655,recife,PE
CUST_000797,UNIQ_000797,20011,curitiba,PR
CUST_000798,UNIQ_000798,92998,aracaju,SE
CUST_000799,UNIQ_000799,79547,salvador,BA
CUST_000800,UNIQ_000800,35415,aracaju,SE
CUST_000801,UNIQ_000801,56019,florianopolis,SC
CUST_000802,UNIQ_000802,40968,fortaleza,CE
CUST_000803,UNIQ_000803,29194,salvador,BA
CUST_000804,UNIQ_000804,35856,porto alegre,RS
CUST_000805,UNIQ_000805,88957,curitiba,PR
CUST_000806,UNIQ_000806,95918,fortaleza,CE
CUST_000807,UNIQ_000807,33218,belo horizonte,MG
CUST_000808,UNIQ_000808,70811,joao pessoa,PB
CUST_000809,UNIQ_000809,85952,cuiaba,MT
CUST_000810,UNIQ_000810,99277,campo grande,MS
CUST_000811,UNIQ_000811,94278,cuiaba,MT
CUST_000812,UNIQ_000812,52363,porto velho,RO
CUST_000813,UNIQ_000813,29786,goiania,GO
CUST_000814,UNIQ_000814,18950,campo grande,MS
CUST_000815,UNIQ_000815,67961,joao pessoa,PB
CUST_000816,UNIQ_000816,46002,belem,PA
CUST_000817,UNIQ_000817,17362,cuiaba,MT
CUST_000818,UNIQ_000818,76497,florianopolis,SC
CUST_000819,UNIQ_000819,50685,belo horizonte,MG
CUST_000820,UNIQ_000820,69233,campo grande,MS
CUST_000821,UNIQ_000821,17456,rio de janeiro,RJ
CUST_000822,UNIQ_000822,47627,florianopolis,SC
CUST_000823,UNIQ_000823,94497,belo horizonte,MG
CUST_000824,UNIQ_000824,90610,belo horizonte,MG
CUST_000825,UNIQ_000825,76462,porto velho,RO
CUST_000826,UNIQ_000826,70648,natal,RN
CUST_000827,UNIQ_000827,82655,cuiaba,MT
CUST_000828,UNIQ_000828,68947,rio de janeiro,RJ
CUST_000829,UNIQ_000829,95437,cuiaba,MT
CUST_000830,UNIQ_000830,52143,manaus,AM
CUST_000831,UNIQ_000831,72341,porto velho,RO
CUST_000832,UNIQ_000832,29773,aracaju,SE
CUST_000833,UNIQ_000833,69050,rio de janeiro,RJ
CUST_000834,UNIQ_000834,55015,salvador,BA
CUST_000835,UNIQ_000835,76132,belo horizonte,MG
CUST_000836,UNIQ_000836,15130,curitiba,PR
CUST_000837,UNIQ_000837,67377,recife,PE
CUST_000838,UNIQ_000838,78690,campo grande,MS
CUST_000839,UNIQ_000839,89928,aracaju,SE
CUST_000840,UNIQ_000840,57696,curitiba,PR
CUST_000841,UNIQ_000841,47079,florianopolis,SC
CUST_000842,UNIQ_000842,63578,natal,RN
CUST_000843,UNIQ_000843,98984,goiania,GO
CUST_000844,UNIQ_000844,16863,porto velho,RO
CUST_000845,UNIQ_000845,18639,goiania,GO
CUST_000846,UNIQ_000846,22387,goiania,GO
CUST_000847,UNIQ_000847,98916,maceio,AL
CUST_000848,UNIQ_000848,47243,natal,RN
CUST_000849,UNIQ_000849,96057,porto alegre,RS
CUST_000850,UNIQ_000850,29709,porto velho,RO
CUST_000851,UNIQ_000851,20682,goiania,GO
CUST_000852,UNIQ_000852,96980,cuiaba,MT
CUST_000853,UNIQ_000853,55851,fortaleza,CE
CUST_000854,UNIQ_000854,95990,belem,PA
CUST_000855,UNIQ_000855,26901,natal,RN
CUST_000856,UNIQ_000856,21104,porto velho,RO
CUST_000857,UNIQ_000857,83259,belem,PA
CUST_000858,UNIQ_000858,94343,natal,RN
CUST_000859,UNIQ_000859,26750,goiania,GO
CUST_000860,UNIQ_000860,22249,aracaju,SE
CUST_000861,UNIQ_000861,76648,teresina,PI
CUST_000862,UNIQ_000862,12389,florianopolis,SC
CUST_000863,UNIQ_000863,50483,florianopolis,SC
CUST_000864,UNIQ_000864,38074,curitiba,PR
CUST_000865,UNIQ_000865,73736,goiania,GO
CUST_000866,UNIQ_000866,39693,manaus,AM
CUST_000867,UNIQ_000867,30308,fortaleza,CE
CUST_000868,UNIQ_000868,48770,belo horizonte,MG
CUST_000869,UNIQ_000869,76543,salvador,BA
CUST_000870,UNIQ_000870,79013,maceio,AL
CUST_000871,UNIQ_000871,96760,rio de janeiro,RJ
CUST_000872,UNIQ_000872,91006,goiania,GO
CUST_000873,UNIQ_000873,88282,fortaleza,CE
CUST_000874,UNIQ_000874,30218,natal,RN
CUST_000875,UNIQ_000875,33703,curitiba,PR
CUST_000876,UNIQ_000876,31697,porto velho,RO
CUST_000877,UNIQ_000877,15726,campo grande,MS
CUST_000878,UNIQ_000878,57749,teresina,PI
CUST_000879,UNIQ_000879,68222,recife,PE
CUST_000880,UNIQ_000880,47346,porto velho,RO
CUST_000881,UNIQ_000881,40671,campo grande,MS
CUST_000882,UNIQ_000882,41348,maceio,AL
CUST_000883,UNIQ_000883,71474,belem,PA
CUST_000884,UNIQ_000884,58213,manaus,AM
CUST_000885,UNIQ_000885,67749,cuiaba,MT
CUST_000886,UNIQ_000886,46932,campo grande,MS
CUST_000887,UNIQ_000887,75916,natal,RN
CUST_000888,UNIQ_000888,64874,aracaju,SE
CUST_000889,UNIQ_000889,36174,curitiba,PR
CUST_000890,UNIQ_000890,28140,porto velho,RO
CUST_000891,UNIQ_000891,16839,porto alegre,RS
CUST_000892,UNIQ_000892,58655,joao pessoa,PB
CUST_000893,UNIQ_000893,23446,maceio,AL
CUST_000894,UNIQ_000894,26341,aracaju,SE
CUST_000895,UNIQ_000895,20993,belem,PA
CUST_000896,UNIQ_000896,45755,curitiba,PR
CUST_000897,UNIQ_000897,77286,campo grande,MS
CUST_000898,UNIQ_000898,67340,fortaleza,CE
CUST_000899,UNIQ_000899,39102,belo horizonte,MG
CUST_000900,UNIQ_000900,55820,campo grande,MS
CUST_000901,UNIQ_000901,64381,sao paulo,SP
CUST_000902,UNIQ_000902,61964,rio de janeiro,RJ
CUST_000903,UNIQ_000903,59015,aracaju,SE
CUST_000904,UNIQ_000904,60615,recife,PE
CUST_000905,UNIQ_000905,59140,belo horizonte,MG
CUST_000906,UNIQ_000906,13694,recife,PE
CUST_000907,UNIQ_000907,22987,goiania,GO
CUST_000908,UNIQ_000908,29142,goiania,GO
CUST_000909,UNIQ_000909,15020,fortaleza,CE
CUST_000910,UNIQ_000910,71925,belem,PA
CUST_000911,UNIQ_000911,71487,fortaleza,CE
CUST_000912,UNIQ_000912,90654,campo grande,MS
CUST_000913,UNIQ_000913,20384,sao paulo,SP
CUST_000914,UNIQ_000914,43544,sao paulo,SP
CUST_000915,UNIQ_000915,29597,manaus,AM
CUST_000916,UNIQ_000916,89807,maceio,AL
CUST_000917,UNIQ_000917,65476,aracaju,SE
CUST_000918,UNIQ_000918,47762,salvador,BA
CUST_000919,UNIQ_000919,49472,recife,PE
CUST_000920,UNIQ_000920,16258,salvador,BA
CUST_000921,UNIQ_000921,65027,recife,PE
CUST_000922,UNIQ_000922,69914,porto velho,RO
CUST_000923,UNIQ_000923,24530,belo horizonte,MG
CUST_000924,UNIQ_000924,88215,joao pessoa,PB
CUST_000925,UNIQ_000925,12154,maceio,AL
CUST_000926,UNIQ_000926,85372,aracaju,SE
CUST_000927,UNIQ_000927,28818,recife,PE
CUST_000928,UNIQ_000928,66261,belem,PA
CUST_000929,UNIQ_000929,90584,sao paulo,SP
CUST_000930,UNIQ_000930,41531,florianopolis,SC
CUST_000931,UNIQ_000931,64600,cuiaba,MT
CUST_000932,UNIQ_000932,97080,curitiba,PR
CUST_000933,UNIQ_000933,78614,belo horizonte,MG
CUST_000934,UNIQ_000934,18870,florianopolis,SC
CUST_000935,UNIQ_000935,81313,aracaju,SE
CUST_000936,UNIQ_000936,76535,aracaju,SE
CUST_000937,UNIQ_000937,12665,maceio,AL
CUST_000938,UNIQ_000938,71621,natal,RN
CUST_000939,UNIQ_000939,93318,rio de janeiro,RJ
CUST_000940,UNIQ_000940,58929,natal,RN
CUST_000941,UNIQ_000941,12128,porto alegre,RS
CUST_000942,UNIQ_000942,18855,florianopolis,SC
CUST_000943,UNIQ_000943,41604,florianopolis,SC
CUST_000944,UNIQ_000944,86271,salvador,BA
CUST_000945,UNIQ_000945,27486,goiania,GO
CUST_000946,UNIQ_000946,56176,rio de janeiro,RJ
CUST_000947,UNIQ_000947,54374,maceio,AL
CUST_000948,UNIQ_000948,99742,curitiba,PR
CUST_000949,UNIQ_000949,72722,campo grande,MS
CUST_000950,UNIQ_000950,27675,curitiba,PR
CUST_000951,UNIQ_000951,69988,belo horizonte,MG
CUST_000952,UNIQ_000952,48462,rio de janeiro,RJ
CUST_000953,UNIQ_000953,15741,manaus,AM
CUST_000954,UNIQ_000954,15492,manaus,AM
CUST_000955,UNIQ_000955,50642,goiania,GO
CUST_000956,UNIQ_000956,62196,aracaju,SE
CUST_000957,UNIQ_000957,72049,maceio,AL
CUST_000958,UNIQ_000958,14799,porto alegre,RS
CUST_000959,UNIQ_000959,47501,manaus,AM
CUST_000960,UNIQ_000960,16265,florianopolis,SC
CUST_000961,UNIQ_000961,45811,goiania,GO
CUST_000962,UNIQ_000962,58237,salvador,BA
CUST_000963,UNIQ_000963,62431,teresina,PI
CUST_000964,UNIQ_000964,60678,campo grande,MS
CUST_000965,UNIQ_000965,34486,goiania,GO
CUST_000966,UNIQ_000966,75211,joao pessoa,PB
CUST_000967,UNIQ_000967,78062,florianopolis,SC
CUST_000968,UNIQ_000968,20828,porto alegre,RS
CUST_000969,UNIQ_000969,20345,teresina,PI
CUST_000970,UNIQ_000970,88964,teresina,PI
CUST_000971,UNIQ_000971,81496,curitiba,PR
CUST_000972,UNIQ_000972,52101,belem,PA
CUST_000973,UNIQ_000973,20494,salvador,BA
CUST_000974,UNIQ_000974,96628,goiania,GO
CUST_000975,UNIQ_000975,50173,belem,PA
CUST_000976,UNIQ_000976,88986,campo grande,MS
CUST_000977,UNIQ_000977,31842,teresina,PI
CUST_000978,UNIQ_000978,56077,campo grande,MS
CUST_000979,UNIQ_000979,15551,campo grande,MS
CUST_000980,UNIQ_000980,90589,florianopolis,SC
CUST_000981,UNIQ_000981,45986,teresina,PI
CUST_000982,UNIQ_000982,19835,rio de janeiro,RJ
CUST_000983,UNIQ_000983,57619,natal,RN
CUST_000984,UNIQ_000984,99051,aracaju,SE
CUST_000985,UNIQ_000985,14081,curitiba,PR
CUST_000986,UNIQ_000986,89635,fortaleza,CE
CUST_000987,UNIQ_000987,14561,campo grande,MS
CUST_000988,UNIQ_000988,18812,fortaleza,CE
CUST_000989,UNIQ_000989,94562,recife,PE
CUST_000990,UNIQ_000990,57467,florianopolis,SC
CUST_000991,UNIQ_000991,84349,natal,RN
CUST_000992,UNIQ_000992,89310,rio de janeiro,RJ
CUST_000993,UNIQ_000993,99006,fortaleza,CE
CUST_000994,UNIQ_000994,58623,campo grande,MS
CUST_000995,UNIQ_000995,68188,florianopolis,SC
CUST_000996,UNIQ_000996,85225,belo horizonte,MG
CUST_000997,UNIQ_000997,79397,fortaleza,CE
CUST_000998,UNIQ_000998,62171,florianopolis,SC
CUST_000999,UNIQ_000999,95139,goiania,GO
CUST_001000,UNIQ_001000,42717,porto alegre,RS
CUST_001001,UNIQ_001001,13396,salvador,BA
CUST_001002,UNIQ_001002,75410,curitiba,PR
CUST_001003,UNIQ_001003,60723,aracaju,SE
CUST_001004,UNIQ_001004,25435,maceio,AL
CUST_001005,UNIQ_001005,44116,porto alegre,RS
CUST_001006,UNIQ_001006,38124,campo grande,MS
CUST_001007,UNIQ_001007,47431,porto velho,RO
CUST_001008,UNIQ_001008,36237,joao pessoa,PB
CUST_001009,UNIQ_001009,27790,salvador,BA
CUST_001010,UNIQ_001010,69250,belo horizonte,MG
CUST_001011,UNIQ_001011,68341,curitiba,PR
CUST_001012,UNIQ_001012,99381,belo horizonte,MG
CUST_001013,UNIQ_001013,97535,goiania,GO
CUST_001014,UNIQ_001014,18511,florianopolis,SC
CUST_001015,UNIQ_001015,81063,maceio,AL
CUST_001016,UNIQ_001016,49315,belem,PA
CUST_001017,UNIQ_001017,93584,curitiba,PR
CUST_001018,UNIQ_001018,57381,curitiba,PR
CUST_001019,UNIQ_001019,39391,aracaju,SE
CUST_001020,UNIQ_001020,36342,salvador,BA
CUST_001021,UNIQ_001021,41029,fortaleza,CE
CUST_001022,UNIQ_001022,13445,joao pessoa,PB
CUST_001023,UNIQ_001023,82616,florianopolis,SC
CUST_001024,UNIQ_001024,58353,cuiaba,MT
CUST_001025,UNIQ_001025,82305,campo grande,MS
CUST_001026,UNIQ_001026,90209,fortaleza,CE
CUST_001027,UNIQ_001027,18617,belo horizonte,MG
CUST_001028,UNIQ_001028,62187,belem,PA
CUST_001029,UNIQ_001029,78903,joao pessoa,PB
CUST_001030,UNIQ_001030,63665,teresina,PI
CUST_001031,UNIQ_001031,19666,cuiaba,MT
CUST_001032,UNIQ_001032,51553,fortaleza,CE
CUST_001033,UNIQ_001033,68979,belo horizonte,MG
CUST_001034,UNIQ_001034,99143,campo grande,MS
CUST_001035,UNIQ_001035,55156,aracaju,SE
CUST_001036,UNIQ_001036,82260,fortaleza,CE
CUST_001037,UNIQ_001037,33850,cuiaba,MT
CUST_001038,UNIQ_001038,66704,fortaleza,CE
CUST_001039,UNIQ_001039,17263,aracaju,SE
CUST_001040,UNIQ_001040,77908,salvador,BA
CUST_001041,UNIQ_001041,49862,fortaleza,CE
CUST_001042,UNIQ_001042,31229,curitiba,PR
CUST_001043,UNIQ_001043,39552,goiania,GO
CUST_001044,UNIQ_001044,78012,florianopolis,SC
CUST_001045,UNIQ_001045,20336,belem,PA
CUST_001046,UNIQ_001046,35729,porto alegre,RS
CUST_001047,UNIQ_001047,45972,maceio,AL
CUST_001048,UNIQ_001048,91922,fortaleza,CE
CUST_001049,UNIQ_001049,90534,belem,PA
CUST_001050,UNIQ_001050,22245,maceio,AL
CUST_001051,UNIQ_001051,94015,aracaju,SE
CUST_001052,UNIQ_001052,87569,curitiba,PR
CUST_001053,UNIQ_001053,30210,cuiaba,MT
CUST_001054,UNIQ_001054,96341,curitiba,PR
CUST_001055,UNIQ_001055,89316,porto velho,RO
CUST_001056,UNIQ_001056,83874,goiania,GO
CUST_001057,UNIQ_001057,13718,rio de janeiro,RJ
CUST_001058,UNIQ_001058,15958,belo horizonte,MG
CUST_001059,UNIQ_001059,44688,cuiaba,MT
CUST_001060,UNIQ_001060,84991,manaus,AM
CUST_001061,UNIQ_001061,91016,teresina,PI
CUST_001062,UNIQ_001062,75278,sao paulo,SP
CUST_001063,UNIQ_001063,47967,maceio,AL
CUST_001064,UNIQ_001064,73300,belem,PA
CUST_001065,UNIQ_001065,99783,recife,PE
CUST_001066,UNIQ_001066,48985,natal,RN
CUST_001067,UNIQ_001067,19564,campo grande,MS
CUST_001068,UNIQ_001068,30719,rio de janeiro,RJ
CUST_001069,UNIQ_001069,64476,campo grande,MS
CUST_001070,UNIQ_001070,70875,joao pessoa,PB
CUST_001071,UNIQ_001071,54589,manaus,AM
CUST_001072,UNIQ_001072,28830,porto velho,RO
CUST_001073,UNIQ_001073,51853,goiania,GO
CUST_001074,UNIQ_001074,62260,florianopolis,SC
CUST_001075,UNIQ_001075,58567,fortaleza,CE
CUST_001076,UNIQ_001076,83616,aracaju,SE
CUST_001077,UNIQ_001077,51827,salvador,BA
CUST_001078,UNIQ_001078,71141,recife,PE
CUST_001079,UNIQ_001079,45058,salvador,BA
CUST_001080,UNIQ_001080,42495,campo grande,MS
CUST_001081,UNIQ_001081,22689,fortaleza,CE
CUST_001082,UNIQ_001082,48038,rio de janeiro,RJ
CUST_001083,UNIQ_001083,90658,natal,RN
CUST_001084,UNIQ_001084,42541,teresina,PI
CUST_001085,UNIQ_001085,52917,curitiba,PR
CUST_001086,UNIQ_001086,50988,cuiaba,MT
CUST_001087,UNIQ_001087,30885,manaus,AM
CUST_001088,UNIQ_001088,77466,joao pessoa,PB
CUST_001089,UNIQ_001089,75373,campo grande,MS
CUST_001090,UNIQ_001090,75191,belem,PA
CUST_001091,UNIQ_001091,21802,sao paulo,SP
CUST_001092,UNIQ_001092,76249,natal,RN
CUST_001093,UNIQ_001093,41552,campo grande,MS
CUST_001094,UNIQ_001094,86460,manaus,AM
CUST_001095,UNIQ_001095,16377,florianopolis,SC
CUST_001096,UNIQ_001096,46877,rio de janeiro,RJ
CUST_001097,UNIQ_001097,88317,joao pessoa,PB
CUST_001098,UNIQ_001098,47453,joao pessoa,PB
CUST_001099,UNIQ_001099,11071,maceio,AL
CUST_001100,UNIQ_001100,66482,salvador,BA
CUST_001101,UNIQ_001101,44664,fortaleza,CE
CUST_001102,UNIQ_001102,62855,florianopolis,SC
CUST_001103,UNIQ_001103,15930,florianopolis,SC
CUST_001104,UNIQ_001104,16705,natal,RN
CUST_001105,UNIQ_001105,83638,cuiaba,MT
CUST_001106,UNIQ_001106,57516,manaus,AM
CUST_001107,UNIQ_001107,47827,maceio,AL
CUST_001108,UNIQ_001108,60639,belo horizonte,MG
CUST_001109,UNIQ_001109,69028,aracaju,SE
CUST_001110,UNIQ_001110,46663,maceio,AL
CUST_001111,UNIQ_001111,99181,porto velho,RO
CUST_001112,UNIQ_001112,25572,porto velho,RO
CUST_001113,UNIQ_001113,22672,fortaleza,CE
CUST_001114,UNIQ_001114,58915,natal,RN
CUST_001115,UNIQ_001115,83116,goiania,GO
CUST_001116,UNIQ_001116,28909,florianopolis,SC
CUST_001117,UNIQ_001117,88966,manaus,AM
CUST_001118,UNIQ_001118,62610,aracaju,SE
CUST_001119,UNIQ_001119,15276,aracaju,SE
CUST_001120,UNIQ_001120,15100,rio de janeiro,RJ
CUST_001121,UNIQ_001121,53652,fortaleza,CE
CUST_001122,UNIQ_001122,78069,joao pessoa,PB
CUST_001123,UNIQ_001123,29521,campo grande,MS
CUST_001124,UNIQ_001124,77568,porto velho,RO
CUST_001125,UNIQ_001125,52987,fortaleza,CE
CUST_001126,UNIQ_001126,51750,porto velho,RO
CUST_001127,UNIQ_001127,61505,curitiba,PR
CUST_001128,UNIQ_001128,49221,porto velho,RO
CUST_001129,UNIQ_001129,54089,cuiaba,MT
CUST_001130,UNIQ_001130,76809,aracaju,SE
CUST_001131,UNIQ_001131,74205,maceio,AL
CUST_001132,UNIQ_001132,49294,cuiaba,MT
CUST_001133,UNIQ_001133,12180,joao pessoa,PB
CUST_001134,UNIQ_001134,53416,florianopolis,SC
CUST_001135,UNIQ_001135,64596,salvador,BA
CUST_001136,UNIQ_001136,50327,cuiaba,MT
CUST_001137,UNIQ_001137,88238,sao paulo,SP
CUST_001138,UNIQ_001138,44803,joao pessoa,PB
CUST_001139,UNIQ_001139,85711,cuiaba,MT
CUST_001140,UNIQ_001140,16731,recife,PE
CUST_001141,UNIQ_001141,72973,cuiaba,MT
CUST_001142,UNIQ_001142,78712,curitiba,PR
CUST_001143,UNIQ_001143,59832,porto velho,RO
CUST_001144,UNIQ_001144,99224,fortaleza,CE
CUST_001145,UNIQ_001145,14138,recife,PE
CUST_001146,UNIQ_001146,24404,cuiaba,MT
CUST_001147,UNIQ_001147,12482,manaus,AM
CUST_001148,UNIQ_001148,51116,campo grande,MS
CUST_001149,UNIQ_001149,29848,teresina,PI
CUST_001150,UNIQ_001150,36724,teresina,PI
CUST_001151,UNIQ_001151,75774,teresina,PI
CUST_001152,UNIQ_001152,71814,porto velho,RO
CUST_001153,UNIQ_001153,28098,rio de janeiro,RJ
CUST_001154,UNIQ_001154,37176,aracaju,SE
CUST_001155,UNIQ_001155,52604,maceio,AL
CUST_001156,UNIQ_001156,78875,joao pessoa,PB
CUST_001157,UNIQ_001157,51124,natal,RN
CUST_001158,UNIQ_001158,70249,curitiba,PR
CUST_001159,UNIQ_001159,54869,maceio,AL
CUST_001160,UNIQ_001160,56437,maceio,AL
CUST_001161,UNIQ_001161,89963,porto alegre,RS
CUST_001162,UNIQ_001162,35200,joao pessoa,PB
CUST_001163,UNIQ_001163,46569,recife,PE
CUST_001164,UNIQ_001164,49124,maceio,AL
CUST_001165,UNIQ_001165,49008,recife,PE
CUST_001166,UNIQ_001166,37168,belem,PA
CUST_001167,UNIQ_001167,51555,joao pessoa,PB
CUST_001168,UNIQ_001168,55718,joao pessoa,PB
CUST_001169,UNIQ_001169,45842,maceio,AL
CUST_001170,UNIQ_001170,25974,belem,PA
CUST_001171,UNIQ_001171,98686,cuiaba,MT
CUST_001172,UNIQ_001172,59767,maceio,AL
CUST_001173,UNIQ_001173,55237,natal,RN
CUST_001174,UNIQ_001174,48070,fortaleza,CE
CUST_001175,UNIQ_001175,47700,rio de janeiro,RJ
CUST_001176,UNIQ_001176,55398,belo horizonte,MG
CUST_001177,UNIQ_001177,95979,campo grande,MS
CUST_001178,UNIQ_001178,72793,porto alegre,RS
CUST_001179,UNIQ_001179,36485,manaus,AM
CUST_001180,UNIQ_001180,45537,maceio,AL
CUST_001181,UNIQ_001181,45601,maceio,AL
CUST_001182,UNIQ_001182,24316,fortaleza,CE
CUST_001183,UNIQ_001183,86917,porto velho,RO
CUST_001184,UNIQ_001184,41779,recife,PE
CUST_001185,UNIQ_001185,97796,rio de janeiro,RJ
CUST_001186,UNIQ_001186,39579,aracaju,SE
CUST_001187,UNIQ_001187,16880,recife,PE
CUST_001188,UNIQ_001188,64172,salvador,BA
CUST_001189,UNIQ_001189,71918,goiania,GO
CUST_001190,UNIQ_001190,99285,salvador,BA
CUST_001191,UNIQ_001191,10679,fortaleza,CE
CUST_001192,UNIQ_001192,30701,maceio,AL
CUST_001193,UNIQ_001193,95575,teresina,PI
CUST_001194,UNIQ_001194,72580,joao pessoa,PB
CUST_001195,UNIQ_001195,47649,manaus,AM
CUST_001196,UNIQ_001196,47409,goiania,GO
CUST_001197,UNIQ_001197,21725,rio de janeiro,RJ
CUST_001198,UNIQ_001198,40437,cuiaba,MT
CUST_001199,UNIQ_001199,14888,maceio,AL
CUST_001200,UNIQ_001200,64773,curitiba,PR
CUST_001201,UNIQ_001201,14763,curitiba,PR
CUST_001202,UNIQ_001202,74930,natal,RN
CUST_001203,UNIQ_001203,47941,curitiba,PR
CUST_001204,UNIQ_001204,11214,rio de janeiro,RJ
CUST_001205,UNIQ_001205,84443,belem,PA
CUST_001206,UNIQ_001206,24064,porto velho,RO
CUST_001207,UNIQ_001207,47298,goiania,GO
CUST_001208,UNIQ_001208,94058,campo grande,MS
CUST_001209,UNIQ_001209,78723,maceio,AL
CUST_001210,UNIQ_001210,27589,joao pessoa,PB
CUST_001211,UNIQ_001211,71344,aracaju,SE
CUST_001212,UNIQ_001212,35272,porto alegre,RS
CUST_001213,UNIQ_001213,53343,salvador,BA
CUST_001214,UNIQ_001214,70150,curitiba,PR
CUST_001215,UNIQ_001215,34405,porto alegre,RS
CUST_001216,UNIQ_001216,54185,sao paulo,SP
CUST_001217,UNIQ_001217,84420,belem,PA
CUST_001218,UNIQ_001218,33002,manaus,AM
CUST_001219,UNIQ_001219,93719,porto velho,RO
CUST_001220,UNIQ_001220,66059,natal,RN
CUST_001221,UNIQ_001221,52982,aracaju,SE
CUST_001222,UNIQ_001222,62538,belo horizonte,MG
CUST_001223,UNIQ_001223,34219,salvador,BA
CUST_001224,UNIQ_001224,72580,fortaleza,CE
CUST_001225,UNIQ_001225,42512,goiania,GO
CUST_001226,UNIQ_001226,44181,sao paulo,SP
CUST_001227,UNIQ_001227,40870,natal,RN
CUST_001228,UNIQ_001228,44995,campo grande,MS
CUST_001229,UNIQ_001229,49576,goiania,GO
CUST_001230,UNIQ_001230,85088,cuiaba,MT
CUST_001231,UNIQ_001231,44282,sao paulo,SP
CUST_001232,UNIQ_001232,40972,florianopolis,SC
CUST_001233,UNIQ_001233,97528,rio de janeiro,RJ
CUST_001234,UNIQ_001234,71000,salvador,BA
CUST_001235,UNIQ_001235,30934,belem,PA
CUST_001236,UNIQ_001236,99925,natal,RN
CUST_001237,UNIQ_001237,50760,aracaju,SE
CUST_001238,UNIQ_001238,93717,salvador,BA
CUST_001239,UNIQ_001239,58174,belem,PA
CUST_001240,UNIQ_001240,38947,porto velho,RO
CUST_001241,UNIQ_001241,27507,recife,PE
CUST_001242,UNIQ_001242,30078,joao pessoa,PB
CUST_001243,UNIQ_001243,89395,campo grande,MS
CUST_001244,UNIQ_001244,64505,florianopolis,SC
CUST_001245,UNIQ_001245,71712,maceio,AL
CUST_001246,UNIQ_001246,97044,maceio,AL
CUST_001247,UNIQ_001247,42435,manaus,AM
CUST_001248,UNIQ_001248,20730,porto velho,RO
CUST_001249,UNIQ_001249,68556,aracaju,SE
CUST_001250,UNIQ_001250,57419,aracaju,SE
CUST_001251,UNIQ_001251,83946,belo horizonte,MG
CUST_001252,UNIQ_001252,18094,salvador,BA
CUST_001253,UNIQ_001253,76255,maceio,AL
CUST_001254,UNIQ_001254,85065,manaus,AM
CUST_001255,UNIQ_001255,29641,maceio,AL
CUST_001256,UNIQ_001256,53007,curitiba,PR
CUST_001257,UNIQ_001257,67912,aracaju,SE
CUST_001258,UNIQ_001258,99167,salvador,BA
CUST_001259,UNIQ_001259,86434,manaus,AM
CUST_001260,UNIQ_001260,21919,joao pessoa,PB
CUST_001261,UNIQ_001261,68390,aracaju,SE
CUST_001262,UNIQ_001262,69432,rio de janeiro,RJ
CUST_001263,UNIQ_001263,77272,fortaleza,CE
CUST_001264,UNIQ_001264,69873,teresina,PI
CUST_001265,UNIQ_001265,17567,cuiaba,MT
CUST_001266,UNIQ_001266,70604,maceio,AL
CUST_001267,UNIQ_001267,12853,belem,PA
CUST_001268,UNIQ_001268,43352,natal,RN
CUST_001269,UNIQ_001269,38560,sao paulo,SP
CUST_001270,UNIQ_001270,19572,cuiaba,MT
CUST_001271,UNIQ_001271,65534,rio de janeiro,RJ
CUST_001272,UNIQ_001272,18357,florianopolis,SC
CUST_001273,UNIQ_001273,17897,maceio,AL
CUST_001274,UNIQ_001274,71875,belo horizonte,MG
CUST_001275,UNIQ_001275,47629,rio de janeiro,RJ
CUST_001276,UNIQ_001276,33590,teresina,PI
CUST_001277,UNIQ_001277,94085,fortaleza,CE
CUST_001278,UNIQ_001278,59081,teresina,PI
CUST_001279,UNIQ_001279,68790,natal,RN
CUST_001280,UNIQ_001280,59236,natal,RN
CUST_001281,UNIQ_001281,99486,belo horizonte,MG
CUST_001282,UNIQ_001282,27431,maceio,AL
CUST_001283,UNIQ_001283,25549,florianopolis,SC
CUST_001284,UNIQ_001284,80419,curitiba,PR
CUST_001285,UNIQ_001285,79316,natal,RN
CUST_001286,UNIQ_001286,39188,fortaleza,CE
CUST_001287,UNIQ_001287,12979,sao paulo,SP
CUST_001288,UNIQ_001288,70686,belem,PA
CUST_001289,UNIQ_001289,65591,maceio,AL
CUST_001290,UNIQ_001290,59712,maceio,AL
CUST_001291,UNIQ_001291,42441,recife,PE
CUST_001292,UNIQ_001292,55371,campo grande,MS
CUST_001293,UNIQ_001293,46129,fortaleza,CE
CUST_001294,UNIQ_001294,24790,manaus,AM
CUST_001295,UNIQ_001295,96533,rio de janeiro,RJ
CUST_001296,UNIQ_001296,90599,teresina,PI
CUST_001297,UNIQ_001297,41544,sao paulo,SP
CUST_001298,UNIQ_001298,18819,manaus,AM
CUST_001299,UNIQ_001299,87849,salvador,BA
CUST_001300,UNIQ_001300,68515,rio de janeiro,RJ
CUST_001301,UNIQ_001301,98083,porto velho,RO
CUST_001302,UNIQ_001302,42077,rio de janeiro,RJ
CUST_001303,UNIQ_001303,62725,rio de janeiro,RJ
CUST_001304,UNIQ_001304,40715,campo grande,MS
CUST_001305,UNIQ_001305,38477,maceio,AL
CUST_001306,UNIQ_001306,28367,rio de janeiro,RJ
CUST_001307,UNIQ_001307,47914,aracaju,SE
CUST_001308,UNIQ_001308,85511,recife,PE
CUST_001309,UNIQ_001309,85690,goiania,GO
CUST_001310,UNIQ_001310,98150,porto velho,RO
CUST_001311,UNIQ_001311,41051,goiania,GO
CUST_001312,UNIQ_001312,28777,belem,PA
CUST_001313,UNIQ_001313,38972,aracaju,SE
CUST_001314,UNIQ_001314,49387,teresina,PI
CUST_001315,UNIQ_001315,17989,porto alegre,RS
CUST_001316,UNIQ_001316,87550,maceio,AL
CUST_001317,UNIQ_001317,92050,curitiba,PR
CUST_001318,UNIQ_001318,82856,teresina,PI
CUST_001319,UNIQ_001319,16145,joao pessoa,PB
CUST_001320,UNIQ_001320,94320,florianopolis,SC
CUST_001321,UNIQ_001321,78742,natal,RN
CUST_001322,UNIQ_001322,64568,goiania,GO
CUST_001323,UNIQ_001323,29558,teresina,PI
CUST_001324,UNIQ_001324,59343,belem,PA
CUST_001325,UNIQ_001325,80507,curitiba,PR
CUST_001326,UNIQ_001326,41584,joao pessoa,PB
CUST_001327,UNIQ_001327,49418,recife,PE
CUST_001328,UNIQ_001328,70689,fortaleza,CE
CUST_001329,UNIQ_001329,83713,rio de janeiro,RJ
CUST_001330,UNIQ_001330,64592,teresina,PI
CUST_001331,UNIQ_001331,79467,maceio,AL
CUST_001332,UNIQ_001332,60910,fortaleza,CE
CUST_001333,UNIQ_001333,43422,recife,PE
CUST_001334,UNIQ_001334,53288,manaus,AM
CUST_001335,UNIQ_001335,68954,belo horizonte,MG
CUST_001336,UNIQ_001336,22119,florianopolis,SC
CUST_001337,UNIQ_001337,34966,maceio,AL
CUST_001338,UNIQ_001338,45187,rio de janeiro,RJ
CUST_001339,UNIQ_001339,98299,natal,RN
CUST_001340,UNIQ_001340,89026,porto velho,RO
CUST_001341,UNIQ_001341,19539,rio de janeiro,RJ
CUST_001342,UNIQ_001342,87015,manaus,AM
CUST_001343,UNIQ_001343,38444,maceio,AL
CUST_001344,UNIQ_001344,37379,joao pessoa,PB
CUST_001345,UNIQ_001345,49739,goiania,GO
CUST_001346,UNIQ_001346,37762,sao paulo,SP
CUST_001347,UNIQ_001347,25376,manaus,AM
CUST_001348,UNIQ_001348,41797,joao pessoa,PB
CUST_001349,UNIQ_001349,36805,porto velho,RO
CUST_001350,UNIQ_001350,41369,natal,RN
CUST_001351,UNIQ_001351,52154,maceio,AL
CUST_001352,UNIQ_001352,59894,belem,PA
CUST_001353,UNIQ_001353,79946,campo grande,MS
CUST_001354,UNIQ_001354,50425,florianopolis,SC
CUST_001355,UNIQ_001355,57139,porto alegre,RS
CUST_001356,UNIQ_001356,75179,aracaju,SE
CUST_001357,UNIQ_001357,22924,campo grande,MS
CUST_001358,UNIQ_001358,51973,joao pessoa,PB
CUST_001359,UNIQ_001359,58589,manaus,AM
CUST_001360,UNIQ_001360,64254,goiania,GO
CUST_001361,UNIQ_001361,83731,rio de janeiro,RJ
CUST_001362,UNIQ_001362,29126,recife,PE
CUST_001363,UNIQ_001363,44180,sao paulo,SP
CUST_001364,UNIQ_001364,86550,maceio,AL
CUST_001365,UNIQ_001365,64732,cuiaba,MT
CUST_001366,UNIQ_001366,29976,belem,PA
CUST_001367,UNIQ_001367,53236,manaus,AM
CUST_001368,UNIQ_001368,59786,recife,PE
CUST_001369,UNIQ_001369,42208,cuiaba,MT
CUST_001370,UNIQ_001370,82173,joao pessoa,PB
CUST_001371,UNIQ_001371,43728,goiania,GO
CUST_001372,UNIQ_001372,94108,joao pessoa,PB
CUST_001373,UNIQ_001373,70401,joao pessoa,PB
CUST_001374,UNIQ_001374,56160,curitiba,PR
CUST_001375,UNIQ_001375,28344,curitiba,PR
CUST_001376,UNIQ_001376,74004,maceio,AL
CUST_001377,UNIQ_001377,81058,curitiba,PR
CUST_001378,UNIQ_001378,78674,rio de janeiro,RJ
CUST_001379,UNIQ_001379,19742,rio de janeiro,RJ
CUST_001380,UNIQ_001380,10836,rio de janeiro,RJ
CUST_001381,UNIQ_001381,28021,teresina,PI
CUST_001382,UNIQ_001382,18908,recife,PE
CUST_001383,UNIQ_001383,11198,fortaleza,CE
CUST_001384,UNIQ_001384,76287,manaus,AM
CUST_001385,UNIQ_001385,58916,campo grande,MS
CUST_001386,UNIQ_001386,90980,rio de janeiro,RJ
CUST_001387,UNIQ_001387,73334,porto velho,RO
CUST_001388,UNIQ_001388,12061,joao pessoa,PB
CUST_001389,UNIQ_001389,79758,sao paulo,SP
CUST_001390,UNIQ_001390,63914,maceio,AL
CUST_001391,UNIQ_001391,12192,sao paulo,SP
CUST_001392,UNIQ_001392,46010,aracaju,SE
CUST_001393,UNIQ_001393,47576,maceio,AL
CUST_001394,UNIQ_001394,75826,sao paulo,SP
CUST_001395,UNIQ_001395,33496,teresina,PI
CUST_001396,UNIQ_001396,22624,salvador,BA
CUST_001397,UNIQ_001397,29516,aracaju,SE
CUST_001398,UNIQ_001398,35156,recife,PE
CUST_001399,UNIQ_001399,79003,porto velho,RO
CUST_001400,UNIQ_001400,56457,porto alegre,RS
CUST_001401,UNIQ_001401,62022,porto alegre,RS
CUST_001402,UNIQ_001402,58896,belo horizonte,MG
CUST_001403,UNIQ_001403,70161,natal,RN
CUST_001404,UNIQ_001404,41877,cuiaba,MT
CUST_001405,UNIQ_001405,49318,recife,PE
CUST_001406,UNIQ_001406,95686,belo horizonte,MG
CUST_001407,UNIQ_001407,22255,rio de janeiro,RJ
CUST_001408,UNIQ_001408,59710,natal,RN
CUST_001409,UNIQ_001409,82443,natal,RN
CUST_001410,UNIQ_001410,17355,joao pessoa,PB
CUST_001411,UNIQ_001411,32463,sao paulo,SP
CUST_001412,UNIQ_001412,75517,belo horizonte,MG
CUST_001413,UNIQ_001413,94529,teresina,PI
CUST_001414,UNIQ_001414,84167,goiania,GO
CUST_001415,UNIQ_001415,79226,salvador,BA
CUST_001416,UNIQ_001416,40115,rio de janeiro,RJ
CUST_001417,UNIQ_001417,84289,manaus,AM
CUST_001418,UNIQ_001418,45532,joao pessoa,PB
CUST_001419,UNIQ_001419,19744,rio de janeiro,RJ
CUST_001420,UNIQ_001420,81176,porto alegre,RS
CUST_001421,UNIQ_001421,96259,cuiaba,MT
CUST_001422,UNIQ_001422,33508,rio de janeiro,RJ
CUST_001423,UNIQ_001423,12052,goiania,GO
CUST_001424,UNIQ_001424,86943,manaus,AM
CUST_001425,UNIQ_001425,62205,fortaleza,CE
CUST_001426,UNIQ_001426,49226,belo horizonte,MG
CUST_001427,UNIQ_001427,83919,curitiba,PR
CUST_001428,UNIQ_001428,84277,recife,PE
CUST_001429,UNIQ_001429,98740,natal,RN
CUST_001430,UNIQ_001430,53480,maceio,AL
CUST_001431,UNIQ_001431,28343,natal,RN
CUST_001432,UNIQ_001432,75639,belo horizonte,MG
CUST_001433,UNIQ_001433,17038,florianopolis,SC
CUST_001434,UNIQ_001434,67290,salvador,BA
CUST_001435,UNIQ_001435,19963,recife,PE
CUST_001436,UNIQ_001436,89320,goiania,GO
CUST_001437,UNIQ_001437,88067,porto velho,RO
CUST_001438,UNIQ_001438,52778,natal,RN
CUST_001439,UNIQ_001439,93115,sao paulo,SP
CUST_001440,UNIQ_001440,69054,porto alegre,RS
CUST_001441,UNIQ_001441,39902,joao pessoa,PB
CUST_001442,UNIQ_001442,82487,florianopolis,SC
CUST_001443,UNIQ_001443,66603,natal,RN
CUST_001444,UNIQ_001444,99088,curitiba,PR
CUST_001445,UNIQ_001445,96595,cuiaba,MT
CUST_001446,UNIQ_001446,21232,natal,RN
CUST_001447,UNIQ_001447,48715,porto velho,RO
CUST_001448,UNIQ_001448,19634,recife,PE
CUST_001449,UNIQ_001449,45123,belo horizonte,MG
CUST_001450,UNIQ_001450,59807,fortaleza,CE
CUST_001451,UNIQ_001451,61068,fortaleza,CE
CUST_001452,UNIQ_001452,57277,goiania,GO
CUST_001453,UNIQ_001453,21995,salvador,BA
CUST_001454,UNIQ_001454,50405,sao paulo,SP
CUST_001455,UNIQ_001455,57175,campo grande,MS
CUST_001456,UNIQ_001456,23399,porto alegre,RS
CUST_001457,UNIQ_001457,21442,fortaleza,CE
CUST_001458,UNIQ_001458,66489,curitiba,PR
CUST_001459,UNIQ_001459,83005,campo grande,MS
CUST_001460,UNIQ_001460,77166,maceio,AL
CUST_001461,UNIQ_001461,23538,teresina,PI
CUST_001462,UNIQ_001462,21746,sao paulo,SP
CUST_001463,UNIQ_001463,82642,florianopolis,SC
CUST_001464,UNIQ_001464,88240,belo horizonte,MG
CUST_001465,UNIQ_001465,52523,porto velho,RO
CUST_001466,UNIQ_001466,11617,natal,RN
CUST_001467,UNIQ_001467,64238,belem,PA
CUST_001468,UNIQ_001468,21101,natal,RN
CUST_001469,UNIQ_001469,41816,maceio,AL
CUST_001470,UNIQ_001470,78302,cuiaba,MT
CUST_001471,UNIQ_001471,99825,curitiba,PR
CUST_001472,UNIQ_001472,32216,natal,RN
CUST_001473,UNIQ_001473,45247,fortaleza,CE
CUST_001474,UNIQ_001474,45180,belem,PA
CUST_001475,UNIQ_001475,29127,joao pessoa,PB
CUST_001476,UNIQ_001476,31916,belo horizonte,MG
CUST_001477,UNIQ_001477,46170,teresina,PI
CUST_001478,UNIQ_001478,49289,teresina,PI
CUST_001479,UNIQ_001479,20082,joao pessoa,PB
CUST_001480,UNIQ_001480,42990,florianopolis,SC
CUST_001481,UNIQ_001481,91924,recife,PE
CUST_001482,UNIQ_001482,87831,joao pessoa,PB
CUST_001483,UNIQ_001483,35630,porto velho,RO
CUST_001484,UNIQ_001484,24021,campo grande,MS
CUST_001485,UNIQ_001485,49932,fortaleza,CE
CUST_001486,UNIQ_001486,61864,sao paulo,SP
CUST_001487,UNIQ_001487,91289,goiania,GO
CUST_001488,UNIQ_001488,53193,natal,RN
CUST_001489,UNIQ_001489,53874,campo grande,MS
CUST_001490,UNIQ_001490,95332,teresina,PI
CUST_001491,UNIQ_001491,27842,porto velho,RO
CUST_001492,UNIQ_001492,52030,belem,PA
CUST_001493,UNIQ_001493,36326,porto velho,RO
CUST_001494,UNIQ_001494,51180,joao pessoa,PB
CUST_001495,UNIQ_001495,62198,curitiba,PR
CUST_001496,UNIQ_001496,48200,goiania,GO
CUST_001497,UNIQ_001497,85481,joao pessoa,PB
CUST_001498,UNIQ_001498,52714,recife,PE
CUST_001499,UNIQ_001499,46739,natal,RN
CUST_001500,UNIQ_001500,57843,natal,RN
CUST_001501,UNIQ_001501,83905,salvador,BA
CUST_001502,UNIQ_001502,87624,manaus,AM
CUST_001503,UNIQ_001503,33583,maceio,AL
CUST_001504,UNIQ_001504,13527,maceio,AL
CUST_001505,UNIQ_001505,37479,campo grande,MS
CUST_001506,UNIQ_001506,48185,campo grande,MS
CUST_001507,UNIQ_001507,63627,belo horizonte,MG
CUST_001508,UNIQ_001508,28242,joao pessoa,PB
CUST_001509,UNIQ_001509,41722,belem,PA
CUST_001510,UNIQ_001510,96332,porto alegre,RS
CUST_001511,UNIQ_001511,65460,fortaleza,CE
CUST_001512,UNIQ_001512,19694,natal,RN
CUST_001513,UNIQ_001513,88372,campo grande,MS
CUST_001514,UNIQ_001514,86315,joao pessoa,PB
CUST_001515,UNIQ_001515,80040,natal,RN
CUST_001516,UNIQ_001516,64827,aracaju,SE
CUST_001517,UNIQ_001517,14818,maceio,AL
CUST_001518,UNIQ_001518,80373,florianopolis,SC
CUST_001519,UNIQ_001519,93647,porto velho,RO
CUST_001520,UNIQ_001520,24335,belo horizonte,MG
CUST_001521,UNIQ_001521,96193,recife,PE
CUST_001522,UNIQ_001522,31802,florianopolis,SC
CUST_001523,UNIQ_001523,15806,porto velho,RO
CUST_001524,UNIQ_001524,94545,cuiaba,MT
CUST_001525,UNIQ_001525,53463,natal,RN
CUST_001526,UNIQ_001526,23886,teresina,PI
CUST_001527,UNIQ_001527,22924,sao paulo,SP
CUST_001528,UNIQ_001528,39098,porto alegre,RS
CUST_001529,UNIQ_001529,77999,aracaju,SE
CUST_001530,UNIQ_001530,86089,maceio,AL
CUST_001531,UNIQ_001531,38971,cuiaba,MT
CUST_001532,UNIQ_001532,59036,campo grande,MS
CUST_001533,UNIQ_001533,70694,natal,RN
CUST_001534,UNIQ_001534,75597,cuiaba,MT
CUST_001535,UNIQ_001535,55215,fortaleza,CE
CUST_001536,UNIQ_001536,73277,sao paulo,SP
CUST_001537,UNIQ_001537,48722,salvador,BA
CUST_001538,UNIQ_001538,21253,teresina,PI
CUST_001539,UNIQ_001539,28569,salvador,BA
CUST_001540,UNIQ_001540,50880,florianopolis,SC
CUST_001541,UNIQ_001541,69681,goiania,GO
CUST_001542,UNIQ_001542,78303,manaus,AM
CUST_001543,UNIQ_001543,55652,joao pessoa,PB
CUST_001544,UNIQ_001544,22795,joao pessoa,PB
CUST_001545,UNIQ_001545,69303,campo grande,MS
CUST_001546,UNIQ_001546,18804,goiania,GO
CUST_001547,UNIQ_001547,15856,belem,PA
CUST_001548,UNIQ_001548,12960,salvador,BA
CUST_001549,UNIQ_001549,94930,goiania,GO
CUST_001550,UNIQ_001550,98754,salvador,BA
CUST_001551,UNIQ_001551,41970,curitiba,PR
CUST_001552,UNIQ_001552,32865,aracaju,SE
CUST_001553,UNIQ_001553,30989,maceio,AL
CUST_001554,UNIQ_001554,83380,goiania,GO
CUST_001555,UNIQ_001555,70562,teresina,PI
CUST_001556,UNIQ_001556,63090,recife,PE
CUST_001557,UNIQ_001557,34430,curitiba,PR
CUST_001558,UNIQ_001558,61849,teresina,PI
CUST_001559,UNIQ_001559,90492,sao paulo,SP
CUST_001560,UNIQ_001560,68926,manaus,AM
CUST_001561,UNIQ_001561,66302,cuiaba,MT
CUST_001562,UNIQ_001562,10583,natal,RN
CUST_001563,UNIQ_001563,36972,manaus,AM
CUST_001564,UNIQ_001564,18200,porto alegre,RS
CUST_001565,UNIQ_001565,23336,cuiaba,MT
CUST_001566,UNIQ_001566,34505,maceio,AL
CUST_001567,UNIQ_001567,52727,florianopolis,SC
CUST_001568,UNIQ_001568,69972,manaus,AM
CUST_001569,UNIQ_001569,44387,salvador,BA
CUST_001570,UNIQ_001570,79168,joao pessoa,PB
CUST_001571,UNIQ_001571,88246,goiania,GO
CUST_001572,UNIQ_001572,90125,natal,RN
CUST_001573,UNIQ_001573,86939,natal,RN
CUST_001574,UNIQ_001574,55603,salvador,BA
CUST_001575,UNIQ_001575,70012,florianopolis,SC
CUST_001576,UNIQ_001576,32613,porto velho,RO
CUST_001577,UNIQ_001577,90541,belem,PA
CUST_001578,UNIQ_001578,21108,cuiaba,MT
CUST_001579,UNIQ_001579,51049,fortaleza,CE
CUST_001580,UNIQ_001580,41270,salvador,BA
CUST_001581,UNIQ_001581,25328,belem,PA
CUST_001582,UNIQ_001582,58929,curitiba,PR
CUST_001583,UNIQ_001583,76954,fortaleza,CE
CUST_001584,UNIQ_001584,64819,natal,RN
CUST_001585,UNIQ_001585,28070,porto velho,RO
CUST_001586,UNIQ_001586,60293,cuiaba,MT
CUST_001587,UNIQ_001587,34347,teresina,PI
CUST_001588,UNIQ_001588,93296,joao pessoa,PB
CUST_001589,UNIQ_001589,94575,maceio,AL
CUST_001590,UNIQ_001590,82733,curitiba,PR
CUST_001591,UNIQ_001591,74178,curitiba,PR
CUST_001592,UNIQ_001592,28388,belem,PA
CUST_001593,UNIQ_001593,51232,curitiba,PR
CUST_001594,UNIQ_001594,91187,campo grande,MS
CUST_001595,UNIQ_001595,57059,rio de janeiro,RJ
CUST_001596,UNIQ_001596,73518,sao paulo,SP
CUST_001597,UNIQ_001597,35575,fortaleza,CE
CUST_001598,UNIQ_001598,83607,natal,RN
CUST_001599,UNIQ_001599,95599,aracaju,SE
CUST_001600,UNIQ_001600,63626,joao pessoa,PB
CUST_001601,UNIQ_001601,64477,joao pessoa,PB
CUST_001602,UNIQ_001602,74054,campo grande,MS
CUST_001603,UNIQ_001603,20835,curitiba,PR
CUST_001604,UNIQ_001604,14044,cuiaba,MT
CUST_001605,UNIQ_001605,48284,recife,PE
CUST_001606,UNIQ_001606,46025,rio de janeiro,RJ
CUST_001607,UNIQ_001607,80465,recife,PE
CUST_001608,UNIQ_001608,32047,belem,PA
CUST_001609,UNIQ_001609,84140,campo grande,MS
CUST_001610,UNIQ_001610,82053,joao pessoa,PB
CUST_001611,UNIQ_001611,24838,aracaju,SE
CUST_001612,UNIQ_001612,24969,cuiaba,MT
CUST_001613,UNIQ_001613,81186,porto alegre,RS
CUST_001614,UNIQ_001614,81046,florianopolis,SC
CUST_001615,UNIQ_001615,67850,rio de janeiro,RJ
CUST_001616,UNIQ_001616,38644,maceio,AL
CUST_001617,UNIQ_001617,23423,teresina,PI
CUST_001618,UNIQ_001618,49021,recife,PE
CUST_001619,UNIQ_001619,68947,rio de janeiro,RJ
CUST_001620,UNIQ_001620,55688,porto alegre,RS
CUST_001621,UNIQ_001621,67549,belo horizonte,MG
CUST_001622,UNIQ_001622,41056,salvador,BA
CUST_001623,UNIQ_001623,87060,manaus,AM
CUST_001624,UNIQ_001624,89988,florianopolis,SC
CUST_001625,UNIQ_001625,31755,teresina,PI
CUST_001626,UNIQ_001626,28249,porto velho,RO
CUST_001627,UNIQ_001627,37124,manaus,AM
CUST_001628,UNIQ_001628,84720,rio de janeiro,RJ
CUST_001629,UNIQ_001629,79767,florianopolis,SC
CUST_001630,UNIQ_001630,88231,porto alegre,RS
CUST_001631,UNIQ_001631,32069,maceio,AL
CUST_001632,UNIQ_001632,48356,goiania,GO
CUST_001633,UNIQ_001633,85069,belem,PA
CUST_001634,UNIQ_001634,77425,porto alegre,RS
CUST_001635,UNIQ_001635,27771,salvador,BA
CUST_001636,UNIQ_001636,17770,teresina,PI
CUST_001637,UNIQ_001637,95969,porto alegre,RS
CUST_001638,UNIQ_001638,27392,fortaleza,CE
CUST_001639,UNIQ_001639,29168,recife,PE
CUST_001640,UNIQ_001640,42447,goiania,GO
CUST_001641,UNIQ_001641,74154,natal,RN
CUST_001642,UNIQ_001642,85684,fortaleza,CE
CUST_001643,UNIQ_001643,92288,porto alegre,RS
CUST_001644,UNIQ_001644,59174,teresina,PI
CUST_001645,UNIQ_001645,19898,campo grande,MS
CUST_001646,UNIQ_001646,62802,belo horizonte,MG
CUST_001647,UNIQ_001647,46467,aracaju,SE
CUST_001648,UNIQ_001648,69597,florianopolis,SC
CUST_001649,UNIQ_001649,52898,joao pessoa,PB
CUST_001650,UNIQ_001650,10324,cuiaba,MT
CUST_001651,UNIQ_001651,70089,belo horizonte,MG
CUST_001652,UNIQ_001652,18300,florianopolis,SC
CUST_001653,UNIQ_001653,62129,maceio,AL
CUST_001654,UNIQ_001654,66314,manaus,AM
CUST_001655,UNIQ_001655,74843,manaus,AM
CUST_001656,UNIQ_001656,52318,porto alegre,RS
CUST_001657,UNIQ_001657,54270,belem,PA
CUST_001658,UNIQ_001658,85750,maceio,AL
CUST_001659,UNIQ_001659,84205,fortaleza,CE
CUST_001660,UNIQ_001660,55054,joao pessoa,PB
CUST_001661,UNIQ_001661,16021,rio de janeiro,RJ
CUST_001662,UNIQ_001662,92074,salvador,BA
CUST_001663,UNIQ_001663,12134,campo grande,MS
CUST_001664,UNIQ_001664,30707,salvador,BA
CUST_001665,UNIQ_001665,69836,campo grande,MS
CUST_001666,UNIQ_001666,66072,sao paulo,SP
CUST_001667,UNIQ_001667,27290,manaus,AM
CUST_001668,UNIQ_001668,30837,belem,PA
CUST_001669,UNIQ_001669,22234,porto alegre,RS
CUST_001670,UNIQ_001670,42819,florianopolis,SC
CUST_001671,UNIQ_001671,58738,belo horizonte,MG
CUST_001672,UNIQ_001672,16787,curitiba,PR
CUST_001673,UNIQ_001673,91999,natal,RN
CUST_001674,UNIQ_001674,40689,belem,PA
CUST_001675,UNIQ_001675,95915,teresina,PI
CUST_001676,UNIQ_001676,22475,belo horizonte,MG
CUST_001677,UNIQ_001677,37973,sao paulo,SP
CUST_001678,UNIQ_001678,20215,joao pessoa,PB
CUST_001679,UNIQ_001679,87814,fortaleza,CE
CUST_001680,UNIQ_001680,78084,recife,PE
CUST_001681,UNIQ_001681,11217,campo grande,MS
CUST_001682,UNIQ_001682,55032,sao paulo,SP
CUST_001683,UNIQ_001683,65353,salvador,BA
CUST_001684,UNIQ_001684,72613,fortaleza,CE
CUST_001685,UNIQ_001685,40008,belo horizonte,MG
CUST_001686,UNIQ_001686,21708,natal,RN
CUST_001687,UNIQ_001687,23526,salvador,BA
CUST_001688,UNIQ_001688,58177,goiania,GO
CUST_001689,UNIQ_001689,27973,belem,PA
CUST_001690,UNIQ_001690,27451,natal,RN
CUST_001691,UNIQ_001691,18966,fortaleza,CE
CUST_001692,UNIQ_001692,83831,aracaju,SE
CUST_001693,UNIQ_001693,89995,sao paulo,SP
CUST_001694,UNIQ_001694,67684,curitiba,PR
CUST_001695,UNIQ_001695,37925,florianopolis,SC
CUST_001696,UNIQ_001696,63963,fortaleza,CE
CUST_001697,UNIQ_001697,99989,porto velho,RO
CUST_001698,UNIQ_001698,38474,campo grande,MS
CUST_001699,UNIQ_001699,23168,belo horizonte,MG
CUST_001700,UNIQ_001700,26142,fortaleza,CE
CUST_001701,UNIQ_001701,60335,cuiaba,MT
CUST_001702,UNIQ_001702,66280,florianopolis,SC
CUST_001703,UNIQ_001703,28327,goiania,GO
CUST_001704,UNIQ_001704,46302,recife,PE
CUST_001705,UNIQ_001705,42527,belo horizonte,MG
CUST_001706,UNIQ_001706,88774,maceio,AL
CUST_001707,UNIQ_001707,89638,porto velho,RO
CUST_001708,UNIQ_001708,13515,belem,PA
CUST_001709,UNIQ_001709,36928,belem,PA
CUST_001710,UNIQ_001710,89551,aracaju,SE
CUST_001711,UNIQ_001711,34726,aracaju,SE
CUST_001712,UNIQ_001712,48737,natal,RN
CUST_001713,UNIQ_001713,41370,rio de janeiro,RJ
CUST_001714,UNIQ_001714,60578,joao pessoa,PB
CUST_001715,UNIQ_001715,41599,salvador,BA
CUST_001716,UNIQ_001716,93634,joao pessoa,PB
CUST_001717,UNIQ_001717,19307,porto velho,RO
CUST_001718,UNIQ_001718,11581,aracaju,SE
CUST_001719,UNIQ_001719,51480,florianopolis,SC
CUST_001720,UNIQ_001720,60703,fortaleza,CE
CUST_001721,UNIQ_001721,65163,cuiaba,MT
CUST_001722,UNIQ_001722,81612,florianopolis,SC
CUST_001723,UNIQ_001723,71736,curitiba,PR
CUST_001724,UNIQ_001724,12187,belo horizonte,MG
CUST_001725,UNIQ_001725,18851,cuiaba,MT
CUST_001726,UNIQ_001726,44365,sao paulo,SP
CUST_001727,UNIQ_001727,15220,manaus,AM
CUST_001728,UNIQ_001728,62163,rio de janeiro,RJ
CUST_001729,UNIQ_001729,47550,aracaju,SE
CUST_001730,UNIQ_001730,64451,aracaju,SE
CUST_001731,UNIQ_001731,62727,teresina,PI
CUST_001732,UNIQ_001732,93956,belo horizonte,MG
CUST_001733,UNIQ_001733,80471,maceio,AL
CUST_001734,UNIQ_001734,30012,porto velho,RO
CUST_001735,UNIQ_001735,20957,porto alegre,RS
CUST_001736,UNIQ_001736,20357,belem,PA
CUST_001737,UNIQ_001737,36633,aracaju,SE
CUST_001738,UNIQ_001738,80305,fortaleza,CE
CUST_001739,UNIQ_001739,61213,goiania,GO
CUST_001740,UNIQ_001740,93138,cuiaba,MT
CUST_001741,UNIQ_001741,50654,belo horizonte,MG
CUST_001742,UNIQ_001742,41278,teresina,PI
CUST_001743,UNIQ_001743,42044,rio de janeiro,RJ
CUST_001744,UNIQ_001744,66948,belo horizonte,MG
CUST_001745,UNIQ_001745,69424,salvador,BA
CUST_001746,UNIQ_001746,89800,porto velho,RO
CUST_001747,UNIQ_001747,50539,rio de janeiro,RJ
CUST_001748,UNIQ_001748,25655,curitiba,PR
CUST_001749,UNIQ_001749,27984,sao paulo,SP
CUST_001750,UNIQ_001750,31473,sao paulo,SP
CUST_001751,UNIQ_001751,55443,joao pessoa,PB
CUST_001752,UNIQ_001752,77793,aracaju,SE
CUST_001753,UNIQ_001753,31884,porto alegre,RS
CUST_001754,UNIQ_001754,26637,florianopolis,SC
CUST_001755,UNIQ_001755,25473,porto alegre,RS
CUST_001756,UNIQ_001756,53910,sao paulo,SP
CUST_001757,UNIQ_001757,45649,teresina,PI
CUST_001758,UNIQ_001758,18371,aracaju,SE
CUST_001759,UNIQ_001759,85582,porto alegre,RS
CUST_001760,UNIQ_001760,75031,belo horizonte,MG
CUST_001761,UNIQ_001761,76949,campo grande,MS
CUST_001762,UNIQ_001762,17266,florianopolis,SC
CUST_001763,UNIQ_001763,84302,joao pessoa,PB
CUST_001764,UNIQ_001764,58193,curitiba,PR
CUST_001765,UNIQ_001765,43438,curitiba,PR
CUST_001766,UNIQ_001766,85223,salvador,BA
CUST_001767,UNIQ_001767,39937,salvador,BA
CUST_001768,UNIQ_001768,10336,aracaju,SE
CUST_001769,UNIQ_001769,11610,rio de janeiro,RJ
CUST_001770,UNIQ_001770,16026,recife,PE
CUST_001771,UNIQ_001771,57707,joao pessoa,PB
CUST_001772,UNIQ_001772,29671,natal,RN
CUST_001773,UNIQ_001773,14635,curitiba,PR
CUST_001774,UNIQ_001774,95944,maceio,AL
CUST_001775,UNIQ_001775,39427,teresina,PI
CUST_001776,UNIQ_001776,42540,goiania,GO
CUST_001777,UNIQ_001777,51934,teresina,PI
CUST_001778,UNIQ_001778,20208,porto alegre,RS
CUST_001779,UNIQ_001779,58864,cuiaba,MT
CUST_001780,UNIQ_001780,75803,salvador,BA
CUST_001781,UNIQ_001781,33507,rio de janeiro,RJ
CUST_001782,UNIQ_001782,77603,recife,PE
CUST_001783,UNIQ_001783,62550,rio de janeiro,RJ
CUST_001784,UNIQ_001784,70960,belo horizonte,MG
CUST_001785,UNIQ_001785,50723,belem,PA
CUST_001786,UNIQ_001786,21322,goiania,GO
CUST_001787,UNIQ_001787,69866,maceio,AL
CUST_001788,UNIQ_001788,58354,sao paulo,SP
CUST_001789,UNIQ_001789,48219,manaus,AM
CUST_001790,UNIQ_001790,49834,cuiaba,MT
CUST_001791,UNIQ_001791,41795,porto velho,RO
CUST_001792,UNIQ_001792,58270,campo grande,MS
CUST_001793,UNIQ_001793,74665,cuiaba,MT
CUST_001794,UNIQ_001794,81638,manaus,AM
CUST_001795,UNIQ_001795,29735,recife,PE
CUST_001796,UNIQ_001796,63744,sao paulo,SP
CUST_001797,UNIQ_001797,40539,sao paulo,SP
CUST_001798,UNIQ_001798,55406,maceio,AL
CUST_001799,UNIQ_001799,53911,sao paulo,SP
CUST_001800,UNIQ_001800,96154,sao paulo,SP
CUST_001801,UNIQ_001801,50306,natal,RN
CUST_001802,UNIQ_001802,36895,salvador,BA
CUST_001803,UNIQ_001803,41217,aracaju,SE
CUST_001804,UNIQ_001804,74491,teresina,PI
CUST_001805,UNIQ_001805,28661,rio de janeiro,RJ
CUST_001806,UNIQ_001806,22193,porto alegre,RS
CUST_001807,UNIQ_001807,40339,rio de janeiro,RJ
CUST_001808,UNIQ_001808,64140,aracaju,SE
CUST_001809,UNIQ_001809,70091,florianopolis,SC
CUST_001810,UNIQ_001810,86122,belo horizonte,MG
CUST_001811,UNIQ_001811,76247,salvador,BA
CUST_001812,UNIQ_001812,93521,fortaleza,CE
CUST_001813,UNIQ_001813,19808,natal,RN
CUST_001814,UNIQ_001814,84425,cuiaba,MT
CUST_001815,UNIQ_001815,67014,rio de janeiro,RJ
CUST_001816,UNIQ_001816,41034,fortaleza,CE
CUST_001817,UNIQ_001817,44208,belem,PA
CUST_001818,UNIQ_001818,61505,goiania,GO
CUST_001819,UNIQ_001819,51688,goiania,GO
CUST_001820,UNIQ_001820,45645,campo grande,MS
CUST_001821,UNIQ_001821,19789,recife,PE
CUST_001822,UNIQ_001822,27840,manaus,AM
CUST_001823,UNIQ_001823,24283,cuiaba,MT
CUST_001824,UNIQ_001824,23848,fortaleza,CE
CUST_001825,UNIQ_001825,68925,curitiba,PR
CUST_001826,UNIQ_001826,51160,campo grande,MS
CUST_001827,UNIQ_001827,25825,teresina,PI
CUST_001828,UNIQ_001828,56961,maceio,AL
CUST_001829,UNIQ_001829,69233,manaus,AM
CUST_001830,UNIQ_001830,70731,belem,PA
CUST_001831,UNIQ_001831,25717,porto alegre,RS
CUST_001832,UNIQ_001832,30658,belo horizonte,MG
CUST_001833,UNIQ_001833,89076,belem,PA
CUST_001834,UNIQ_001834,38183,rio de janeiro,RJ
CUST_001835,UNIQ_001835,29441,goiania,GO
CUST_001836,UNIQ_001836,42534,belo horizonte,MG
CUST_001837,UNIQ_001837,61936,florianopolis,SC
CUST_001838,UNIQ_001838,16416,aracaju,SE
CUST_001839,UNIQ_001839,44100,belem,PA
CUST_001840,UNIQ_001840,14073,curitiba,PR
CUST_001841,UNIQ_001841,69270,natal,RN
CUST_001842,UNIQ_001842,82105,maceio,AL
CUST_001843,UNIQ_001843,22415,recife,PE
CUST_001844,UNIQ_001844,23357,campo grande,MS
CUST_001845,UNIQ_001845,25919,fortaleza,CE
CUST_001846,UNIQ_001846,18083,sao paulo,SP
CUST_001847,UNIQ_001847,27133,recife,PE
CUST_001848,UNIQ_001848,62505,manaus,AM
CUST_001849,UNIQ_001849,99952,florianopolis,SC
CUST_001850,UNIQ_001850,86326,belo horizonte,MG
CUST_001851,UNIQ_001851,43924,cuiaba,MT
CUST_001852,UNIQ_001852,12857,belo horizonte,MG
CUST_001853,UNIQ_001853,35919,belo horizonte,MG
CUST_001854,UNIQ_001854,26880,campo grande,MS
CUST_001855,UNIQ_001855,53456,belo horizonte,MG
CUST_001856,UNIQ_001856,15596,salvador,BA
CUST_001857,UNIQ_001857,16637,campo grande,MS
CUST_001858,UNIQ_001858,85220,curitiba,PR
CUST_001859,UNIQ_001859,61773,teresina,PI
CUST_001860,UNIQ_001860,13864,joao pessoa,PB
CUST_001861,UNIQ_001861,99550,natal,RN
CUST_001862,UNIQ_001862,32650,teresina,PI
CUST_001863,UNIQ_001863,38143,florianopolis,SC
CUST_001864,UNIQ_001864,46042,curitiba,PR
CUST_001865,UNIQ_001865,68459,porto alegre,RS
CUST_001866,UNIQ_001866,14541,fortaleza,CE
CUST_001867,UNIQ_001867,91156,porto velho,RO
CUST_001868,UNIQ_001868,42215,porto velho,RO
CUST_001869,UNIQ_001869,75390,belem,PA
CUST_001870,UNIQ_001870,82179,teresina,PI
CUST_001871,UNIQ_001871,17992,joao pessoa,PB
CUST_001872,UNIQ_001872,46670,belo horizonte,MG
CUST_001873,UNIQ_001873,27987,natal,RN
CUST_001874,UNIQ_001874,36143,teresina,PI
CUST_001875,UNIQ_001875,42656,aracaju,SE
CUST_001876,UNIQ_001876,12559,maceio,AL
CUST_001877,UNIQ_001877,57069,natal,RN
CUST_001878,UNIQ_001878,81371,joao pessoa,PB
CUST_001879,UNIQ_001879,55093,joao pessoa,PB
CUST_001880,UNIQ_001880,75849,cuiaba,MT
CUST_001881,UNIQ_001881,60905,goiania,GO
CUST_001882,UNIQ_001882,33568,porto alegre,RS
CUST_001883,UNIQ_001883,51795,sao paulo,SP
CUST_001884,UNIQ_001884,38707,porto velho,RO
CUST_001885,UNIQ_001885,46822,sao paulo,SP
CUST_001886,UNIQ_001886,71824,rio de janeiro,RJ
CUST_001887,UNIQ_001887,56849,aracaju,SE
CUST_001888,UNIQ_001888,40508,cuiaba,MT
CUST_001889,UNIQ_001889,23124,curitiba,PR
CUST_001890,UNIQ_001890,96096,recife,PE
CUST_001891,UNIQ_001891,44934,recife,PE
CUST_001892,UNIQ_001892,17328,maceio,AL
CUST_001893,UNIQ_001893,85457,recife,PE
CUST_001894,UNIQ_001894,56504,natal,RN
CUST_001895,UNIQ_001895,33081,curitiba,PR
CUST_001896,UNIQ_001896,87662,recife,PE
CUST_001897,UNIQ_001897,57026,goiania,GO
CUST_001898,UNIQ_001898,13697,cuiaba,MT
CUST_001899,UNIQ_001899,84403,florianopolis,SC
CUST_001900,UNIQ_001900,28625,cuiaba,MT
CUST_001901,UNIQ_001901,34672,cuiaba,MT
CUST_001902,UNIQ_001902,81057,joao pessoa,PB
CUST_001903,UNIQ_001903,33010,belem,PA
CUST_001904,UNIQ_001904,14975,joao pessoa,PB
CUST_001905,UNIQ_001905,17362,belo horizonte,MG
CUST_001906,UNIQ_001906,88861,recife,PE
CUST_001907,UNIQ_001907,12612,recife,PE
CUST_001908,UNIQ_001908,72650,aracaju,SE
CUST_001909,UNIQ_001909,53481,sao paulo,SP
CUST_001910,UNIQ_001910,36406,porto velho,RO
CUST_001911,UNIQ_001911,54663,fortaleza,CE
CUST_001912,UNIQ_001912,52413,curitiba,PR
CUST_001913,UNIQ_001913,12872,rio de janeiro,RJ
CUST_001914,UNIQ_001914,86888,fortaleza,CE
CUST_001915,UNIQ_001915,24538,fortaleza,CE
CUST_001916,UNIQ_001916,57826,aracaju,SE
CUST_001917,UNIQ_001917,58967,belo horizonte,MG
CUST_001918,UNIQ_001918,86810,natal,RN
CUST_001919,UNIQ_001919,54113,salvador,BA
CUST_001920,UNIQ_001920,52284,belem,PA
CUST_001921,UNIQ_001921,30644,fortaleza,CE
CUST_001922,UNIQ_001922,93789,teresina,PI
CUST_001923,UNIQ_001923,95089,joao pessoa,PB
CUST_001924,UNIQ_001924,32833,goiania,GO
CUST_001925,UNIQ_001925,90440,maceio,AL
CUST_001926,UNIQ_001926,39260,florianopolis,SC
CUST_001927,UNIQ_001927,32983,cuiaba,MT
CUST_001928,UNIQ_001928,50215,natal,RN
CUST_001929,UNIQ_001929,26691,belem,PA
CUST_001930,UNIQ_001930,10235,curitiba,PR
CUST_001931,UNIQ_001931,61327,cuiaba,MT
CUST_001932,UNIQ_001932,14244,cuiaba,MT
CUST_001933,UNIQ_001933,88956,curitiba,PR
CUST_001934,UNIQ_001934,90134,goiania,GO
CUST_001935,UNIQ_001935,93839,recife,PE
CUST_001936,UNIQ_001936,23645,cuiaba,MT
CUST_001937,UNIQ_001937,28434,joao pessoa,PB
CUST_001938,UNIQ_001938,20198,goiania,GO
CUST_001939,UNIQ_001939,55457,recife,PE
CUST_001940,UNIQ_001940,32005,goiania,GO
CUST_001941,UNIQ_001941,97821,belo horizonte,MG
CUST_001942,UNIQ_001942,68540,goiania,GO
CUST_001943,UNIQ_001943,44761,sao paulo,SP
CUST_001944,UNIQ_001944,42707,manaus,AM
CUST_001945,UNIQ_001945,55938,belo horizonte,MG
CUST_001946,UNIQ_001946,24160,porto alegre,RS
CUST_001947,UNIQ_001947,16310,sao paulo,SP
CUST_001948,UNIQ_001948,67438,natal,RN
CUST_001949,UNIQ_001949,31802,teresina,PI
CUST_001950,UNIQ_001950,74629,teresina,PI
CUST_001951,UNIQ_001951,56036,natal,RN
CUST_001952,UNIQ_001952,59197,maceio,AL
CUST_001953,UNIQ_001953,72847,salvador,BA
CUST_001954,UNIQ_001954,95323,cuiaba,MT
CUST_001955,UNIQ_001955,31319,recife,PE
CUST_001956,UNIQ_001956,19661,campo grande,MS
CUST_001957,UNIQ_001957,48654,rio de janeiro,RJ
CUST_001958,UNIQ_001958,51774,sao paulo,SP
CUST_001959,UNIQ_001959,23726,porto alegre,RS
CUST_001960,UNIQ_001960,54801,belo horizonte,MG
CUST_001961,UNIQ_001961,59212,curitiba,PR
CUST_001962,UNIQ_001962,19830,curitiba,PR
CUST_001963,UNIQ_001963,22203,maceio,AL
CUST_001964,UNIQ_001964,87860,goiania,GO
CUST_001965,UNIQ_001965,73273,porto velho,RO
CUST_001966,UNIQ_001966,66534,sao paulo,SP
CUST_001967,UNIQ_001967,89602,curitiba,PR
CUST_001968,UNIQ_001968,30591,teresina,PI
CUST_001969,UNIQ_001969,23272,rio de janeiro,RJ
CUST_001970,UNIQ_001970,36941,goiania,GO
CUST_001971,UNIQ_001971,63645,manaus,AM
CUST_001972,UNIQ_001972,80795,maceio,AL
CUST_001973,UNIQ_001973,96585,porto alegre,RS
CUST_001974,UNIQ_001974,48980,belem,PA
CUST_001975,UNIQ_001975,22571,recife,PE
CUST_001976,UNIQ_001976,61498,rio de janeiro,RJ
CUST_001977,UNIQ_001977,82045,cuiaba,MT
CUST_001978,UNIQ_001978,30131,joao pessoa,PB
CUST_001979,UNIQ_001979,57294,rio de janeiro,RJ
CUST_001980,UNIQ_001980,66047,sao paulo,SP
CUST_001981,UNIQ_001981,48607,belo horizonte,MG
CUST_001982,UNIQ_001982,72957,porto velho,RO
CUST_001983,UNIQ_001983,22712,manaus,AM
CUST_001984,UNIQ_001984,37125,sao paulo,SP
CUST_001985,UNIQ_001985,93648,curitiba,PR
CUST_001986,UNIQ_001986,20739,belem,PA
CUST_001987,UNIQ_001987,25139,joao pessoa,PB
CUST_001988,UNIQ_001988,62096,belem,PA
CUST_001989,UNIQ_001989,74106,joao pessoa,PB
CUST_001990,UNIQ_001990,21945,porto alegre,RS
CUST_001991,UNIQ_001991,60793,maceio,AL
CUST_001992,UNIQ_001992,58630,curitiba,PR
CUST_001993,UNIQ_001993,58418,natal,RN
CUST_001994,UNIQ_001994,68428,curitiba,PR
CUST_001995,UNIQ_001995,44510,rio de janeiro,RJ
CUST_001996,UNIQ_001996,70956,campo grande,MS
CUST_001997,UNIQ_001997,39654,porto alegre,RS
CUST_001998,UNIQ_001998,83956,porto alegre,RS
CUST_001999,UNIQ_001999,29808,rio de janeiro,RJ
CUST_002000,UNIQ_002000,21233,salvador,BA
CUST_002001,UNIQ_002001,80968,florianopolis,SC
CUST_002002,UNIQ_002002,87296,teresina,PI
CUST_002003,UNIQ_002003,82561,recife,PE
CUST_002004,UNIQ_002004,60738,rio de janeiro,RJ
CUST_002005,UNIQ_002005,64870,aracaju,SE
CUST_002006,UNIQ_002006,72236,maceio,AL
CUST_002007,UNIQ_002007,40886,cuiaba,MT
CUST_002008,UNIQ_002008,49171,joao pessoa,PB
CUST_002009,UNIQ_002009,61747,belo horizonte,MG
CUST_002010,UNIQ_002010,75811,rio de janeiro,RJ
CUST_002011,UNIQ_002011,77740,cuiaba,MT
CUST_002012,UNIQ_002012,98805,cuiaba,MT
CUST_002013,UNIQ_002013,29326,porto velho,RO
CUST_002014,UNIQ_002014,68856,salvador,BA
CUST_002015,UNIQ_002015,31910,curitiba,PR
CUST_002016,UNIQ_002016,35260,manaus,AM
CUST_002017,UNIQ_002017,15593,fortaleza,CE
CUST_002018,UNIQ_002018,20271,teresina,PI
CUST_002019,UNIQ_002019,36465,teresina,PI
CUST_002020,UNIQ_002020,87994,fortaleza,CE
CUST_002021,UNIQ_002021,51910,porto alegre,RS
CUST_002022,UNIQ_002022,21406,belo horizonte,MG
CUST_002023,UNIQ_002023,82923,natal,RN
CUST_002024,UNIQ_002024,82358,natal,RN
CUST_002025,UNIQ_002025,46202,goiania,GO
CUST_002026,UNIQ_002026,70051,aracaju,SE
CUST_002027,UNIQ_002027,91665,sao paulo,SP
CUST_002028,UNIQ_002028,78493,cuiaba,MT
CUST_002029,UNIQ_002029,24748,teresina,PI
CUST_002030,UNIQ_002030,29613,teresina,PI
CUST_002031,UNIQ_002031,84264,fortaleza,CE
CUST_002032,UNIQ_002032,86372,cuiaba,MT
CUST_002033,UNIQ_002033,23845,salvador,BA
CUST_002034,UNIQ_002034,23237,cuiaba,MT
CUST_002035,UNIQ_002035,80206,belem,PA
CUST_002036,UNIQ_002036,63856,florianopolis,SC
CUST_002037,UNIQ_002037,60206,porto alegre,RS
CUST_002038,UNIQ_002038,84976,joao pessoa,PB
CUST_002039,UNIQ_002039,72003,porto velho,RO
CUST_002040,UNIQ_002040,32570,rio de janeiro,RJ
CUST_002041,UNIQ_002041,62818,porto alegre,RS
CUST_002042,UNIQ_002042,91034,fortaleza,CE
CUST_002043,UNIQ_002043,99235,porto velho,RO
CUST_002044,UNIQ_002044,15083,natal,RN
CUST_002045,UNIQ_002045,53449,natal,RN
CUST_002046,UNIQ_002046,16460,recife,PE
CUST_002047,UNIQ_002047,45203,joao pessoa,PB
CUST_002048,UNIQ_002048,12651,florianopolis,SC
CUST_002049,UNIQ_002049,49722,goiania,GO
CUST_002050,UNIQ_002050,46745,belem,PA
CUST_002051,UNIQ_002051,99764,joao pessoa,PB
CUST_002052,UNIQ_002052,39878,salvador,BA
CUST_002053,UNIQ_002053,49384,fortaleza,CE
CUST_002054,UNIQ_002054,52056,campo grande,MS
CUST_002055,UNIQ_002055,64627,porto alegre,RS
CUST_002056,UNIQ_002056,94614,porto velho,RO
CUST_002057,UNIQ_002057,34633,belo horizonte,MG
CUST_002058,UNIQ_002058,37707,campo grande,MS
CUST_002059,UNIQ_002059,73499,teresina,PI
CUST_002060,UNIQ_002060,59009,aracaju,SE
CUST_002061,UNIQ_002061,77537,rio de janeiro,RJ
CUST_002062,UNIQ_002062,18600,curitiba,PR
CUST_002063,UNIQ_002063,76426,belem,PA
CUST_002064,UNIQ_002064,27779,natal,RN
CUST_002065,UNIQ_002065,84537,aracaju,SE
CUST_002066,UNIQ_002066,32772,sao paulo,SP
CUST_002067,UNIQ_002067,36309,manaus,AM
CUST_002068,UNIQ_002068,42701,rio de janeiro,RJ
CUST_002069,UNIQ_002069,69827,rio de janeiro,RJ
CUST_002070,UNIQ_002070,57235,rio de janeiro,RJ
CUST_002071,UNIQ_002071,45910,manaus,AM
CUST_002072,UNIQ_002072,70846,florianopolis,SC
CUST_002073,UNIQ_002073,62028,aracaju,SE
CUST_002074,UNIQ_002074,99282,salvador,BA
CUST_002075,UNIQ_002075,41711,sao paulo,SP
CUST_002076,UNIQ_002076,74066,florianopolis,SC
CUST_002077,UNIQ_002077,68471,porto velho,RO
CUST_002078,UNIQ_002078,72204,curitiba,PR
CUST_002079,UNIQ_002079,82264,cuiaba,MT
CUST_002080,UNIQ_002080,55121,florianopolis,SC
CUST_002081,UNIQ_002081,43903,curitiba,PR
CUST_002082,UNIQ_002082,47364,belo horizonte,MG
CUST_002083,UNIQ_002083,60667,sao paulo,SP
CUST_002084,UNIQ_002084,31352,rio de janeiro,RJ
CUST_002085,UNIQ_002085,38091,cuiaba,MT
CUST_002086,UNIQ_002086,94853,recife,PE
CUST_002087,UNIQ_002087,98826,recife,PE
CUST_002088,UNIQ_002088,45269,manaus,AM
CUST_002089,UNIQ_002089,77276,teresina,PI
CUST_002090,UNIQ_002090,99417,sao paulo,SP
CUST_002091,UNIQ_002091,72140,sao paulo,SP
CUST_002092,UNIQ_002092,94852,fortaleza,CE
CUST_002093,UNIQ_002093,88792,curitiba,PR
CUST_002094,UNIQ_002094,39329,sao paulo,SP
CUST_002095,UNIQ_002095,89736,porto alegre,RS
CUST_002096,UNIQ_002096,94245,belem,PA
CUST_002097,UNIQ_002097,65549,porto alegre,RS
CUST_002098,UNIQ_002098,55706,natal,RN
CUST_002099,UNIQ_002099,43029,campo grande,MS
CUST_002100,UNIQ_002100,71171,manaus,AM
CUST_002101,UNIQ_002101,98761,belem,PA
CUST_002102,UNIQ_002102,91737,aracaju,SE
CUST_002103,UNIQ_002103,86609,natal,RN
CUST_002104,UNIQ_002104,10963,salvador,BA
CUST_002105,UNIQ_002105,96816,aracaju,SE
CUST_002106,UNIQ_002106,83591,florianopolis,SC
CUST_002107,UNIQ_002107,89829,porto velho,RO
CUST_002108,UNIQ_002108,49121,belem,PA
CUST_002109,UNIQ_002109,73142,salvador,BA
CUST_002110,UNIQ_002110,54077,belo horizonte,MG
CUST_002111,UNIQ_002111,93964,porto alegre,RS
CUST_002112,UNIQ_002112,46291,goiania,GO
CUST_002113,UNIQ_002113,95998,porto alegre,RS
CUST_002114,UNIQ_002114,34688,belem,PA
CUST_002115,UNIQ_002115,77802,fortaleza,CE
CUST_002116,UNIQ_002116,17441,recife,PE
CUST_002117,UNIQ_002117,62965,porto velho,RO
CUST_002118,UNIQ_002118,99228,goiania,GO
CUST_002119,UNIQ_002119,13336,fortaleza,CE
CUST_002120,UNIQ_002120,48745,joao pessoa,PB
CUST_002121,UNIQ_002121,64862,porto alegre,RS
CUST_002122,UNIQ_002122,60891,natal,RN
CUST_002123,UNIQ_002123,86418,rio de janeiro,RJ
CUST_002124,UNIQ_002124,34892,cuiaba,MT
CUST_002125,UNIQ_002125,39145,goiania,GO
CUST_002126,UNIQ_002126,93665,maceio,AL
CUST_002127,UNIQ_002127,98063,joao pessoa,PB
CUST_002128,UNIQ_002128,76494,florianopolis,SC
CUST_002129,UNIQ_002129,32280,belem,PA
CUST_002130,UNIQ_002130,33741,maceio,AL
CUST_002131,UNIQ_002131,22793,belem,PA
CUST_002132,UNIQ_002132,26769,joao pessoa,PB
CUST_002133,UNIQ_002133,83273,porto alegre,RS
CUST_002134,UNIQ_002134,99091,curitiba,PR
CUST_002135,UNIQ_002135,95778,goiania,GO
CUST_002136,UNIQ_002136,39131,belo horizonte,MG
CUST_002137,UNIQ_002137,39272,florianopolis,SC
CUST_002138,UNIQ_002138,65112,belem,PA
CUST_002139,UNIQ_002139,58717,goiania,GO
CUST_002140,UNIQ_002140,86751,porto alegre,RS
CUST_002141,UNIQ_002141,70786,belem,PA
CUST_002142,UNIQ_002142,71674,salvador,BA
CUST_002143,UNIQ_002143,93151,rio de janeiro,RJ
CUST_002144,UNIQ_002144,86062,cuiaba,MT
CUST_002145,UNIQ_002145,19334,porto velho,RO
CUST_002146,UNIQ_002146,35499,joao pessoa,PB
CUST_002147,UNIQ_002147,25704,aracaju,SE
CUST_002148,UNIQ_002148,79446,natal,RN
CUST_002149,UNIQ_002149,64146,belem,PA
CUST_002150,UNIQ_002150,29762,rio de janeiro,RJ
CUST_002151,UNIQ_002151,36253,fortaleza,CE
CUST_002152,UNIQ_002152,63633,goiania,GO
CUST_002153,UNIQ_002153,69974,cuiaba,MT
CUST_002154,UNIQ_002154,51469,fortaleza,CE
CUST_002155,UNIQ_002155,20592,curitiba,PR
CUST_002156,UNIQ_002156,53598,joao pessoa,PB
CUST_002157,UNIQ_002157,51079,curitiba,PR
CUST_002158,UNIQ_002158,10617,rio de janeiro,RJ
CUST_002159,UNIQ_002159,45851,campo grande,MS
CUST_002160,UNIQ_002160,32099,manaus,AM
CUST_002161,UNIQ_002161,30766,cuiaba,MT
CUST_002162,UNIQ_002162,21539,joao pessoa,PB
CUST_002163,UNIQ_002163,90541,fortaleza,CE
CUST_002164,UNIQ_002164,93032,teresina,PI
CUST_002165,UNIQ_002165,62873,teresina,PI
CUST_002166,UNIQ_002166,72573,teresina,PI
CUST_002167,UNIQ_002167,10611,natal,RN
CUST_002168,UNIQ_002168,79963,rio de janeiro,RJ
CUST_002169,UNIQ_002169,58903,manaus,AM
CUST_002170,UNIQ_002170,52233,sao paulo,SP
CUST_002171,UNIQ_002171,34979,aracaju,SE
CUST_002172,UNIQ_002172,98702,sao paulo,SP
CUST_002173,UNIQ_002173,92141,sao paulo,SP
CUST_002174,UNIQ_002174,39657,recife,PE
CUST_002175,UNIQ_002175,50906,florianopolis,SC
CUST_002176,UNIQ_002176,23462,fortaleza,CE
CUST_002177,UNIQ_002177,75973,natal,RN
CUST_002178,UNIQ_002178,50123,cuiaba,MT
CUST_002179,UNIQ_002179,18557,curitiba,PR
CUST_002180,UNIQ_002180,49085,rio de janeiro,RJ
CUST_002181,UNIQ_002181,69759,belem,PA
CUST_002182,UNIQ_002182,88167,aracaju,SE
CUST_002183,UNIQ_002183,54280,aracaju,SE
CUST_002184,UNIQ_002184,27536,teresina,PI
CUST_002185,UNIQ_002185,74248,goiania,GO
CUST_002186,UNIQ_002186,34697,florianopolis,SC
CUST_002187,UNIQ_002187,62873,curitiba,PR
CUST_002188,UNIQ_002188,39939,sao paulo,SP
CUST_002189,UNIQ_002189,27197,recife,PE
CUST_002190,UNIQ_002190,12872,manaus,AM
CUST_002191,UNIQ_002191,76143,cuiaba,MT
CUST_002192,UNIQ_002192,26143,curitiba,PR
CUST_002193,UNIQ_002193,95267,florianopolis,SC
CUST_002194,UNIQ_002194,59177,rio de janeiro,RJ
CUST_002195,UNIQ_002195,80088,porto alegre,RS
CUST_002196,UNIQ_002196,16368,porto velho,RO
CUST_002197,UNIQ_002197,16286,porto velho,RO
CUST_002198,UNIQ_002198,95664,salvador,BA
CUST_002199,UNIQ_002199,16322,sao paulo,SP
CUST_002200,UNIQ_002200,64627,salvador,BA
CUST_002201,UNIQ_002201,59840,campo grande,MS
CUST_002202,UNIQ_002202,81733,salvador,BA
CUST_002203,UNIQ_002203,72180,porto alegre,RS
CUST_002204,UNIQ_002204,36934,fortaleza,CE
CUST_002205,UNIQ_002205,49467,sao paulo,SP
CUST_002206,UNIQ_002206,96725,teresina,PI
CUST_002207,UNIQ_002207,96832,salvador,BA
CUST_002208,UNIQ_002208,45386,aracaju,SE
CUST_002209,UNIQ_002209,89381,porto velho,RO
CUST_002210,UNIQ_002210,64896,fortaleza,CE
CUST_002211,UNIQ_002211,77054,salvador,BA
CUST_002212,UNIQ_002212,25431,porto velho,RO
CUST_002213,UNIQ_002213,24943,belem,PA
CUST_002214,UNIQ_002214,75239,salvador,BA
CUST_002215,UNIQ_002215,89823,manaus,AM
CUST_002216,UNIQ_002216,44471,manaus,AM
CUST_002217,UNIQ_002217,36433,aracaju,SE
CUST_002218,UNIQ_002218,63707,florianopolis,SC
CUST_002219,UNIQ_002219,31020,belem,PA
CUST_002220,UNIQ_002220,81845,rio de janeiro,RJ
CUST_002221,UNIQ_002221,37222,joao pessoa,PB
CUST_002222,UNIQ_002222,53332,joao pessoa,PB
CUST_002223,UNIQ_002223,10358,recife,PE
CUST_002224,UNIQ_002224,98032,sao paulo,SP
CUST_002225,UNIQ_002225,24474,belo horizonte,MG
CUST_002226,UNIQ_002226,97690,cuiaba,MT
CUST_002227,UNIQ_002227,29548,joao pessoa,PB
CUST_002228,UNIQ_002228,77070,belo horizonte,MG
CUST_002229,UNIQ_002229,23276,belo horizonte,MG
CUST_002230,UNIQ_002230,94454,porto alegre,RS
CUST_002231,UNIQ_002231,69867,recife,PE
CUST_002232,UNIQ_002232,44619,belem,PA
CUST_002233,UNIQ_002233,16564,campo grande,MS
CUST_002234,UNIQ_002234,32898,salvador,BA
CUST_002235,UNIQ_002235,48085,rio de janeiro,RJ
CUST_002236,UNIQ_002236,98705,florianopolis,SC
CUST_002237,UNIQ_002237,65836,goiania,GO
CUST_002238,UNIQ_002238,22451,salvador,BA
CUST_002239,UNIQ_002239,11267,rio de janeiro,RJ
CUST_002240,UNIQ_002240,96947,fortaleza,CE
CUST_002241,UNIQ_002241,53078,curitiba,PR
CUST_002242,UNIQ_002242,67372,florianopolis,SC
CUST_002243,UNIQ_002243,45167,porto velho,RO
CUST_002244,UNIQ_002244,58840,belo horizonte,MG
CUST_002245,UNIQ_002245,33969,goiania,GO
CUST_002246,UNIQ_002246,62530,salvador,BA
CUST_002247,UNIQ_002247,69839,natal,RN
CUST_002248,UNIQ_002248,60556,porto alegre,RS
CUST_002249,UNIQ_002249,65278,joao pessoa,PB
CUST_002250,UNIQ_002250,24818,curitiba,PR
CUST_002251,UNIQ_002251,17686,fortaleza,CE
CUST_002252,UNIQ_002252,23593,curitiba,PR
CUST_002253,UNIQ_002253,87430,teresina,PI
CUST_002254,UNIQ_002254,84572,joao pessoa,PB
CUST_002255,UNIQ_002255,33758,campo grande,MS
CUST_002256,UNIQ_002256,59774,porto velho,RO
CUST_002257,UNIQ_002257,90131,florianopolis,SC
CUST_002258,UNIQ_002258,99714,sao paulo,SP
CUST_002259,UNIQ_002259,73318,fortaleza,CE
CUST_002260,UNIQ_002260,24802,joao pessoa,PB
CUST_002261,UNIQ_002261,67761,teresina,PI
CUST_002262,UNIQ_002262,18301,rio de janeiro,RJ
CUST_002263,UNIQ_002263,95848,porto alegre,RS
CUST_002264,UNIQ_002264,11620,goiania,GO
CUST_002265,UNIQ_002265,85582,aracaju,SE
CUST_002266,UNIQ_002266,39358,cuiaba,MT
CUST_002267,UNIQ_002267,78039,goiania,GO
CUST_002268,UNIQ_002268,91033,aracaju,SE
CUST_002269,UNIQ_002269,66734,salvador,BA
CUST_002270,UNIQ_002270,73167,recife,PE
CUST_002271,UNIQ_002271,96993,florianopolis,SC
CUST_002272,UNIQ_002272,29484,natal,RN
CUST_002273,UNIQ_002273,90335,maceio,AL
CUST_002274,UNIQ_002274,11526,rio de janeiro,RJ
CUST_002275,UNIQ_002275,76265,curitiba,PR
CUST_002276,UNIQ_002276,74990,joao pessoa,PB
CUST_002277,UNIQ_002277,19812,curitiba,PR
CUST_002278,UNIQ_002278,52026,joao pessoa,PB
CUST_002279,UNIQ_002279,53371,recife,PE
CUST_002280,UNIQ_002280,16599,porto alegre,RS
CUST_002281,UNIQ_002281,39190,aracaju,SE
CUST_002282,UNIQ_002282,94320,maceio,AL
CUST_002283,UNIQ_002283,62858,natal,RN
CUST_002284,UNIQ_002284,20332,recife,PE
CUST_002285,UNIQ_002285,68220,campo grande,MS
CUST_002286,UNIQ_002286,68733,cuiaba,MT
CUST_002287,UNIQ_002287,75333,belo horizonte,MG
CUST_002288,UNIQ_002288,51426,campo grande,MS
CUST_002289,UNIQ_002289,75191,salvador,BA
CUST_002290,UNIQ_002290,23453,sao paulo,SP
CUST_002291,UNIQ_002291,64046,natal,RN
CUST_002292,UNIQ_002292,83024,rio de janeiro,RJ
CUST_002293,UNIQ_002293,10022,maceio,AL
CUST_002294,UNIQ_002294,89194,belo horizonte,MG
CUST_002295,UNIQ_002295,93563,porto velho,RO
CUST_002296,UNIQ_002296,76628,belem,PA
CUST_002297,UNIQ_002297,37112,maceio,AL
CUST_002298,UNIQ_002298,54676,campo grande,MS
CUST_002299,UNIQ_002299,17113,florianopolis,SC
CUST_002300,UNIQ_002300,69566,recife,PE
CUST_002301,UNIQ_002301,83420,goiania,GO
CUST_002302,UNIQ_002302,88636,porto velho,RO
CUST_002303,UNIQ_002303,96136,joao pessoa,PB
CUST_002304,UNIQ_002304,69314,florianopolis,SC
CUST_002305,UNIQ_002305,22771,salvador,BA
CUST_002306,UNIQ_002306,10287,recife,PE
CUST_002307,UNIQ_002307,56548,goiania,GO
CUST_002308,UNIQ_002308,81786,belem,PA
CUST_002309,UNIQ_002309,59006,aracaju,SE
CUST_002310,UNIQ_002310,16000,salvador,BA
CUST_002311,UNIQ_002311,74542,curitiba,PR
CUST_002312,UNIQ_002312,63636,fortaleza,CE
CUST_002313,UNIQ_002313,43330,salvador,BA
CUST_002314,UNIQ_002314,35679,porto velho,RO
CUST_002315,UNIQ_002315,25826,manaus,AM
CUST_002316,UNIQ_002316,38257,natal,RN
CUST_002317,UNIQ_002317,34979,campo grande,MS
CUST_002318,UNIQ_002318,24125,goiania,GO
CUST_002319,UNIQ_002319,16094,teresina,PI
CUST_002320,UNIQ_002320,26150,cuiaba,MT
CUST_002321,UNIQ_002321,69950,campo grande,MS
CUST_002322,UNIQ_002322,76086,cuiaba,MT
CUST_002323,UNIQ_002323,75382,fortaleza,CE
CUST_002324,UNIQ_002324,79515,sao paulo,SP
CUST_002325,UNIQ_002325,82512,rio de janeiro,RJ
CUST_002326,UNIQ_002326,86692,teresina,PI
CUST_002327,UNIQ_002327,76628,joao pessoa,PB
CUST_002328,UNIQ_002328,85832,curitiba,PR
CUST_002329,UNIQ_002329,26827,curitiba,PR
CUST_002330,UNIQ_002330,60778,salvador,BA
CUST_002331,UNIQ_002331,89450,porto velho,RO
CUST_002332,UNIQ_002332,76074,goiania,GO
CUST_002333,UNIQ_002333,64875,natal,RN
CUST_002334,UNIQ_002334,42537,porto velho,RO
CUST_002335,UNIQ_002335,62149,porto alegre,RS
CUST_002336,UNIQ_002336,48557,goiania,GO
CUST_002337,UNIQ_002337,27481,campo grande,MS
CUST_002338,UNIQ_002338,64099,fortaleza,CE
CUST_002339,UNIQ_002339,77147,porto velho,RO
CUST_002340,UNIQ_002340,81802,belem,PA
CUST_002341,UNIQ_002341,82559,goiania,GO
CUST_002342,UNIQ_002342,36330,manaus,AM
CUST_002343,UNIQ_002343,91810,manaus,AM
CUST_002344,UNIQ_002344,99995,belem,PA
CUST_002345,UNIQ_002345,98129,florianopolis,SC
CUST_002346,UNIQ_002346,95208,fortaleza,CE
CUST_002347,UNIQ_002347,76046,curitiba,PR
CUST_002348,UNIQ_002348,93476,maceio,AL
CUST_002349,UNIQ_002349,25126,goiania,GO
CUST_002350,UNIQ_002350,83699,florianopolis,SC
CUST_002351,UNIQ_002351,86389,joao pessoa,PB
CUST_002352,UNIQ_002352,97445,cuiaba,MT
CUST_002353,UNIQ_002353,98374,teresina,PI
CUST_002354,UNIQ_002354,47477,maceio,AL
CUST_002355,UNIQ_002355,11673,teresina,PI
CUST_002356,UNIQ_002356,23955,aracaju,SE
CUST_002357,UNIQ_002357,59921,sao paulo,SP
CUST_002358,UNIQ_002358,16955,fortaleza,CE
CUST_002359,UNIQ_002359,36201,rio de janeiro,RJ
CUST_002360,UNIQ_002360,31094,porto alegre,RS
CUST_002361,UNIQ_002361,99573,belem,PA
CUST_002362,UNIQ_002362,29192,porto alegre,RS
CUST_002363,UNIQ_002363,48684,rio de janeiro,RJ
CUST_002364,UNIQ_002364,80932,manaus,AM
CUST_002365,UNIQ_002365,57013,rio de janeiro,RJ
CUST_002366,UNIQ_002366,23432,campo grande,MS
CUST_002367,UNIQ_002367,98542,porto velho,RO
CUST_002368,UNIQ_002368,39400,maceio,AL
CUST_002369,UNIQ_002369,60972,maceio,AL
CUST_002370,UNIQ_002370,76967,recife,PE
CUST_002371,UNIQ_002371,97096,belem,PA
CUST_002372,UNIQ_002372,60014,rio de janeiro,RJ
CUST_002373,UNIQ_002373,64600,natal,RN
CUST_002374,UNIQ_002374,82368,goiania,GO
CUST_002375,UNIQ_002375,11699,rio de janeiro,RJ
CUST_002376,UNIQ_002376,36619,porto alegre,RS
CUST_002377,UNIQ_002377,68073,porto velho,RO
CUST_002378,UNIQ_002378,93071,recife,PE
CUST_002379,UNIQ_002379,87120,florianopolis,SC
CUST_002380,UNIQ_002380,89087,maceio,AL
CUST_002381,UNIQ_002381,35362,manaus,AM
CUST_002382,UNIQ_002382,68827,belem,PA
CUST_002383,UNIQ_002383,99477,curitiba,PR
CUST_002384,UNIQ_002384,34507,belo horizonte,MG
CUST_002385,UNIQ_002385,77350,curitiba,PR
CUST_002386,UNIQ_002386,59440,salvador,BA
CUST_002387,UNIQ_002387,66165,rio de janeiro,RJ
CUST_002388,UNIQ_002388,82954,porto alegre,RS
CUST_002389,UNIQ_002389,27048,porto alegre,RS
CUST_002390,UNIQ_002390,86544,curitiba,PR
CUST_002391,UNIQ_002391,10739,porto alegre,RS
CUST_002392,UNIQ_002392,71122,goiania,GO
CUST_002393,UNIQ_002393,15235,fortaleza,CE
CUST_002394,UNIQ_002394,52287,fortaleza,CE
CUST_002395,UNIQ_002395,16665,porto velho,RO
CUST_002396,UNIQ_002396,96755,porto velho,RO
CUST_002397,UNIQ_002397,74297,belem,PA
CUST_002398,UNIQ_002398,82110,cuiaba,MT
CUST_002399,UNIQ_002399,19552,florianopolis,SC
CUST_002400,UNIQ_002400,78864,goiania,GO
CUST_002401,UNIQ_002401,34100,recife,PE
CUST_002402,UNIQ_002402,18936,aracaju,SE
CUST_002403,UNIQ_002403,30889,aracaju,SE
CUST_002404,UNIQ_002404,81182,teresina,PI
CUST_002405,UNIQ_002405,62876,maceio,AL
CUST_002406,UNIQ_002406,55796,belo horizonte,MG
CUST_002407,UNIQ_002407,37964,recife,PE
CUST_002408,UNIQ_002408,53393,goiania,GO
CUST_002409,UNIQ_002409,48479,florianopolis,SC
CUST_002410,UNIQ_002410,91039,manaus,AM
CUST_002411,UNIQ_002411,72240,aracaju,SE
CUST_002412,UNIQ_002412,95105,maceio,AL
CUST_002413,UNIQ_002413,25036,sao paulo,SP
CUST_002414,UNIQ_002414,68414,florianopolis,SC
CUST_002415,UNIQ_002415,94182,recife,PE
CUST_002416,UNIQ_002416,91412,porto velho,RO
CUST_002417,UNIQ_002417,15226,recife,PE
CUST_002418,UNIQ_002418,59987,goiania,GO
CUST_002419,UNIQ_002419,60577,salvador,BA
CUST_002420,UNIQ_002420,80809,porto alegre,RS
CUST_002421,UNIQ_002421,13238,belem,PA
CUST_002422,UNIQ_002422,59146,aracaju,SE
CUST_002423,UNIQ_002423,76680,aracaju,SE
CUST_002424,UNIQ_002424,73806,campo grande,MS
CUST_002425,UNIQ_002425,48854,rio de janeiro,RJ
CUST_002426,UNIQ_002426,51984,manaus,AM
CUST_002427,UNIQ_002427,20793,aracaju,SE
CUST_002428,UNIQ_002428,31940,salvador,BA
CUST_002429,UNIQ_002429,79888,maceio,AL
CUST_002430,UNIQ_002430,92173,sao paulo,SP
CUST_002431,UNIQ_002431,37627,belo horizonte,MG
CUST_002432,UNIQ_002432,99837,manaus,AM
CUST_002433,UNIQ_002433,23621,teresina,PI
CUST_002434,UNIQ_002434,80484,manaus,AM
CUST_002435,UNIQ_002435,94746,teresina,PI
CUST_002436,UNIQ_002436,99921,belo horizonte,MG
CUST_002437,UNIQ_002437,13113,fortaleza,CE
CUST_002438,UNIQ_002438,53478,campo grande,MS
CUST_002439,UNIQ_002439,21471,rio de janeiro,RJ
CUST_002440,UNIQ_002440,17113,belo horizonte,MG
CUST_002441,UNIQ_002441,43018,curitiba,PR
CUST_002442,UNIQ_002442,19232,maceio,AL
CUST_002443,UNIQ_002443,39837,cuiaba,MT
CUST_002444,UNIQ_002444,63429,porto alegre,RS
CUST_002445,UNIQ_002445,69129,natal,RN
CUST_002446,UNIQ_002446,66757,natal,RN
CUST_002447,UNIQ_002447,12213,goiania,GO
CUST_002448,UNIQ_002448,98250,natal,RN
CUST_002449,UNIQ_002449,80101,salvador,BA
CUST_002450,UNIQ_002450,94072,sao paulo,SP
CUST_002451,UNIQ_002451,18288,porto velho,RO
CUST_002452,UNIQ_002452,15965,cuiaba,MT
CUST_002453,UNIQ_002453,56884,belo horizonte,MG
CUST_002454,UNIQ_002454,23911,aracaju,SE
CUST_002455,UNIQ_002455,99899,belem,PA
CUST_002456,UNIQ_002456,89503,belem,PA
CUST_002457,UNIQ_002457,46899,belo horizonte,MG
CUST_002458,UNIQ_002458,59992,campo grande,MS
CUST_002459,UNIQ_002459,96602,natal,RN
CUST_002460,UNIQ_002460,72126,sao paulo,SP
CUST_002461,UNIQ_002461,79922,curitiba,PR
CUST_002462,UNIQ_002462,27875,recife,PE
CUST_002463,UNIQ_002463,81529,natal,RN
CUST_002464,UNIQ_002464,93105,belem,PA
CUST_002465,UNIQ_002465,49066,fortaleza,CE
CUST_002466,UNIQ_002466,11461,florianopolis,SC
CUST_002467,UNIQ_002467,82754,maceio,AL
CUST_002468,UNIQ_002468,26152,fortaleza,CE
CUST_002469,UNIQ_002469,10659,rio de janeiro,RJ
CUST_002470,UNIQ_002470,88204,cuiaba,MT
CUST_002471,UNIQ_002471,80405,natal,RN
CUST_002472,UNIQ_002472,21157,maceio,AL
CUST_002473,UNIQ_002473,37532,belem,PA
CUST_002474,UNIQ_002474,37752,florianopolis,SC
CUST_002475,UNIQ_002475,94663,teresina,PI
CUST_002476,UNIQ_002476,28671,aracaju,SE
CUST_002477,UNIQ_002477,34116,curitiba,PR
CUST_002478,UNIQ_002478,90856,recife,PE
CUST_002479,UNIQ_002479,35470,porto alegre,RS
CUST_002480,UNIQ_002480,33770,salvador,BA
CUST_002481,UNIQ_002481,17128,cuiaba,MT
CUST_002482,UNIQ_002482,70458,maceio,AL
CUST_002483,UNIQ_002483,19587,maceio,AL
CUST_002484,UNIQ_002484,98039,belem,PA
CUST_002485,UNIQ_002485,42858,belo horizonte,MG
CUST_002486,UNIQ_002486,35875,salvador,BA
CUST_002487,UNIQ_002487,73857,cuiaba,MT
CUST_002488,UNIQ_002488,56810,goiania,GO
CUST_002489,UNIQ_002489,97988,fortaleza,CE
CUST_002490,UNIQ_002490,23113,recife,PE
CUST_002491,UNIQ_002491,91201,belem,PA
CUST_002492,UNIQ_002492,35362,belo horizonte,MG
CUST_002493,UNIQ_002493,73682,goiania,GO
CUST_002494,UNIQ_002494,53036,campo grande,MS
CUST_002495,UNIQ_002495,96431,porto velho,RO
CUST_002496,UNIQ_002496,86568,belem,PA
CUST_002497,UNIQ_002497,84128,fortaleza,CE
CUST_002498,UNIQ_002498,57774,cuiaba,MT
CUST_002499,UNIQ_002499,66139,goiania,GO
CUST_002500,UNIQ_002500,10633,curitiba,PR
CUST_002501,UNIQ_002501,42266,goiania,GO
CUST_002502,UNIQ_002502,93995,recife,PE
CUST_002503,UNIQ_002503,46264,teresina,PI
CUST_002504,UNIQ_002504,27603,florianopolis,SC
CUST_002505,UNIQ_002505,72908,goiania,GO
CUST_002506,UNIQ_002506,68373,campo grande,MS
CUST_002507,UNIQ_002507,50038,florianopolis,SC
CUST_002508,UNIQ_002508,82308,joao pessoa,PB
CUST_002509,UNIQ_002509,33038,salvador,BA
CUST_002510,UNIQ_002510,20744,porto velho,RO
CUST_002511,UNIQ_002511,28350,porto alegre,RS
CUST_002512,UNIQ_002512,35746,maceio,AL
CUST_002513,UNIQ_002513,92132,porto alegre,RS
CUST_002514,UNIQ_002514,19882,belo horizonte,MG
CUST_002515,UNIQ_002515,76476,sao paulo,SP
CUST_002516,UNIQ_002516,86269,sao paulo,SP
CUST_002517,UNIQ_002517,63101,cuiaba,MT
CUST_002518,UNIQ_002518,37886,cuiaba,MT
CUST_002519,UNIQ_002519,82298,rio de janeiro,RJ
CUST_002520,UNIQ_002520,81233,porto alegre,RS
CUST_002521,UNIQ_002521,71879,maceio,AL
CUST_002522,UNIQ_002522,57948,fortaleza,CE
CUST_002523,UNIQ_002523,39269,natal,RN
CUST_002524,UNIQ_002524,48141,cuiaba,MT
CUST_002525,UNIQ_002525,70909,fortaleza,CE
CUST_002526,UNIQ_002526,76900,aracaju,SE
CUST_002527,UNIQ_002527,62007,belo horizonte,MG
CUST_002528,UNIQ_002528,75820,florianopolis,SC
CUST_002529,UNIQ_002529,96858,sao paulo,SP
CUST_002530,UNIQ_002530,90482,recife,PE
CUST_002531,UNIQ_002531,77388,curitiba,PR
CUST_002532,UNIQ_002532,68487,fortaleza,CE
CUST_002533,UNIQ_002533,33480,curitiba,PR
CUST_002534,UNIQ_002534,84162,cuiaba,MT
CUST_002535,UNIQ_002535,73373,fortaleza,CE
CUST_002536,UNIQ_002536,15297,florianopolis,SC
CUST_002537,UNIQ_002537,73916,recife,PE
CUST_002538,UNIQ_002538,18239,recife,PE
CUST_002539,UNIQ_002539,58422,porto alegre,RS
CUST_002540,UNIQ_002540,15610,recife,PE
CUST_002541,UNIQ_002541,77880,manaus,AM
CUST_002542,UNIQ_002542,60868,florianopolis,SC
CUST_002543,UNIQ_002543,69591,joao pessoa,PB
CUST_002544,UNIQ_002544,15230,rio de janeiro,RJ
CUST_002545,UNIQ_002545,23529,goiania,GO
CUST_002546,UNIQ_002546,93042,aracaju,SE
CUST_002547,UNIQ_002547,44513,porto alegre,RS
CUST_002548,UNIQ_002548,81349,cuiaba,MT
CUST_002549,UNIQ_002549,32786,cuiaba,MT
CUST_002550,UNIQ_002550,95678,natal,RN
CUST_002551,UNIQ_002551,57880,natal,RN
CUST_002552,UNIQ_002552,95634,cuiaba,MT
CUST_002553,UNIQ_002553,77720,belo horizonte,MG
CUST_002554,UNIQ_002554,59326,porto alegre,RS
CUST_002555,UNIQ_002555,77681,recife,PE
CUST_002556,UNIQ_002556,56255,natal,RN
CUST_002557,UNIQ_002557,73813,florianopolis,SC
CUST_002558,UNIQ_002558,89195,joao pessoa,PB
CUST_002559,UNIQ_002559,75776,sao paulo,SP
CUST_002560,UNIQ_002560,67658,fortaleza,CE
CUST_002561,UNIQ_002561,40145,curitiba,PR
CUST_002562,UNIQ_002562,77441,belo horizonte,MG
CUST_002563,UNIQ_002563,37723,porto alegre,RS
CUST_002564,UNIQ_002564,34498,fortaleza,CE
CUST_002565,UNIQ_002565,57477,curitiba,PR
CUST_002566,UNIQ_002566,25509,porto velho,RO
CUST_002567,UNIQ_002567,64344,recife,PE
CUST_002568,UNIQ_002568,24855,goiania,GO
CUST_002569,UNIQ_002569,98503,joao pessoa,PB
CUST_002570,UNIQ_002570,72786,joao pessoa,PB
CUST_002571,UNIQ_002571,87436,manaus,AM
CUST_002572,UNIQ_002572,94837,curitiba,PR
CUST_002573,UNIQ_002573,12942,teresina,PI
CUST_002574,UNIQ_002574,15655,recife,PE
CUST_002575,UNIQ_002575,85168,fortaleza,CE
CUST_002576,UNIQ_002576,31119,cuiaba,MT
CUST_002577,UNIQ_002577,92515,fortaleza,CE
CUST_002578,UNIQ_002578,15136,aracaju,SE
CUST_002579,UNIQ_002579,29249,cuiaba,MT
CUST_002580,UNIQ_002580,31802,rio de janeiro,RJ
CUST_002581,UNIQ_002581,33597,porto alegre,RS
CUST_002582,UNIQ_002582,63143,aracaju,SE
CUST_002583,UNIQ_002583,83872,porto velho,RO
CUST_002584,UNIQ_002584,96736,sao paulo,SP
CUST_002585,UNIQ_002585,21239,belem,PA
CUST_002586,UNIQ_002586,68877,manaus,AM
CUST_002587,UNIQ_002587,71789,porto velho,RO
CUST_002588,UNIQ_002588,32356,joao pessoa,PB
CUST_002589,UNIQ_002589,63840,recife,PE
CUST_002590,UNIQ_002590,28705,porto velho,RO
CUST_002591,UNIQ_002591,33839,cuiaba,MT
CUST_002592,UNIQ_002592,96461,porto velho,RO
CUST_002593,UNIQ_002593,44671,aracaju,SE
CUST_002594,UNIQ_002594,99861,curitiba,PR
CUST_002595,UNIQ_002595,69437,goiania,GO
CUST_002596,UNIQ_002596,87410,porto velho,RO
CUST_002597,UNIQ_002597,40122,belo horizonte,MG
CUST_002598,UNIQ_002598,60523,natal,RN
CUST_002599,UNIQ_002599,24230,fortaleza,CE
CUST_002600,UNIQ_002600,36522,sao paulo,SP
CUST_002601,UNIQ_002601,76107,aracaju,SE
CUST_002602,UNIQ_002602,29603,teresina,PI
CUST_002603,UNIQ_002603,22622,porto velho,RO
CUST_002604,UNIQ_002604,72373,curitiba,PR
CUST_002605,UNIQ_002605,88618,porto velho,RO
CUST_002606,UNIQ_002606,79655,rio de janeiro,RJ
CUST_002607,UNIQ_002607,25403,aracaju,SE
CUST_002608,UNIQ_002608,73208,belo horizonte,MG
CUST_002609,UNIQ_002609,89098,fortaleza,CE
CUST_002610,UNIQ_002610,10157,maceio,AL
CUST_002611,UNIQ_002611,78425,teresina,PI
CUST_002612,UNIQ_002612,58546,teresina,PI
CUST_002613,UNIQ_002613,79444,rio de janeiro,RJ
CUST_002614,UNIQ_002614,40079,teresina,PI
CUST_002615,UNIQ_002615,59969,joao pessoa,PB
CUST_002616,UNIQ_002616,87207,florianopolis,SC
CUST_002617,UNIQ_002617,22807,cuiaba,MT
CUST_002618,UNIQ_002618,27548,teresina,PI
CUST_002619,UNIQ_002619,72539,porto alegre,RS
CUST_002620,UNIQ_002620,20986,recife,PE
CUST_002621,UNIQ_002621,88419,belem,PA
CUST_002622,UNIQ_002622,63562,maceio,AL
CUST_002623,UNIQ_002623,34775,porto alegre,RS
CUST_002624,UNIQ_002624,10932,sao paulo,SP
CUST_002625,UNIQ_002625,78490,cuiaba,MT
CUST_002626,UNIQ_002626,78126,salvador,BA
CUST_002627,UNIQ_002627,59155,sao paulo,SP
CUST_002628,UNIQ_002628,51405,manaus,AM
CUST_002629,UNIQ_002629,57483,teresina,PI
CUST_002630,UNIQ_002630,30287,salvador,BA
CUST_002631,UNIQ_002631,95403,teresina,PI
CUST_002632,UNIQ_002632,43244,cuiaba,MT
CUST_002633,UNIQ_002633,80268,porto alegre,RS
CUST_002634,UNIQ_002634,84012,teresina,PI
CUST_002635,UNIQ_002635,90200,florianopolis,SC
CUST_002636,UNIQ_002636,99208,porto alegre,RS
CUST_002637,UNIQ_002637,36698,natal,RN
CUST_002638,UNIQ_002638,82365,teresina,PI
CUST_002639,UNIQ_002639,73238,maceio,AL
CUST_002640,UNIQ_002640,58524,curitiba,PR
CUST_002641,UNIQ_002641,82733,maceio,AL
CUST_002642,UNIQ_002642,43263,joao pessoa,PB
CUST_002643,UNIQ_002643,85713,belem,PA
CUST_002644,UNIQ_002644,62183,florianopolis,SC
CUST_002645,UNIQ_002645,96413,fortaleza,CE
CUST_002646,UNIQ_002646,40116,salvador,BA
CUST_002647,UNIQ_002647,31206,campo grande,MS
CUST_002648,UNIQ_002648,38109,salvador,BA
CUST_002649,UNIQ_002649,62502,aracaju,SE
CUST_002650,UNIQ_002650,82165,goiania,GO
CUST_002651,UNIQ_002651,99727,porto velho,RO
CUST_002652,UNIQ_002652,31068,rio de janeiro,RJ
CUST_002653,UNIQ_002653,93345,natal,RN
CUST_002654,UNIQ_002654,21939,sao paulo,SP
CUST_002655,UNIQ_002655,71822,fortaleza,CE
CUST_002656,UNIQ_002656,67065,porto velho,RO
CUST_002657,UNIQ_002657,18399,belo horizonte,MG
CUST_002658,UNIQ_002658,39067,porto alegre,RS
CUST_002659,UNIQ_002659,20490,florianopolis,SC
CUST_002660,UNIQ_002660,14948,porto velho,RO
CUST_002661,UNIQ_002661,62513,natal,RN
CUST_002662,UNIQ_002662,96006,porto velho,RO
CUST_002663,UNIQ_002663,47548,aracaju,SE
CUST_002664,UNIQ_002664,17531,porto velho,RO
CUST_002665,UNIQ_002665,93924,curitiba,PR
CUST_002666,UNIQ_002666,67536,joao pessoa,PB
CUST_002667,UNIQ_002667,36438,sao paulo,SP
CUST_002668,UNIQ_002668,47487,aracaju,SE
CUST_002669,UNIQ_002669,14405,manaus,AM
CUST_002670,UNIQ_002670,76918,porto velho,RO
CUST_002671,UNIQ_002671,40365,aracaju,SE
CUST_002672,UNIQ_002672,32214,porto velho,RO
CUST_002673,UNIQ_002673,57151,rio de janeiro,RJ
CUST_002674,UNIQ_002674,95854,recife,PE
CUST_002675,UNIQ_002675,30636,sao paulo,SP
CUST_002676,UNIQ_002676,46167,belo horizonte,MG
CUST_002677,UNIQ_002677,56285,natal,RN
CUST_002678,UNIQ_002678,63143,natal,RN
CUST_002679,UNIQ_002679,36255,cuiaba,MT
CUST_002680,UNIQ_002680,12014,aracaju,SE
CUST_002681,UNIQ_002681,21818,belo horizonte,MG
CUST_002682,UNIQ_002682,47289,maceio,AL
CUST_002683,UNIQ_002683,86406,maceio,AL
CUST_002684,UNIQ_002684,55544,florianopolis,SC
CUST_002685,UNIQ_002685,39661,porto alegre,RS
CUST_002686,UNIQ_002686,35496,porto velho,RO
CUST_002687,UNIQ_002687,62947,campo grande,MS
CUST_002688,UNIQ_002688,10609,cuiaba,MT
CUST_002689,UNIQ_002689,32942,porto alegre,RS
CUST_002690,UNIQ_002690,76353,teresina,PI
CUST_002691,UNIQ_002691,83220,salvador,BA
CUST_002692,UNIQ_002692,75951,belo horizonte,MG
CUST_002693,UNIQ_002693,54560,belem,PA
CUST_002694,UNIQ_002694,77277,salvador,BA
CUST_002695,UNIQ_002695,80504,porto alegre,RS
CUST_002696,UNIQ_002696,42786,cuiaba,MT
CUST_002697,UNIQ_002697,59424,campo grande,MS
CUST_002698,UNIQ_002698,73390,cuiaba,MT
CUST_002699,UNIQ_002699,54520,recife,PE
CUST_002700,UNIQ_002700,99337,campo grande,MS
CUST_002701,UNIQ_002701,86916,campo grande,MS
CUST_002702,UNIQ_002702,73172,sao paulo,SP
CUST_002703,UNIQ_002703,43792,salvador,BA
CUST_002704,UNIQ_002704,60157,belo horizonte,MG
CUST_002705,UNIQ_002705,98724,recife,PE
CUST_002706,UNIQ_002706,51383,recife,PE
CUST_002707,UNIQ_002707,56281,teresina,PI
CUST_002708,UNIQ_002708,80208,aracaju,SE
CUST_002709,UNIQ_002709,44517,sao paulo,SP
CUST_002710,UNIQ_002710,47655,recife,PE
CUST_002711,UNIQ_002711,62288,belo horizonte,MG
CUST_002712,UNIQ_002712,19965,goiania,GO
CUST_002713,UNIQ_002713,33394,maceio,AL
CUST_002714,UNIQ_002714,51139,joao pessoa,PB
CUST_002715,UNIQ_002715,38647,florianopolis,SC
CUST_002716,UNIQ_002716,45268,cuiaba,MT
CUST_002717,UNIQ_002717,99536,curitiba,PR
CUST_002718,UNIQ_002718,75404,manaus,AM
CUST_002719,UNIQ_002719,40783,manaus,AM
CUST_002720,UNIQ_002720,44787,recife,PE
CUST_002721,UNIQ_002721,40042,manaus,AM
CUST_002722,UNIQ_002722,42728,manaus,AM
CUST_002723,UNIQ_002723,56665,porto velho,RO
CUST_002724,UNIQ_002724,23983,fortaleza,CE
CUST_002725,UNIQ_002725,20287,salvador,BA
CUST_002726,UNIQ_002726,90455,joao pessoa,PB
CUST_002727,UNIQ_002727,80972,sao paulo,SP
CUST_002728,UNIQ_002728,73214,rio de janeiro,RJ
CUST_002729,UNIQ_002729,91352,florianopolis,SC
CUST_002730,UNIQ_002730,74532,goiania,GO
CUST_002731,UNIQ_002731,46009,cuiaba,MT
CUST_002732,UNIQ_002732,33969,joao pessoa,PB
CUST_002733,UNIQ_002733,46735,aracaju,SE
CUST_002734,UNIQ_002734,39110,natal,RN
CUST_002735,UNIQ_002735,26809,cuiaba,MT
CUST_002736,UNIQ_002736,78909,rio de janeiro,RJ
CUST_002737,UNIQ_002737,72694,teresina,PI
CUST_002738,UNIQ_002738,14268,maceio,AL
CUST_002739,UNIQ_002739,55519,aracaju,SE
CUST_002740,UNIQ_002740,99959,natal,RN
CUST_002741,UNIQ_002741,69925,curitiba,PR
CUST_002742,UNIQ_002742,77922,salvador,BA
CUST_002743,UNIQ_002743,51373,campo grande,MS
CUST_002744,UNIQ_002744,11549,sao paulo,SP
CUST_002745,UNIQ_002745,59732,manaus,AM
CUST_002746,UNIQ_002746,23205,cuiaba,MT
CUST_002747,UNIQ_002747,57395,goiania,GO
CUST_002748,UNIQ_002748,44039,porto velho,RO
CUST_002749,UNIQ_002749,81901,curitiba,PR
CUST_002750,UNIQ_002750,41082,porto alegre,RS
CUST_002751,UNIQ_002751,71780,porto alegre,RS
CUST_002752,UNIQ_002752,54970,porto velho,RO
CUST_002753,UNIQ_002753,34105,florianopolis,SC
CUST_002754,UNIQ_002754,65567,joao pessoa,PB
CUST_002755,UNIQ_002755,64931,manaus,AM
CUST_002756,UNIQ_002756,57851,florianopolis,SC
CUST_002757,UNIQ_002757,46651,natal,RN
CUST_002758,UNIQ_002758,33578,campo grande,MS
CUST_002759,UNIQ_002759,27188,cuiaba,MT
CUST_002760,UNIQ_002760,99916,cuiaba,MT
CUST_002761,UNIQ_002761,23090,recife,PE
CUST_002762,UNIQ_002762,40907,porto alegre,RS
CUST_002763,UNIQ_002763,66651,maceio,AL
CUST_002764,UNIQ_002764,35698,natal,RN
CUST_002765,UNIQ_002765,29601,fortaleza,CE
CUST_002766,UNIQ_002766,11276,joao pessoa,PB
CUST_002767,UNIQ_002767,65249,curitiba,PR
CUST_002768,UNIQ_002768,27625,joao pessoa,PB
CUST_002769,UNIQ_002769,79990,aracaju,SE
CUST_002770,UNIQ_002770,73782,goiania,GO
CUST_002771,UNIQ_002771,42895,belem,PA
CUST_002772,UNIQ_002772,84427,maceio,AL
CUST_002773,UNIQ_002773,62219,rio de janeiro,RJ
CUST_002774,UNIQ_002774,31409,salvador,BA
CUST_002775,UNIQ_002775,38241,rio de janeiro,RJ
CUST_002776,UNIQ_002776,72460,porto alegre,RS
CUST_002777,UNIQ_002777,68963,salvador,BA
CUST_002778,UNIQ_002778,44048,goiania,GO
CUST_002779,UNIQ_002779,57226,florianopolis,SC
CUST_002780,UNIQ_002780,83071,maceio,AL
CUST_002781,UNIQ_002781,55107,porto alegre,RS
CUST_002782,UNIQ_002782,63970,sao paulo,SP
CUST_002783,UNIQ_002783,56018,salvador,BA
CUST_002784,UNIQ_002784,36077,porto velho,RO
CUST_002785,UNIQ_002785,85483,cuiaba,MT
CUST_002786,UNIQ_002786,32877,maceio,AL
CUST_002787,UNIQ_002787,56544,belem,PA
CUST_002788,UNIQ_002788,98236,goiania,GO
CUST_002789,UNIQ_002789,73896,aracaju,SE
CUST_002790,UNIQ_002790,20277,campo grande,MS
CUST_002791,UNIQ_002791,90434,natal,RN
CUST_002792,UNIQ_002792,70784,belem,PA
CUST_002793,UNIQ_002793,31964,fortaleza,CE
CUST_002794,UNIQ_002794,65288,goiania,GO
CUST_002795,UNIQ_002795,84925,porto velho,RO
CUST_002796,UNIQ_002796,19351,natal,RN
CUST_002797,UNIQ_002797,31233,belo horizonte,MG
CUST_002798,UNIQ_002798,39912,goiania,GO
CUST_002799,UNIQ_002799,51533,goiania,GO
CUST_002800,UNIQ_002800,45058,belem,PA
CUST_002801,UNIQ_002801,94494,porto velho,RO
CUST_002802,UNIQ_002802,45553,natal,RN
CUST_002803,UNIQ_002803,57600,campo grande,MS
CUST_002804,UNIQ_002804,78280,cuiaba,MT
CUST_002805,UNIQ_002805,64262,campo grande,MS
CUST_002806,UNIQ_002806,34102,curitiba,PR
CUST_002807,UNIQ_002807,26389,sao paulo,SP
CUST_002808,UNIQ_002808,96772,recife,PE
CUST_002809,UNIQ_002809,20494,porto alegre,RS
CUST_002810,UNIQ_002810,31877,manaus,AM
CUST_002811,UNIQ_002811,23501,natal,RN
CUST_002812,UNIQ_002812,18361,salvador,BA
CUST_002813,UNIQ_002813,81884,joao pessoa,PB
CUST_002814,UNIQ_002814,13455,rio de janeiro,RJ
CUST_002815,UNIQ_002815,78679,natal,RN
CUST_002816,UNIQ_002816,23622,belo horizonte,MG
CUST_002817,UNIQ_002817,91015,porto alegre,RS
CUST_002818,UNIQ_002818,21050,fortaleza,CE
CUST_002819,UNIQ_002819,50549,natal,RN
CUST_002820,UNIQ_002820,42426,recife,PE
CUST_002821,UNIQ_002821,68085,belem,PA
CUST_002822,UNIQ_002822,27206,fortaleza,CE
CUST_002823,UNIQ_002823,32361,aracaju,SE
CUST_002824,UNIQ_002824,14607,sao paulo,SP
CUST_002825,UNIQ_002825,52624,florianopolis,SC
CUST_002826,UNIQ_002826,71235,joao pessoa,PB
CUST_002827,UNIQ_002827,45705,maceio,AL
CUST_002828,UNIQ_002828,68306,maceio,AL
CUST_002829,UNIQ_002829,80685,fortaleza,CE
CUST_002830,UNIQ_002830,87441,curitiba,PR
CUST_002831,UNIQ_002831,69840,porto velho,RO
CUST_002832,UNIQ_002832,67013,cuiaba,MT
CUST_002833,UNIQ_002833,93858,aracaju,SE
CUST_002834,UNIQ_002834,50587,maceio,AL
CUST_002835,UNIQ_002835,73131,florianopolis,SC
CUST_002836,UNIQ_002836,39770,maceio,AL
CUST_002837,UNIQ_002837,67915,belo horizonte,MG
CUST_002838,UNIQ_002838,57943,belem,PA
CUST_002839,UNIQ_002839,44053,teresina,PI
CUST_002840,UNIQ_002840,49789,fortaleza,CE
CUST_002841,UNIQ_002841,10012,sao paulo,SP
CUST_002842,UNIQ_002842,27865,aracaju,SE
CUST_002843,UNIQ_002843,47586,florianopolis,SC
CUST_002844,UNIQ_002844,80136,joao pessoa,PB
CUST_002845,UNIQ_002845,74478,sao paulo,SP
CUST_002846,UNIQ_002846,49270,joao pessoa,PB
CUST_002847,UNIQ_002847,66418,sao paulo,SP
CUST_002848,UNIQ_002848,88250,belem,PA
CUST_002849,UNIQ_002849,10946,recife,PE
CUST_002850,UNIQ_002850,58974,maceio,AL
CUST_002851,UNIQ_002851,63967,manaus,AM
CUST_002852,UNIQ_002852,67292,maceio,AL
CUST_002853,UNIQ_002853,42754,natal,RN
CUST_002854,UNIQ_002854,94671,curitiba,PR
CUST_002855,UNIQ_002855,59592,natal,RN
CUST_002856,UNIQ_002856,44469,recife,PE
CUST_002857,UNIQ_002857,65343,belo horizonte,MG
CUST_002858,UNIQ_002858,77713,recife,PE
CUST_002859,UNIQ_002859,99737,porto velho,RO
CUST_002860,UNIQ_002860,47313,porto alegre,RS
CUST_002861,UNIQ_002861,45235,maceio,AL
CUST_002862,UNIQ_002862,34641,teresina,PI
CUST_002863,UNIQ_002863,33908,belo horizonte,MG
CUST_002864,UNIQ_002864,47957,fortaleza,CE
CUST_002865,UNIQ_002865,93478,salvador,BA
CUST_002866,UNIQ_002866,90967,campo grande,MS
CUST_002867,UNIQ_002867,45669,campo grande,MS
CUST_002868,UNIQ_002868,74486,porto velho,RO
CUST_002869,UNIQ_002869,52027,manaus,AM
CUST_002870,UNIQ_002870,29942,sao paulo,SP
CUST_002871,UNIQ_002871,80119,rio de janeiro,RJ
CUST_002872,UNIQ_002872,34371,sao paulo,SP
CUST_002873,UNIQ_002873,46977,salvador,BA
CUST_002874,UNIQ_002874,26389,porto alegre,RS
CUST_002875,UNIQ_002875,11075,campo grande,MS
CUST_002876,UNIQ_002876,21822,recife,PE
CUST_002877,UNIQ_002877,11930,fortaleza,CE
CUST_002878,UNIQ_002878,38467,joao pessoa,PB
CUST_002879,UNIQ_002879,65082,goiania,GO
CUST_002880,UNIQ_002880,75325,belem,PA
CUST_002881,UNIQ_002881,70776,florianopolis,SC
CUST_002882,UNIQ_002882,53286,rio de janeiro,RJ
CUST_002883,UNIQ_002883,29148,belo horizonte,MG
CUST_002884,UNIQ_002884,44931,rio de janeiro,RJ
CUST_002885,UNIQ_002885,19356,natal,RN
CUST_002886,UNIQ_002886,71623,maceio,AL
CUST_002887,UNIQ_002887,35191,curitiba,PR
CUST_002888,UNIQ_002888,60014,porto alegre,RS
CUST_002889,UNIQ_002889,25985,sao paulo,SP
CUST_002890,UNIQ_002890,60436,recife,PE
CUST_002891,UNIQ_002891,42396,campo grande,MS
CUST_002892,UNIQ_002892,36106,rio de janeiro,RJ
CUST_002893,UNIQ_002893,22315,campo grande,MS
CUST_002894,UNIQ_002894,97294,aracaju,SE
CUST_002895,UNIQ_002895,71974,manaus,AM
CUST_002896,UNIQ_002896,99318,natal,RN
CUST_002897,UNIQ_002897,52344,belem,PA
CUST_002898,UNIQ_002898,92465,curitiba,PR
CUST_002899,UNIQ_002899,82034,rio de janeiro,RJ
CUST_002900,UNIQ_002900,26009,aracaju,SE
CUST_002901,UNIQ_002901,73075,porto alegre,RS
CUST_002902,UNIQ_002902,36047,belem,PA
CUST_002903,UNIQ_002903,16827,florianopolis,SC
CUST_002904,UNIQ_002904,24801,manaus,AM
CUST_002905,UNIQ_002905,92956,recife,PE
CUST_002906,UNIQ_002906,52534,teresina,PI
CUST_002907,UNIQ_002907,31936,sao paulo,SP
CUST_002908,UNIQ_002908,86637,porto alegre,RS
CUST_002909,UNIQ_002909,61879,salvador,BA
CUST_002910,UNIQ_002910,11170,recife,PE
CUST_002911,UNIQ_002911,86162,rio de janeiro,RJ
CUST_002912,UNIQ_002912,88146,joao pessoa,PB
CUST_002913,UNIQ_002913,58679,fortaleza,CE
CUST_002914,UNIQ_002914,42600,belo horizonte,MG
CUST_002915,UNIQ_002915,75525,curitiba,PR
CUST_002916,UNIQ_002916,99908,belo horizonte,MG
CUST_002917,UNIQ_002917,54357,porto velho,RO
CUST_002918,UNIQ_002918,17834,rio de janeiro,RJ
CUST_002919,UNIQ_002919,94485,florianopolis,SC
CUST_002920,UNIQ_002920,80300,fortaleza,CE
CUST_002921,UNIQ_002921,26492,salvador,BA
CUST_002922,UNIQ_002922,40497,joao pessoa,PB
CUST_002923,UNIQ_002923,83184,goiania,GO
CUST_002924,UNIQ_002924,67503,florianopolis,SC
CUST_002925,UNIQ_002925,12798,manaus,AM
CUST_002926,UNIQ_002926,56945,natal,RN
CUST_002927,UNIQ_002927,42859,fortaleza,CE
CUST_002928,UNIQ_002928,73609,rio de janeiro,RJ
CUST_002929,UNIQ_002929,83272,campo grande,MS
CUST_002930,UNIQ_002930,81137,belem,PA
CUST_002931,UNIQ_002931,34874,joao pessoa,PB
CUST_002932,UNIQ_002932,34461,cuiaba,MT
CUST_002933,UNIQ_002933,55569,maceio,AL
CUST_002934,UNIQ_002934,71393,goiania,GO
CUST_002935,UNIQ_002935,88470,porto alegre,RS
CUST_002936,UNIQ_002936,31016,maceio,AL
CUST_002937,UNIQ_002937,79617,belo horizonte,MG
CUST_002938,UNIQ_002938,68901,fortaleza,CE
CUST_002939,UNIQ_002939,44517,belem,PA
CUST_002940,UNIQ_002940,58118,maceio,AL
CUST_002941,UNIQ_002941,10094,campo grande,MS
CUST_002942,UNIQ_002942,59681,aracaju,SE
CUST_002943,UNIQ_002943,12453,curitiba,PR
CUST_002944,UNIQ_002944,57720,porto velho,RO
CUST_002945,UNIQ_002945,41298,porto velho,RO
CUST_002946,UNIQ_002946,18302,goiania,GO
CUST_002947,UNIQ_002947,60789,maceio,AL
CUST_002948,UNIQ_002948,78690,manaus,AM
CUST_002949,UNIQ_002949,82281,joao pessoa,PB
CUST_002950,UNIQ_002950,90352,fortaleza,CE
CUST_002951,UNIQ_002951,52283,belem,PA
CUST_002952,UNIQ_002952,94004,teresina,PI
CUST_002953,UNIQ_002953,24478,goiania,GO
CUST_002954,UNIQ_002954,78576,salvador,BA
CUST_002955,UNIQ_002955,15737,belo horizonte,MG
CUST_002956,UNIQ_002956,33414,fortaleza,CE
CUST_002957,UNIQ_002957,36486,rio de janeiro,RJ
CUST_002958,UNIQ_002958,73618,salvador,BA
CUST_002959,UNIQ_002959,22943,manaus,AM
CUST_002960,UNIQ_002960,84843,rio de janeiro,RJ
CUST_002961,UNIQ_002961,96235,natal,RN
CUST_002962,UNIQ_002962,78920,joao pessoa,PB
CUST_002963,UNIQ_002963,87371,porto velho,RO
CUST_002964,UNIQ_002964,16433,porto alegre,RS
CUST_002965,UNIQ_002965,38930,florianopolis,SC
CUST_002966,UNIQ_002966,19289,porto velho,RO
CUST_002967,UNIQ_002967,37359,sao paulo,SP
CUST_002968,UNIQ_002968,20480,joao pessoa,PB
CUST_002969,UNIQ_002969,93744,campo grande,MS
CUST_002970,UNIQ_002970,57307,rio de janeiro,RJ
CUST_002971,UNIQ_002971,64519,maceio,AL
CUST_002972,UNIQ_002972,17641,florianopolis,SC
CUST_002973,UNIQ_002973,44840,porto velho,RO
CUST_002974,UNIQ_002974,15328,aracaju,SE
CUST_002975,UNIQ_002975,49833,belo horizonte,MG
CUST_002976,UNIQ_002976,38298,belo horizonte,MG
CUST_002977,UNIQ_002977,22729,aracaju,SE
CUST_002978,UNIQ_002978,40279,salvador,BA
CUST_002979,UNIQ_002979,60506,maceio,AL
CUST_002980,UNIQ_002980,35312,manaus,AM
CUST_002981,UNIQ_002981,96098,aracaju,SE
CUST_002982,UNIQ_002982,84714,recife,PE
CUST_002983,UNIQ_002983,83193,curitiba,PR
CUST_002984,UNIQ_002984,64419,maceio,AL
CUST_002985,UNIQ_002985,93705,salvador,BA
CUST_002986,UNIQ_002986,56918,cuiaba,MT
CUST_002987,UNIQ_002987,97194,campo grande,MS
CUST_002988,UNIQ_002988,23644,teresina,PI
CUST_002989,UNIQ_002989,33644,curitiba,PR
CUST_002990,UNIQ_002990,62632,maceio,AL
CUST_002991,UNIQ_002991,54238,aracaju,SE
CUST_002992,UNIQ_002992,79979,curitiba,PR
CUST_002993,UNIQ_002993,68066,porto velho,RO
CUST_002994,UNIQ_002994,51307,florianopolis,SC
CUST_002995,UNIQ_002995,52553,maceio,AL
CUST_002996,UNIQ_002996,64046,florianopolis,SC
CUST_002997,UNIQ_002997,52395,teresina,PI
CUST_002998,UNIQ_002998,41551,porto velho,RO
CUST_002999,UNIQ_002999,81516,cuiaba,MT
CUST_003000,UNIQ_003000,59160,manaus,AM
CUST_003001,UNIQ_003001,43303,maceio,AL
CUST_003002,UNIQ_003002,69297,florianopolis,SC
CUST_003003,UNIQ_003003,62047,campo grande,MS
CUST_003004,UNIQ_003004,14543,sao paulo,SP
CUST_003005,UNIQ_003005,88087,belem,PA
CUST_003006,UNIQ_003006,77844,sao paulo,SP
CUST_003007,UNIQ_003007,49562,fortaleza,CE
CUST_003008,UNIQ_003008,49365,sao paulo,SP
CUST_003009,UNIQ_003009,38157,recife,PE
CUST_003010,UNIQ_003010,12844,goiania,GO
CUST_003011,UNIQ_003011,82569,porto alegre,RS
CUST_003012,UNIQ_003012,82918,aracaju,SE
CUST_003013,UNIQ_003013,84922,cuiaba,MT
CUST_003014,UNIQ_003014,22358,fortaleza,CE
CUST_003015,UNIQ_003015,70341,rio de janeiro,RJ
CUST_003016,UNIQ_003016,30461,florianopolis,SC
CUST_003017,UNIQ_003017,44732,fortaleza,CE
CUST_003018,UNIQ_003018,86304,florianopolis,SC
CUST_003019,UNIQ_003019,40539,recife,PE
CUST_003020,UNIQ_003020,49361,porto alegre,RS
CUST_003021,UNIQ_003021,84774,belo horizonte,MG
CUST_003022,UNIQ_003022,84588,natal,RN
CUST_003023,UNIQ_003023,20118,manaus,AM
CUST_003024,UNIQ_003024,73246,goiania,GO
CUST_003025,UNIQ_003025,73999,curitiba,PR
CUST_003026,UNIQ_003026,22499,cuiaba,MT
CUST_003027,UNIQ_003027,94181,porto velho,RO
CUST_003028,UNIQ_003028,14898,belem,PA
CUST_003029,UNIQ_003029,60010,cuiaba,MT
CUST_003030,UNIQ_003030,17329,belo horizonte,MG
CUST_003031,UNIQ_003031,55603,goiania,GO
CUST_003032,UNIQ_003032,64594,teresina,PI
CUST_003033,UNIQ_003033,39716,salvador,BA
CUST_003034,UNIQ_003034,11498,porto velho,RO
CUST_003035,UNIQ_003035,17094,natal,RN
CUST_003036,UNIQ_003036,78731,belem,PA
CUST_003037,UNIQ_003037,51853,rio de janeiro,RJ
CUST_003038,UNIQ_003038,84044,maceio,AL
CUST_003039,UNIQ_003039,52838,fortaleza,CE
CUST_003040,UNIQ_003040,38940,aracaju,SE
CUST_003041,UNIQ_003041,16621,fortaleza,CE
CUST_003042,UNIQ_003042,68407,natal,RN
CUST_003043,UNIQ_003043,85399,porto velho,RO
CUST_003044,UNIQ_003044,21807,aracaju,SE
CUST_003045,UNIQ_003045,66614,recife,PE
CUST_003046,UNIQ_003046,61684,belem,PA
CUST_003047,UNIQ_003047,27326,fortaleza,CE
CUST_003048,UNIQ_003048,20819,goiania,GO
CUST_003049,UNIQ_003049,84899,joao pessoa,PB
CUST_003050,UNIQ_003050,81847,rio de janeiro,RJ
CUST_003051,UNIQ_003051,44413,natal,RN
CUST_003052,UNIQ_003052,62235,belo horizonte,MG
CUST_003053,UNIQ_003053,66949,aracaju,SE
CUST_003054,UNIQ_003054,27677,fortaleza,CE
CUST_003055,UNIQ_003055,83308,joao pessoa,PB
CUST_003056,UNIQ_003056,73944,manaus,AM
CUST_003057,UNIQ_003057,95491,natal,RN
CUST_003058,UNIQ_003058,35703,cuiaba,MT
CUST_003059,UNIQ_003059,90739,maceio,AL
CUST_003060,UNIQ_003060,42275,aracaju,SE
CUST_003061,UNIQ_003061,19390,recife,PE
CUST_003062,UNIQ_003062,66369,porto alegre,RS
CUST_003063,UNIQ_003063,99749,goiania,GO
CUST_003064,UNIQ_003064,21743,cuiaba,MT
CUST_003065,UNIQ_003065,98047,salvador,BA
CUST_003066,UNIQ_003066,65514,teresina,PI
CUST_003067,UNIQ_003067,55653,florianopolis,SC
CUST_003068,UNIQ_003068,52039,manaus,AM
CUST_003069,UNIQ_003069,87840,florianopolis,SC
CUST_003070,UNIQ_003070,49953,sao paulo,SP
CUST_003071,UNIQ_003071,55838,curitiba,PR
CUST_003072,UNIQ_003072,67961,porto velho,RO
CUST_003073,UNIQ_003073,29112,porto velho,RO
CUST_003074,UNIQ_003074,15882,campo grande,MS
CUST_003075,UNIQ_003075,36173,recife,PE
CUST_003076,UNIQ_003076,30446,florianopolis,SC
CUST_003077,UNIQ_003077,24728,belo horizonte,MG
CUST_003078,UNIQ_003078,41856,rio de janeiro,RJ
CUST_003079,UNIQ_003079,29356,porto velho,RO
CUST_003080,UNIQ_003080,11800,belem,PA
CUST_003081,UNIQ_003081,24585,goiania,GO
CUST_003082,UNIQ_003082,68990,belem,PA
CUST_003083,UNIQ_003083,12981,joao pessoa,PB
CUST_003084,UNIQ_003084,37395,goiania,GO
CUST_003085,UNIQ_003085,37770,maceio,AL
CUST_003086,UNIQ_003086,81620,manaus,AM
CUST_003087,UNIQ_003087,43902,aracaju,SE
CUST_003088,UNIQ_003088,73311,maceio,AL
CUST_003089,UNIQ_003089,28526,porto velho,RO
CUST_003090,UNIQ_003090,59362,sao paulo,SP
CUST_003091,UNIQ_003091,96969,cuiaba,MT
CUST_003092,UNIQ_003092,15699,aracaju,SE
CUST_003093,UNIQ_003093,32324,porto alegre,RS
CUST_003094,UNIQ_003094,47226,rio de janeiro,RJ
CUST_003095,UNIQ_003095,90997,manaus,AM
CUST_003096,UNIQ_003096,16957,porto alegre,RS
CUST_003097,UNIQ_003097,95820,campo grande,MS
CUST_003098,UNIQ_003098,18729,sao paulo,SP
CUST_003099,UNIQ_003099,96556,natal,RN
CUST_003100,UNIQ_003100,96898,porto alegre,RS
CUST_003101,UNIQ_003101,24141,florianopolis,SC
CUST_003102,UNIQ_003102,48337,sao paulo,SP
CUST_003103,UNIQ_003103,40299,natal,RN
CUST_003104,UNIQ_003104,76655,natal,RN
CUST_003105,UNIQ_003105,51347,salvador,BA
CUST_003106,UNIQ_003106,88263,joao pessoa,PB
CUST_003107,UNIQ_003107,21537,maceio,AL
CUST_003108,UNIQ_003108,36066,curitiba,PR
CUST_003109,UNIQ_003109,70029,aracaju,SE
CUST_003110,UNIQ_003110,12816,maceio,AL
CUST_003111,UNIQ_003111,42426,rio de janeiro,RJ
CUST_003112,UNIQ_003112,49967,aracaju,SE
CUST_003113,UNIQ_003113,74216,goiania,GO
CUST_003114,UNIQ_003114,30578,natal,RN
CUST_003115,UNIQ_003115,55453,sao paulo,SP
CUST_003116,UNIQ_003116,56580,florianopolis,SC
CUST_003117,UNIQ_003117,40959,belem,PA
CUST_003118,UNIQ_003118,46159,aracaju,SE
CUST_003119,UNIQ_003119,92023,rio de janeiro,RJ
CUST_003120,UNIQ_003120,60747,porto alegre,RS
CUST_003121,UNIQ_003121,82737,sao paulo,SP
CUST_003122,UNIQ_003122,39567,porto alegre,RS
CUST_003123,UNIQ_003123,54798,fortaleza,CE
CUST_003124,UNIQ_003124,96105,natal,RN
CUST_003125,UNIQ_003125,21507,fortaleza,CE
CUST_003126,UNIQ_003126,78251,natal,RN
CUST_003127,UNIQ_003127,91988,porto velho,RO
CUST_003128,UNIQ_003128,64700,recife,PE
CUST_003129,UNIQ_003129,85090,recife,PE
CUST_003130,UNIQ_003130,65897,fortaleza,CE
CUST_003131,UNIQ_003131,89346,belem,PA
CUST_003132,UNIQ_003132,68873,goiania,GO
CUST_003133,UNIQ_003133,27271,maceio,AL
CUST_003134,UNIQ_003134,95520,manaus,AM
CUST_003135,UNIQ_003135,86156,fortaleza,CE
CUST_003136,UNIQ_003136,99659,maceio,AL
CUST_003137,UNIQ_003137,28102,manaus,AM
CUST_003138,UNIQ_003138,78656,belem,PA
CUST_003139,UNIQ_003139,66369,fortaleza,CE
CUST_003140,UNIQ_003140,96013,fortaleza,CE
CUST_003141,UNIQ_003141,30715,cuiaba,MT
CUST_003142,UNIQ_003142,18888,goiania,GO
CUST_003143,UNIQ_003143,79856,maceio,AL
CUST_003144,UNIQ_003144,34134,salvador,BA
CUST_003145,UNIQ_003145,29073,goiania,GO
CUST_003146,UNIQ_003146,51771,sao paulo,SP
CUST_003147,UNIQ_003147,63903,teresina,PI
CUST_003148,UNIQ_003148,68065,belem,PA
CUST_003149,UNIQ_003149,29917,porto alegre,RS
CUST_003150,UNIQ_003150,23994,manaus,AM
CUST_003151,UNIQ_003151,34215,fortaleza,CE
CUST_003152,UNIQ_003152,90213,sao paulo,SP
CUST_003153,UNIQ_003153,44978,porto velho,RO
CUST_003154,UNIQ_003154,84323,porto velho,RO
CUST_003155,UNIQ_003155,40266,porto velho,RO
CUST_003156,UNIQ_003156,40432,porto velho,RO
CUST_003157,UNIQ_003157,13418,recife,PE
CUST_003158,UNIQ_003158,20417,florianopolis,SC
CUST_003159,UNIQ_003159,27575,joao pessoa,PB
CUST_003160,UNIQ_003160,89260,aracaju,SE
CUST_003161,UNIQ_003161,95140,joao pessoa,PB
CUST_003162,UNIQ_003162,34114,florianopolis,SC
CUST_003163,UNIQ_003163,74414,natal,RN
CUST_003164,UNIQ_003164,28024,joao pessoa,PB
CUST_003165,UNIQ_003165,35330,curitiba,PR
CUST_003166,UNIQ_003166,14224,recife,PE
CUST_003167,UNIQ_003167,11967,teresina,PI
CUST_003168,UNIQ_003168,64138,porto alegre,RS
CUST_003169,UNIQ_003169,97993,recife,PE
CUST_003170,UNIQ_003170,36812,manaus,AM
CUST_003171,UNIQ_003171,33209,belo horizonte,MG
CUST_003172,UNIQ_003172,90879,campo grande,MS
CUST_003173,UNIQ_003173,52584,joao pessoa,PB
CUST_003174,UNIQ_003174,42346,campo grande,MS
CUST_003175,UNIQ_003175,63066,teresina,PI
CUST_003176,UNIQ_003176,89682,rio de janeiro,RJ
CUST_003177,UNIQ_003177,51012,natal,RN
CUST_003178,UNIQ_003178,90151,natal,RN
CUST_003179,UNIQ_003179,87831,cuiaba,MT
CUST_003180,UNIQ_003180,78843,maceio,AL
CUST_003181,UNIQ_003181,78242,rio de janeiro,RJ
CUST_003182,UNIQ_003182,69193,salvador,BA
CUST_003183,UNIQ_003183,15559,campo grande,MS
CUST_003184,UNIQ_003184,77987,recife,PE
CUST_003185,UNIQ_003185,61853,maceio,AL
CUST_003186,UNIQ_003186,83098,rio de janeiro,RJ
CUST_003187,UNIQ_003187,77649,natal,RN
CUST_003188,UNIQ_003188,34884,rio de janeiro,RJ
CUST_003189,UNIQ_003189,67613,belem,PA
CUST_003190,UNIQ_003190,49918,natal,RN
CUST_003191,UNIQ_003191,70469,belem,PA
CUST_003192,UNIQ_003192,65372,curitiba,PR
CUST_003193,UNIQ_003193,90364,belem,PA
CUST_003194,UNIQ_003194,77760,rio de janeiro,RJ
CUST_003195,UNIQ_003195,70762,fortaleza,CE
CUST_003196,UNIQ_003196,21854,campo grande,MS
CUST_003197,UNIQ_003197,24833,aracaju,SE
CUST_003198,UNIQ_003198,86735,curitiba,PR
CUST_003199,UNIQ_003199,27734,maceio,AL
CUST_003200,UNIQ_003200,64206,natal,RN
CUST_003201,UNIQ_003201,69098,goiania,GO
CUST_003202,UNIQ_003202,33445,sao paulo,SP
CUST_003203,UNIQ_003203,87373,campo grande,MS
CUST_003204,UNIQ_003204,69596,manaus,AM
CUST_003205,UNIQ_003205,42778,belo horizonte,MG
CUST_003206,UNIQ_003206,95010,goiania,GO
CUST_003207,UNIQ_003207,26193,curitiba,PR
CUST_003208,UNIQ_003208,24963,belo horizonte,MG
CUST_003209,UNIQ_003209,93109,campo grande,MS
CUST_003210,UNIQ_003210,21181,florianopolis,SC
CUST_003211,UNIQ_003211,60343,aracaju,SE
CUST_003212,UNIQ_003212,90225,aracaju,SE
CUST_003213,UNIQ_003213,59634,curitiba,PR
CUST_003214,UNIQ_003214,59886,maceio,AL
CUST_003215,UNIQ_003215,32398,rio de janeiro,RJ
CUST_003216,UNIQ_003216,84120,goiania,GO
CUST_003217,UNIQ_003217,31249,fortaleza,CE
CUST_003218,UNIQ_003218,33444,fortaleza,CE
CUST_003219,UNIQ_003219,64995,rio de janeiro,RJ
CUST_003220,UNIQ_003220,50569,belem,PA
CUST_003221,UNIQ_003221,47851,campo grande,MS
CUST_003222,UNIQ_003222,25408,curitiba,PR
CUST_003223,UNIQ_003223,36588,fortaleza,CE
CUST_003224,UNIQ_003224,91600,sao paulo,SP
CUST_003225,UNIQ_003225,11600,porto alegre,RS
CUST_003226,UNIQ_003226,75225,campo grande,MS
CUST_003227,UNIQ_003227,81237,joao pessoa,PB
CUST_003228,UNIQ_003228,89689,sao paulo,SP
CUST_003229,UNIQ_003229,41179,joao pessoa,PB
CUST_003230,UNIQ_003230,87183,manaus,AM
CUST_003231,UNIQ_003231,69472,joao pessoa,PB
CUST_003232,UNIQ_003232,67917,teresina,PI
CUST_003233,UNIQ_003233,88802,belo horizonte,MG
CUST_003234,UNIQ_003234,10861,porto velho,RO
CUST_003235,UNIQ_003235,81741,recife,PE
CUST_003236,UNIQ_003236,91233,porto alegre,RS
CUST_003237,UNIQ_003237,37215,maceio,AL
CUST_003238,UNIQ_003238,34227,rio de janeiro,RJ
CUST_003239,UNIQ_003239,17217,fortaleza,CE
CUST_003240,UNIQ_003240,14813,florianopolis,SC
CUST_003241,UNIQ_003241,14250,fortaleza,CE
CUST_003242,UNIQ_003242,89073,cuiaba,MT
CUST_003243,UNIQ_003243,53399,belem,PA
CUST_003244,UNIQ_003244,16426,belo horizonte,MG
CUST_003245,UNIQ_003245,64651,salvador,BA
CUST_003246,UNIQ_003246,31146,curitiba,PR
CUST_003247,UNIQ_003247,90096,belem,PA
CUST_003248,UNIQ_003248,85010,porto velho,RO
CUST_003249,UNIQ_003249,33254,maceio,AL
CUST_003250,UNIQ_003250,85886,campo grande,MS
CUST_003251,UNIQ_003251,14697,florianopolis,SC
CUST_003252,UNIQ_003252,49229,belo horizonte,MG
CUST_003253,UNIQ_003253,58309,goiania,GO
CUST_003254,UNIQ_003254,18869,natal,RN
CUST_003255,UNIQ_003255,82151,teresina,PI
CUST_003256,UNIQ_003256,48382,belo horizonte,MG
CUST_003257,UNIQ_003257,27635,joao pessoa,PB
CUST_003258,UNIQ_003258,45968,salvador,BA
CUST_003259,UNIQ_003259,79081,goiania,GO
CUST_003260,UNIQ_003260,78766,teresina,PI
CUST_003261,UNIQ_003261,37400,manaus,AM
CUST_003262,UNIQ_003262,17626,porto velho,RO
CUST_003263,UNIQ_003263,84890,salvador,BA
CUST_003264,UNIQ_003264,21491,aracaju,SE
CUST_003265,UNIQ_003265,89269,joao pessoa,PB
CUST_003266,UNIQ_003266,65974,belem,PA
CUST_003267,UNIQ_003267,51482,porto velho,RO
CUST_003268,UNIQ_003268,78864,porto alegre,RS
CUST_003269,UNIQ_003269,91689,cuiaba,MT
CUST_003270,UNIQ_003270,27001,florianopolis,SC
CUST_003271,UNIQ_003271,83745,porto velho,RO
CUST_003272,UNIQ_003272,78118,joao pessoa,PB
CUST_003273,UNIQ_003273,74553,joao pessoa,PB
CUST_003274,UNIQ_003274,89876,curitiba,PR
CUST_003275,UNIQ_003275,48074,recife,PE
CUST_003276,UNIQ_003276,10207,manaus,AM
CUST_003277,UNIQ_003277,13143,salvador,BA
CUST_003278,UNIQ_003278,91980,campo grande,MS
CUST_003279,UNIQ_003279,37175,salvador,BA
CUST_003280,UNIQ_003280,64346,porto velho,RO
CUST_003281,UNIQ_003281,15962,teresina,PI
CUST_003282,UNIQ_003282,55829,goiania,GO
CUST_003283,UNIQ_003283,93558,maceio,AL
CUST_003284,UNIQ_003284,11480,manaus,AM
CUST_003285,UNIQ_003285,46913,manaus,AM
CUST_003286,UNIQ_003286,18891,porto alegre,RS
CUST_003287,UNIQ_003287,49358,belem,PA
CUST_003288,UNIQ_003288,82088,aracaju,SE
CUST_003289,UNIQ_003289,10803,goiania,GO
CUST_003290,UNIQ_003290,99893,salvador,BA
CUST_003291,UNIQ_003291,54742,goiania,GO
CUST_003292,UNIQ_003292,84569,natal,RN
CUST_003293,UNIQ_003293,13816,porto velho,RO
CUST_003294,UNIQ_003294,35430,curitiba,PR
CUST_003295,UNIQ_003295,54294,goiania,GO
CUST_003296,UNIQ_003296,72193,joao pessoa,PB
CUST_003297,UNIQ_003297,94626,rio de janeiro,RJ
CUST_003298,UNIQ_003298,73110,fortaleza,CE
CUST_003299,UNIQ_003299,92208,fortaleza,CE
CUST_003300,UNIQ_003300,80381,campo grande,MS
CUST_003301,UNIQ_003301,70616,goiania,GO
CUST_003302,UNIQ_003302,17342,teresina,PI
CUST_003303,UNIQ_003303,49235,aracaju,SE
CUST_003304,UNIQ_003304,98892,cuiaba,MT
CUST_003305,UNIQ_003305,82768,goiania,GO
CUST_003306,UNIQ_003306,12453,maceio,AL
CUST_003307,UNIQ_003307,85680,manaus,AM
CUST_003308,UNIQ_003308,56346,goiania,GO
CUST_003309,UNIQ_003309,29569,belo horizonte,MG
CUST_003310,UNIQ_003310,14085,porto alegre,RS
CUST_003311,UNIQ_003311,59183,goiania,GO
CUST_003312,UNIQ_003312,31753,maceio,AL
CUST_003313,UNIQ_003313,89388,cuiaba,MT
CUST_003314,UNIQ_003314,34560,natal,RN
CUST_003315,UNIQ_003315,25315,porto velho,RO
CUST_003316,UNIQ_003316,51222,belem,PA
CUST_003317,UNIQ_003317,45585,rio de janeiro,RJ
CUST_003318,UNIQ_003318,21376,teresina,PI
CUST_003319,UNIQ_003319,41148,joao pessoa,PB
CUST_003320,UNIQ_003320,69232,florianopolis,SC
CUST_003321,UNIQ_003321,38329,belem,PA
CUST_003322,UNIQ_003322,49625,aracaju,SE
CUST_003323,UNIQ_003323,24710,curitiba,PR
CUST_003324,UNIQ_003324,14901,florianopolis,SC
CUST_003325,UNIQ_003325,22137,manaus,AM
CUST_003326,UNIQ_003326,76321,campo grande,MS
CUST_003327,UNIQ_003327,73263,sao paulo,SP
CUST_003328,UNIQ_003328,30195,aracaju,SE
CUST_003329,UNIQ_003329,54579,manaus,AM
CUST_003330,UNIQ_003330,78632,joao pessoa,PB
CUST_003331,UNIQ_003331,52904,belem,PA
CUST_003332,UNIQ_003332,22878,fortaleza,CE
CUST_003333,UNIQ_003333,98698,aracaju,SE
CUST_003334,UNIQ_003334,36894,fortaleza,CE
CUST_003335,UNIQ_003335,70210,rio de janeiro,RJ
CUST_003336,UNIQ_003336,78464,natal,RN
CUST_003337,UNIQ_003337,10538,salvador,BA
CUST_003338,UNIQ_003338,15771,belem,PA
CUST_003339,UNIQ_003339,21413,porto velho,RO
CUST_003340,UNIQ_003340,71194,goiania,GO
CUST_003341,UNIQ_003341,23513,rio de janeiro,RJ
CUST_003342,UNIQ_003342,96374,aracaju,SE
CUST_003343,UNIQ_003343,12946,belem,PA
CUST_003344,UNIQ_003344,50913,cuiaba,MT
CUST_003345,UNIQ_003345,52058,manaus,AM
CUST_003346,UNIQ_003346,35237,manaus,AM
CUST_003347,UNIQ_003347,46261,belem,PA
CUST_003348,UNIQ_003348,51831,maceio,AL
CUST_003349,UNIQ_003349,97965,campo grande,MS
CUST_003350,UNIQ_003350,45737,salvador,BA
CUST_003351,UNIQ_003351,30643,fortaleza,CE
CUST_003352,UNIQ_003352,25002,porto alegre,RS
CUST_003353,UNIQ_003353,91650,sao paulo,SP
CUST_003354,UNIQ_003354,77378,maceio,AL
CUST_003355,UNIQ_003355,37076,salvador,BA
CUST_003356,UNIQ_003356,55916,maceio,AL
CUST_003357,UNIQ_003357,51744,maceio,AL
CUST_003358,UNIQ_003358,28554,porto alegre,RS
CUST_003359,UNIQ_003359,85246,belem,PA
CUST_003360,UNIQ_003360,32449,recife,PE
CUST_003361,UNIQ_003361,50812,belo horizonte,MG
CUST_003362,UNIQ_003362,54399,porto velho,RO
CUST_003363,UNIQ_003363,68149,maceio,AL
CUST_003364,UNIQ_003364,27049,rio de janeiro,RJ
CUST_003365,UNIQ_003365,71700,sao paulo,SP
CUST_003366,UNIQ_003366,23884,rio de janeiro,RJ
CUST_003367,UNIQ_003367,17051,natal,RN
CUST_003368,UNIQ_003368,65897,belo horizonte,MG
CUST_003369,UNIQ_003369,33459,natal,RN
CUST_003370,UNIQ_003370,87693,porto velho,RO
CUST_003371,UNIQ_003371,90781,campo grande,MS
CUST_003372,UNIQ_003372,50952,florianopolis,SC
CUST_003373,UNIQ_003373,35971,goiania,GO
CUST_003374,UNIQ_003374,20295,maceio,AL
CUST_003375,UNIQ_003375,84421,campo grande,MS
CUST_003376,UNIQ_003376,22178,fortaleza,CE
CUST_003377,UNIQ_003377,22748,campo grande,MS
CUST_003378,UNIQ_003378,50683,campo grande,MS
CUST_003379,UNIQ_003379,71675,campo grande,MS
CUST_003380,UNIQ_003380,39333,recife,PE
CUST_003381,UNIQ_003381,90863,fortaleza,CE
CUST_003382,UNIQ_003382,57638,porto alegre,RS
CUST_003383,UNIQ_003383,34032,natal,RN
CUST_003384,UNIQ_003384,52567,goiania,GO
CUST_003385,UNIQ_003385,73898,campo grande,MS
CUST_003386,UNIQ_003386,18567,sao paulo,SP
CUST_003387,UNIQ_003387,24796,joao pessoa,PB
CUST_003388,UNIQ_003388,72737,florianopolis,SC
CUST_003389,UNIQ_003389,32387,campo grande,MS
CUST_003390,UNIQ_003390,55693,belem,PA
CUST_003391,UNIQ_003391,85324,porto velho,RO
CUST_003392,UNIQ_003392,76577,fortaleza,CE
CUST_003393,UNIQ_003393,63174,salvador,BA
CUST_003394,UNIQ_003394,52712,salvador,BA
CUST_003395,UNIQ_003395,95124,maceio,AL
CUST_003396,UNIQ_003396,49599,belo horizonte,MG
CUST_003397,UNIQ_003397,70420,maceio,AL
CUST_003398,UNIQ_003398,87402,natal,RN
CUST_003399,UNIQ_003399,41270,teresina,PI
CUST_003400,UNIQ_003400,41941,porto velho,RO
CUST_003401,UNIQ_003401,30843,maceio,AL
CUST_003402,UNIQ_003402,60307,joao pessoa,PB
CUST_003403,UNIQ_003403,54658,belo horizonte,MG
CUST_003404,UNIQ_003404,87459,manaus,AM
CUST_003405,UNIQ_003405,67062,teresina,PI
CUST_003406,UNIQ_003406,54852,cuiaba,MT
CUST_003407,UNIQ_003407,40953,maceio,AL
CUST_003408,UNIQ_003408,96849,curitiba,PR
CUST_003409,UNIQ_003409,85260,belo horizonte,MG
CUST_003410,UNIQ_003410,24984,joao pessoa,PB
CUST_003411,UNIQ_003411,88128,cuiaba,MT
CUST_003412,UNIQ_003412,52647,campo grande,MS
CUST_003413,UNIQ_003413,22799,maceio,AL
CUST_003414,UNIQ_003414,33091,campo grande,MS
CUST_003415,UNIQ_003415,63188,belem,PA
CUST_003416,UNIQ_003416,88415,belo horizonte,MG
CUST_003417,UNIQ_003417,99850,salvador,BA
CUST_003418,UNIQ_003418,59664,porto velho,RO
CUST_003419,UNIQ_003419,74788,goiania,GO
CUST_003420,UNIQ_003420,21866,rio de janeiro,RJ
CUST_003421,UNIQ_003421,28208,manaus,AM
CUST_003422,UNIQ_003422,93379,cuiaba,MT
CUST_003423,UNIQ_003423,29231,sao paulo,SP
CUST_003424,UNIQ_003424,69372,fortaleza,CE
CUST_003425,UNIQ_003425,48207,maceio,AL
CUST_003426,UNIQ_003426,90684,natal,RN
CUST_003427,UNIQ_003427,68610,cuiaba,MT
CUST_003428,UNIQ_003428,36956,manaus,AM
CUST_003429,UNIQ_003429,49286,goiania,GO
CUST_003430,UNIQ_003430,99071,cuiaba,MT
CUST_003431,UNIQ_003431,66980,belem,PA
CUST_003432,UNIQ_003432,21703,florianopolis,SC
CUST_003433,UNIQ_003433,11064,cuiaba,MT
CUST_003434,UNIQ_003434,76902,porto velho,RO
CUST_003435,UNIQ_003435,26718,natal,RN
CUST_003436,UNIQ_003436,18180,belem,PA
CUST_003437,UNIQ_003437,81943,florianopolis,SC
CUST_003438,UNIQ_003438,10110,rio de janeiro,RJ
CUST_003439,UNIQ_003439,57086,maceio,AL
CUST_003440,UNIQ_003440,46989,salvador,BA
CUST_003441,UNIQ_003441,40833,sao paulo,SP
CUST_003442,UNIQ_003442,87353,teresina,PI
CUST_003443,UNIQ_003443,91948,natal,RN
CUST_003444,UNIQ_003444,60173,goiania,GO
CUST_003445,UNIQ_003445,60012,natal,RN
CUST_003446,UNIQ_003446,81449,teresina,PI
CUST_003447,UNIQ_003447,96833,manaus,AM
CUST_003448,UNIQ_003448,72242,curitiba,PR
CUST_003449,UNIQ_003449,34671,fortaleza,CE
CUST_003450,UNIQ_003450,60409,maceio,AL
CUST_003451,UNIQ_003451,64687,florianopolis,SC
CUST_003452,UNIQ_003452,47810,fortaleza,CE
CUST_003453,UNIQ_003453,27600,fortaleza,CE
CUST_003454,UNIQ_003454,19403,sao paulo,SP
CUST_003455,UNIQ_003455,28873,sao paulo,SP
CUST_003456,UNIQ_003456,96235,joao pessoa,PB
CUST_003457,UNIQ_003457,27796,teresina,PI
CUST_003458,UNIQ_003458,27985,belo horizonte,MG
CUST_003459,UNIQ_003459,69772,teresina,PI
CUST_003460,UNIQ_003460,65797,porto velho,RO
CUST_003461,UNIQ_003461,33566,porto velho,RO
CUST_003462,UNIQ_003462,76770,campo grande,MS
CUST_003463,UNIQ_003463,82358,teresina,PI
CUST_003464,UNIQ_003464,60425,campo grande,MS
CUST_003465,UNIQ_003465,39588,florianopolis,SC
CUST_003466,UNIQ_003466,65675,curitiba,PR
CUST_003467,UNIQ_003467,10973,porto velho,RO
CUST_003468,UNIQ_003468,75294,cuiaba,MT
CUST_003469,UNIQ_003469,75762,recife,PE
CUST_003470,UNIQ_003470,63849,porto alegre,RS
CUST_003471,UNIQ_003471,85543,maceio,AL
CUST_003472,UNIQ_003472,14385,florianopolis,SC
CUST_003473,UNIQ_003473,84468,rio de janeiro,RJ
CUST_003474,UNIQ_003474,58310,joao pessoa,PB
CUST_003475,UNIQ_003475,86056,salvador,BA
CUST_003476,UNIQ_003476,20494,joao pessoa,PB
CUST_003477,UNIQ_003477,78997,fortaleza,CE
CUST_003478,UNIQ_003478,70940,porto alegre,RS
CUST_003479,UNIQ_003479,20254,aracaju,SE
CUST_003480,UNIQ_003480,89963,aracaju,SE
CUST_003481,UNIQ_003481,42142,belo horizonte,MG
CUST_003482,UNIQ_003482,92662,joao pessoa,PB
CUST_003483,UNIQ_003483,99662,belo horizonte,MG
CUST_003484,UNIQ_003484,85973,maceio,AL
CUST_003485,UNIQ_003485,90352,belem,PA
CUST_003486,UNIQ_003486,55029,rio de janeiro,RJ
CUST_003487,UNIQ_003487,11413,maceio,AL
CUST_003488,UNIQ_003488,69511,joao pessoa,PB
CUST_003489,UNIQ_003489,71503,aracaju,SE
CUST_003490,UNIQ_003490,53452,cuiaba,MT
CUST_003491,UNIQ_003491,56257,teresina,PI
CUST_003492,UNIQ_003492,47907,belem,PA
CUST_003493,UNIQ_003493,14630,curitiba,PR
CUST_003494,UNIQ_003494,49855,porto velho,RO
CUST_003495,UNIQ_003495,44136,cuiaba,MT
CUST_003496,UNIQ_003496,92483,rio de janeiro,RJ
CUST_003497,UNIQ_003497,85778,joao pessoa,PB
CUST_003498,UNIQ_003498,85085,curitiba,PR
CUST_003499,UNIQ_003499,96025,rio de janeiro,RJ
CUST_003500,UNIQ_003500,91830,belem,PA
CUST_003501,UNIQ_003501,47593,sao paulo,SP
CUST_003502,UNIQ_003502,20814,joao pessoa,PB
CUST_003503,UNIQ_003503,76269,fortaleza,CE
CUST_003504,UNIQ_003504,46418,belo horizonte,MG
CUST_003505,UNIQ_003505,27372,porto alegre,RS
CUST_003506,UNIQ_003506,46827,porto velho,RO
CUST_003507,UNIQ_003507,43679,porto alegre,RS
CUST_003508,UNIQ_003508,24621,sao paulo,SP
CUST_003509,UNIQ_003509,32886,porto velho,RO
CUST_003510,UNIQ_003510,29809,cuiaba,MT
CUST_003511,UNIQ_003511,58466,campo grande,MS
CUST_003512,UNIQ_003512,44242,curitiba,PR
CUST_003513,UNIQ_003513,73559,recife,PE
CUST_003514,UNIQ_003514,79125,curitiba,PR
CUST_003515,UNIQ_003515,54937,rio de janeiro,RJ
CUST_003516,UNIQ_003516,29014,belo horizonte,MG
CUST_003517,UNIQ_003517,30204,porto velho,RO
CUST_003518,UNIQ_003518,64125,joao pessoa,PB
CUST_003519,UNIQ_003519,41188,natal,RN
CUST_003520,UNIQ_003520,93568,campo grande,MS
CUST_003521,UNIQ_003521,37637,curitiba,PR
CUST_003522,UNIQ_003522,55229,cuiaba,MT
CUST_003523,UNIQ_003523,94182,rio de janeiro,RJ
CUST_003524,UNIQ_003524,25203,porto alegre,RS
CUST_003525,UNIQ_003525,31967,rio de janeiro,RJ
CUST_003526,UNIQ_003526,62264,campo grande,MS
CUST_003527,UNIQ_003527,49500,joao pessoa,PB
CUST_003528,UNIQ_003528,79798,joao pessoa,PB
CUST_003529,UNIQ_003529,59781,recife,PE
CUST_003530,UNIQ_003530,72205,natal,RN
CUST_003531,UNIQ_003531,29025,porto alegre,RS
CUST_003532,UNIQ_003532,66981,aracaju,SE
CUST_003533,UNIQ_003533,47852,sao paulo,SP
CUST_003534,UNIQ_003534,60070,campo grande,MS
CUST_003535,UNIQ_003535,79501,goiania,GO
CUST_003536,UNIQ_003536,22761,rio de janeiro,RJ
CUST_003537,UNIQ_003537,93548,maceio,AL
CUST_003538,UNIQ_003538,66595,florianopolis,SC
CUST_003539,UNIQ_003539,95467,porto velho,RO
CUST_003540,UNIQ_003540,53904,porto alegre,RS
CUST_003541,UNIQ_003541,45007,porto alegre,RS
CUST_003542,UNIQ_003542,43468,salvador,BA
CUST_003543,UNIQ_003543,61269,cuiaba,MT
CUST_003544,UNIQ_003544,98511,campo grande,MS
CUST_003545,UNIQ_003545,98065,recife,PE
CUST_003546,UNIQ_003546,35549,cuiaba,MT
CUST_003547,UNIQ_003547,54224,aracaju,SE
CUST_003548,UNIQ_003548,51060,curitiba,PR
CUST_003549,UNIQ_003549,11386,maceio,AL
CUST_003550,UNIQ_003550,18906,sao paulo,SP
CUST_003551,UNIQ_003551,63903,sao paulo,SP
CUST_003552,UNIQ_003552,78847,salvador,BA
CUST_003553,UNIQ_003553,99849,salvador,BA
CUST_003554,UNIQ_003554,56073,campo grande,MS
CUST_003555,UNIQ_003555,47132,recife,PE
CUST_003556,UNIQ_003556,35307,porto alegre,RS
CUST_003557,UNIQ_003557,13106,rio de janeiro,RJ
CUST_003558,UNIQ_003558,22050,porto velho,RO
CUST_003559,UNIQ_003559,87874,rio de janeiro,RJ
CUST_003560,UNIQ_003560,88562,manaus,AM
CUST_003561,UNIQ_003561,25725,salvador,BA
CUST_003562,UNIQ_003562,89257,belo horizonte,MG
CUST_003563,UNIQ_003563,59277,fortaleza,CE
CUST_003564,UNIQ_003564,34217,cuiaba,MT
CUST_003565,UNIQ_003565,34151,salvador,BA
CUST_003566,UNIQ_003566,48609,porto alegre,RS
CUST_003567,UNIQ_003567,96570,campo grande,MS
CUST_003568,UNIQ_003568,93726,belo horizonte,MG
CUST_003569,UNIQ_003569,46226,campo grande,MS
CUST_003570,UNIQ_003570,97500,teresina,PI
CUST_003571,UNIQ_003571,43729,goiania,GO
CUST_003572,UNIQ_003572,19698,curitiba,PR
CUST_003573,UNIQ_003573,18177,porto alegre,RS
CUST_003574,UNIQ_003574,60933,natal,RN
CUST_003575,UNIQ_003575,17872,goiania,GO
CUST_003576,UNIQ_003576,44690,porto alegre,RS
CUST_003577,UNIQ_003577,67747,curitiba,PR
CUST_003578,UNIQ_003578,74450,belo horizonte,MG
CUST_003579,UNIQ_003579,89993,manaus,AM
CUST_003580,UNIQ_003580,33388,natal,RN
CUST_003581,UNIQ_003581,24212,joao pessoa,PB
CUST_003582,UNIQ_003582,80861,fortaleza,CE
CUST_003583,UNIQ_003583,38624,teresina,PI
CUST_003584,UNIQ_003584,94323,porto velho,RO
CUST_003585,UNIQ_003585,67878,salvador,BA
CUST_003586,UNIQ_003586,23538,porto alegre,RS
CUST_003587,UNIQ_003587,19557,rio de janeiro,RJ
CUST_003588,UNIQ_003588,84887,belo horizonte,MG
CUST_003589,UNIQ_003589,68442,porto alegre,RS
CUST_003590,UNIQ_003590,75234,sao paulo,SP
CUST_003591,UNIQ_003591,95572,fortaleza,CE
CUST_003592,UNIQ_003592,14959,sao paulo,SP
CUST_003593,UNIQ_003593,44922,natal,RN
CUST_003594,UNIQ_003594,53231,fortaleza,CE
CUST_003595,UNIQ_003595,85319,natal,RN
CUST_003596,UNIQ_003596,77552,sao paulo,SP
CUST_003597,UNIQ_003597,72670,joao pessoa,PB
CUST_003598,UNIQ_003598,62941,teresina,PI
CUST_003599,UNIQ_003599,80795,belo horizonte,MG
CUST_003600,UNIQ_003600,10433,recife,PE
CUST_003601,UNIQ_003601,73185,natal,RN
CUST_003602,UNIQ_003602,84349,salvador,BA
CUST_003603,UNIQ_003603,57044,maceio,AL
CUST_003604,UNIQ_003604,99369,goiania,GO
CUST_003605,UNIQ_003605,62509,belem,PA
CUST_003606,UNIQ_003606,92873,rio de janeiro,RJ
CUST_003607,UNIQ_003607,57887,belo horizonte,MG
CUST_003608,UNIQ_003608,54572,maceio,AL
CUST_003609,UNIQ_003609,70245,belo horizonte,MG
CUST_003610,UNIQ_003610,94907,belem,PA
CUST_003611,UNIQ_003611,33149,manaus,AM
CUST_003612,UNIQ_003612,15155,maceio,AL
CUST_003613,UNIQ_003613,96603,natal,RN
CUST_003614,UNIQ_003614,49173,manaus,AM
CUST_003615,UNIQ_003615,23994,natal,RN
CUST_003616,UNIQ_003616,73766,florianopolis,SC
CUST_003617,UNIQ_003617,92941,belo horizonte,MG
CUST_003618,UNIQ_003618,34833,campo grande,MS
CUST_003619,UNIQ_003619,14679,fortaleza,CE
CUST_003620,UNIQ_003620,13324,manaus,AM
CUST_003621,UNIQ_003621,41258,cuiaba,MT
CUST_003622,UNIQ_003622,60956,joao pessoa,PB
CUST_003623,UNIQ_003623,80851,belo horizonte,MG
CUST_003624,UNIQ_003624,75494,belem,PA
CUST_003625,UNIQ_003625,68891,maceio,AL
CUST_003626,UNIQ_003626,14855,sao paulo,SP
CUST_003627,UNIQ_003627,17347,goiania,GO
CUST_003628,UNIQ_003628,15611,goiania,GO
CUST_003629,UNIQ_003629,25491,natal,RN
CUST_003630,UNIQ_003630,95701,manaus,AM
CUST_003631,UNIQ_003631,70079,aracaju,SE
CUST_003632,UNIQ_003632,29523,maceio,AL
CUST_003633,UNIQ_003633,40537,cuiaba,MT
CUST_003634,UNIQ_003634,14833,belo horizonte,MG
CUST_003635,UNIQ_003635,74080,fortaleza,CE
CUST_003636,UNIQ_003636,71763,sao paulo,SP
CUST_003637,UNIQ_003637,16003,porto velho,RO
CUST_003638,UNIQ_003638,95037,recife,PE
CUST_003639,UNIQ_003639,11882,fortaleza,CE
CUST_003640,UNIQ_003640,92924,curitiba,PR
CUST_003641,UNIQ_003641,50283,rio de janeiro,RJ
CUST_003642,UNIQ_003642,69793,salvador,BA
CUST_003643,UNIQ_003643,32372,porto velho,RO
CUST_003644,UNIQ_003644,18383,cuiaba,MT
CUST_003645,UNIQ_003645,24965,salvador,BA
CUST_003646,UNIQ_003646,87984,joao pessoa,PB
CUST_003647,UNIQ_003647,38910,porto velho,RO
CUST_003648,UNIQ_003648,36560,belo horizonte,MG
CUST_003649,UNIQ_003649,54216,teresina,PI
CUST_003650,UNIQ_003650,52498,natal,RN
CUST_003651,UNIQ_003651,99664,salvador,BA
CUST_003652,UNIQ_003652,81550,cuiaba,MT
CUST_003653,UNIQ_003653,52151,fortaleza,CE
CUST_003654,UNIQ_003654,15975,manaus,AM
CUST_003655,UNIQ_003655,32734,cuiaba,MT
CUST_003656,UNIQ_003656,18286,goiania,GO
CUST_003657,UNIQ_003657,45899,salvador,BA
CUST_003658,UNIQ_003658,64415,fortaleza,CE
CUST_003659,UNIQ_003659,58487,curitiba,PR
CUST_003660,UNIQ_003660,31627,maceio,AL
CUST_003661,UNIQ_003661,41934,campo grande,MS
CUST_003662,UNIQ_003662,15334,cuiaba,MT
CUST_003663,UNIQ_003663,23102,fortaleza,CE
CUST_003664,UNIQ_003664,59300,porto velho,RO
CUST_003665,UNIQ_003665,12048,curitiba,PR
CUST_003666,UNIQ_003666,20580,joao pessoa,PB
CUST_003667,UNIQ_003667,10946,sao paulo,SP
CUST_003668,UNIQ_003668,21683,curitiba,PR
CUST_003669,UNIQ_003669,47189,cuiaba,MT
CUST_003670,UNIQ_003670,72391,teresina,PI
CUST_003671,UNIQ_003671,37021,fortaleza,CE
CUST_003672,UNIQ_003672,93863,fortaleza,CE
CUST_003673,UNIQ_003673,78562,porto alegre,RS
CUST_003674,UNIQ_003674,64005,campo grande,MS
CUST_003675,UNIQ_003675,32878,recife,PE
CUST_003676,UNIQ_003676,14931,porto velho,RO
CUST_003677,UNIQ_003677,33593,porto velho,RO
CUST_003678,UNIQ_003678,90222,joao pessoa,PB
CUST_003679,UNIQ_003679,92207,belo horizonte,MG
CUST_003680,UNIQ_003680,55593,belem,PA
CUST_003681,UNIQ_003681,10599,teresina,PI
CUST_003682,UNIQ_003682,40885,maceio,AL
CUST_003683,UNIQ_003683,25401,manaus,AM
CUST_003684,UNIQ_003684,22541,aracaju,SE
CUST_003685,UNIQ_003685,57435,porto velho,RO
CUST_003686,UNIQ_003686,76524,maceio,AL
CUST_003687,UNIQ_003687,70845,recife,PE
CUST_003688,UNIQ_003688,46231,manaus,AM
CUST_003689,UNIQ_003689,35391,rio de janeiro,RJ
CUST_003690,UNIQ_003690,29558,salvador,BA
CUST_003691,UNIQ_003691,75210,joao pessoa,PB
CUST_003692,UNIQ_003692,30940,curitiba,PR
CUST_003693,UNIQ_003693,17081,rio de janeiro,RJ
CUST_003694,UNIQ_003694,47363,florianopolis,SC
CUST_003695,UNIQ_003695,66973,manaus,AM
CUST_003696,UNIQ_003696,53816,porto alegre,RS
CUST_003697,UNIQ_003697,69394,porto velho,RO
CUST_003698,UNIQ_003698,23686,rio de janeiro,RJ
CUST_003699,UNIQ_003699,80432,rio de janeiro,RJ
CUST_003700,UNIQ_003700,30715,curitiba,PR
CUST_003701,UNIQ_003701,73577,sao paulo,SP
CUST_003702,UNIQ_003702,25212,aracaju,SE
CUST_003703,UNIQ_003703,40841,belo horizonte,MG
CUST_003704,UNIQ_003704,87687,campo grande,MS
CUST_003705,UNIQ_003705,52725,cuiaba,MT
CUST_003706,UNIQ_003706,36050,teresina,PI
CUST_003707,UNIQ_003707,40154,goiania,GO
CUST_003708,UNIQ_003708,52746,salvador,BA
CUST_003709,UNIQ_003709,22853,recife,PE
CUST_003710,UNIQ_003710,64079,recife,PE
CUST_003711,UNIQ_003711,59221,manaus,AM
CUST_003712,UNIQ_003712,19637,recife,PE
CUST_003713,UNIQ_003713,86689,joao pessoa,PB
CUST_003714,UNIQ_003714,17122,joao pessoa,PB
CUST_003715,UNIQ_003715,28997,teresina,PI
CUST_003716,UNIQ_003716,89879,manaus,AM
CUST_003717,UNIQ_003717,33338,campo grande,MS
CUST_003718,UNIQ_003718,58953,natal,RN
CUST_003719,UNIQ_003719,69996,fortaleza,CE
CUST_003720,UNIQ_003720,92840,manaus,AM
CUST_003721,UNIQ_003721,45349,florianopolis,SC
CUST_003722,UNIQ_003722,54025,manaus,AM
CUST_003723,UNIQ_003723,14206,fortaleza,CE
CUST_003724,UNIQ_003724,17818,cuiaba,MT
CUST_003725,UNIQ_003725,27891,porto alegre,RS
CUST_003726,UNIQ_003726,71018,salvador,BA
CUST_003727,UNIQ_003727,64817,campo grande,MS
CUST_003728,UNIQ_003728,55033,curitiba,PR
CUST_003729,UNIQ_003729,48687,recife,PE
CUST_003730,UNIQ_003730,30550,porto velho,RO
CUST_003731,UNIQ_003731,32273,porto velho,RO
CUST_003732,UNIQ_003732,82450,cuiaba,MT
CUST_003733,UNIQ_003733,21334,recife,PE
CUST_003734,UNIQ_003734,78389,teresina,PI
CUST_003735,UNIQ_003735,38369,joao pessoa,PB
CUST_003736,UNIQ_003736,72061,cuiaba,MT
CUST_003737,UNIQ_003737,46591,campo grande,MS
CUST_003738,UNIQ_003738,66113,sao paulo,SP
CUST_003739,UNIQ_003739,42483,recife,PE
CUST_003740,UNIQ_003740,66917,goiania,GO
CUST_003741,UNIQ_003741,39151,cuiaba,MT
CUST_003742,UNIQ_003742,29525,cuiaba,MT
CUST_003743,UNIQ_003743,10665,cuiaba,MT
CUST_003744,UNIQ_003744,15796,teresina,PI
CUST_003745,UNIQ_003745,71689,rio de janeiro,RJ
CUST_003746,UNIQ_003746,14406,aracaju,SE
CUST_003747,UNIQ_003747,79615,teresina,PI
CUST_003748,UNIQ_003748,72818,natal,RN
CUST_003749,UNIQ_003749,69302,salvador,BA
CUST_003750,UNIQ_003750,41524,joao pessoa,PB
CUST_003751,UNIQ_003751,83202,belo horizonte,MG
CUST_003752,UNIQ_003752,63296,sao paulo,SP
CUST_003753,UNIQ_003753,27394,manaus,AM
CUST_003754,UNIQ_003754,48769,florianopolis,SC
CUST_003755,UNIQ_003755,94887,recife,PE
CUST_003756,UNIQ_003756,12087,belo horizonte,MG
CUST_003757,UNIQ_003757,97691,joao pessoa,PB
CUST_003758,UNIQ_003758,31207,belem,PA
CUST_003759,UNIQ_003759,84760,campo grande,MS
CUST_003760,UNIQ_003760,13199,cuiaba,MT
CUST_003761,UNIQ_003761,70786,campo grande,MS
CUST_003762,UNIQ_003762,63131,fortaleza,CE
CUST_003763,UNIQ_003763,58551,curitiba,PR
CUST_003764,UNIQ_003764,93021,campo grande,MS
CUST_003765,UNIQ_003765,92222,sao paulo,SP
CUST_003766,UNIQ_003766,60446,belo horizonte,MG
CUST_003767,UNIQ_003767,79588,goiania,GO
CUST_003768,UNIQ_003768,48874,rio de janeiro,RJ
CUST_003769,UNIQ_003769,45361,teresina,PI
CUST_003770,UNIQ_003770,81098,porto velho,RO
CUST_003771,UNIQ_003771,37151,cuiaba,MT
CUST_003772,UNIQ_003772,91324,belo horizonte,MG
CUST_003773,UNIQ_003773,17184,goiania,GO
CUST_003774,UNIQ_003774,98428,aracaju,SE
CUST_003775,UNIQ_003775,16758,florianopolis,SC
CUST_003776,UNIQ_003776,60194,salvador,BA
CUST_003777,UNIQ_003777,70994,florianopolis,SC
CUST_003778,UNIQ_003778,15357,porto velho,RO
CUST_003779,UNIQ_003779,58029,florianopolis,SC
CUST_003780,UNIQ_003780,94957,curitiba,PR
CUST_003781,UNIQ_003781,18782,maceio,AL
CUST_003782,UNIQ_003782,36832,maceio,AL
CUST_003783,UNIQ_003783,53899,fortaleza,CE
CUST_003784,UNIQ_003784,80730,recife,PE
CUST_003785,UNIQ_003785,95070,salvador,BA
CUST_003786,UNIQ_003786,86037,joao pessoa,PB
CUST_003787,UNIQ_003787,39548,manaus,AM
CUST_003788,UNIQ_003788,56230,goiania,GO
CUST_003789,UNIQ_003789,76003,porto alegre,RS
CUST_003790,UNIQ_003790,46325,teresina,PI
CUST_003791,UNIQ_003791,18305,rio de janeiro,RJ
CUST_003792,UNIQ_003792,55249,florianopolis,SC
CUST_003793,UNIQ_003793,73730,campo grande,MS
CUST_003794,UNIQ_003794,79033,aracaju,SE
CUST_003795,UNIQ_003795,71625,salvador,BA
CUST_003796,UNIQ_003796,98907,maceio,AL
CUST_003797,UNIQ_003797,48307,maceio,AL
CUST_003798,UNIQ_003798,91389,campo grande,MS
CUST_003799,UNIQ_003799,98251,florianopolis,SC
CUST_003800,UNIQ_003800,34687,belo horizonte,MG
CUST_003801,UNIQ_003801,21443,campo grande,MS
CUST_003802,UNIQ_003802,61207,belo horizonte,MG
CUST_003803,UNIQ_003803,47797,curitiba,PR
CUST_003804,UNIQ_003804,24334,belo horizonte,MG
CUST_003805,UNIQ_003805,46168,curitiba,PR
CUST_003806,UNIQ_003806,29392,salvador,BA
CUST_003807,UNIQ_003807,29726,joao pessoa,PB
CUST_003808,UNIQ_003808,78247,manaus,AM
CUST_003809,UNIQ_003809,48426,sao paulo,SP
CUST_003810,UNIQ_003810,99443,teresina,PI
CUST_003811,UNIQ_003811,27305,maceio,AL
CUST_003812,UNIQ_003812,55442,joao pessoa,PB
CUST_003813,UNIQ_003813,68177,teresina,PI
CUST_003814,UNIQ_003814,48209,sao paulo,SP
CUST_003815,UNIQ_003815,18250,manaus,AM
CUST_003816,UNIQ_003816,40451,sao paulo,SP
CUST_003817,UNIQ_003817,94498,aracaju,SE
CUST_003818,UNIQ_003818,63961,goiania,GO
CUST_003819,UNIQ_003819,54930,cuiaba,MT
CUST_003820,UNIQ_003820,73720,goiania,GO
CUST_003821,UNIQ_003821,97274,cuiaba,MT
CUST_003822,UNIQ_003822,81888,aracaju,SE
CUST_003823,UNIQ_003823,70031,campo grande,MS
CUST_003824,UNIQ_003824,84350,belem,PA
CUST_003825,UNIQ_003825,50172,fortaleza,CE
CUST_003826,UNIQ_003826,44079,curitiba,PR
CUST_003827,UNIQ_003827,73470,recife,PE
CUST_003828,UNIQ_003828,47767,florianopolis,SC
CUST_003829,UNIQ_003829,29443,rio de janeiro,RJ
CUST_003830,UNIQ_003830,47274,florianopolis,SC
CUST_003831,UNIQ_003831,31805,campo grande,MS
CUST_003832,UNIQ_003832,31075,porto velho,RO
CUST_003833,UNIQ_003833,47387,maceio,AL
CUST_003834,UNIQ_003834,32984,curitiba,PR
CUST_003835,UNIQ_003835,31135,fortaleza,CE
CUST_003836,UNIQ_003836,25324,recife,PE
CUST_003837,UNIQ_003837,51500,rio de janeiro,RJ
CUST_003838,UNIQ_003838,26577,cuiaba,MT
CUST_003839,UNIQ_003839,44132,campo grande,MS
CUST_003840,UNIQ_003840,34182,florianopolis,SC
CUST_003841,UNIQ_003841,83726,manaus,AM
CUST_003842,UNIQ_003842,97235,rio de janeiro,RJ
CUST_003843,UNIQ_003843,55068,goiania,GO
CUST_003844,UNIQ_003844,58878,fortaleza,CE
CUST_003845,UNIQ_003845,80761,campo grande,MS
CUST_003846,UNIQ_003846,79945,curitiba,PR
CUST_003847,UNIQ_003847,25923,belem,PA
CUST_003848,UNIQ_003848,63026,sao paulo,SP
CUST_003849,UNIQ_003849,29055,joao pessoa,PB
CUST_003850,UNIQ_003850,51971,campo grande,MS
CUST_003851,UNIQ_003851,10562,fortaleza,CE
CUST_003852,UNIQ_003852,76507,maceio,AL
CUST_003853,UNIQ_003853,94835,goiania,GO
CUST_003854,UNIQ_003854,72116,belem,PA
CUST_003855,UNIQ_003855,85199,belem,PA
CUST_003856,UNIQ_003856,84086,fortaleza,CE
CUST_003857,UNIQ_003857,54392,campo grande,MS
CUST_003858,UNIQ_003858,72781,salvador,BA
CUST_003859,UNIQ_003859,28274,rio de janeiro,RJ
CUST_003860,UNIQ_003860,25319,maceio,AL
CUST_003861,UNIQ_003861,13250,belem,PA
CUST_003862,UNIQ_003862,90939,natal,RN
CUST_003863,UNIQ_003863,68454,recife,PE
CUST_003864,UNIQ_003864,22121,florianopolis,SC
CUST_003865,UNIQ_003865,17213,goiania,GO
CUST_003866,UNIQ_003866,94058,porto velho,RO
CUST_003867,UNIQ_003867,86471,manaus,AM
CUST_003868,UNIQ_003868,39116,aracaju,SE
CUST_003869,UNIQ_003869,35652,porto alegre,RS
CUST_003870,UNIQ_003870,20956,sao paulo,SP
CUST_003871,UNIQ_003871,68387,maceio,AL
CUST_003872,UNIQ_003872,77081,belo horizonte,MG
CUST_003873,UNIQ_003873,35486,natal,RN
CUST_003874,UNIQ_003874,51649,joao pessoa,PB
CUST_003875,UNIQ_003875,89308,porto velho,RO
CUST_003876,UNIQ_003876,17346,aracaju,SE
CUST_003877,UNIQ_003877,62108,florianopolis,SC
CUST_003878,UNIQ_003878,66051,fortaleza,CE
CUST_003879,UNIQ_003879,60608,florianopolis,SC
CUST_003880,UNIQ_003880,11597,florianopolis,SC
CUST_003881,UNIQ_003881,55209,belem,PA
CUST_003882,UNIQ_003882,50381,florianopolis,SC
CUST_003883,UNIQ_003883,83535,campo grande,MS
CUST_003884,UNIQ_003884,38271,belo horizonte,MG
CUST_003885,UNIQ_003885,64474,campo grande,MS
CUST_003886,UNIQ_003886,47831,campo grande,MS
CUST_003887,UNIQ_003887,65552,curitiba,PR
CUST_003888,UNIQ_003888,28293,teresina,PI
CUST_003889,UNIQ_003889,88372,cuiaba,MT
CUST_003890,UNIQ_003890,28827,belo horizonte,MG
CUST_003891,UNIQ_003891,49745,manaus,AM
CUST_003892,UNIQ_003892,78852,joao pessoa,PB
CUST_003893,UNIQ_003893,18665,goiania,GO
CUST_003894,UNIQ_003894,59253,cuiaba,MT
CUST_003895,UNIQ_003895,10867,belo horizonte,MG
CUST_003896,UNIQ_003896,93729,teresina,PI
CUST_003897,UNIQ_003897,64331,porto alegre,RS
CUST_003898,UNIQ_003898,82851,curitiba,PR
CUST_003899,UNIQ_003899,84437,campo grande,MS
CUST_003900,UNIQ_003900,36117,fortaleza,CE
CUST_003901,UNIQ_003901,60039,curitiba,PR
CUST_003902,UNIQ_003902,82596,belem,PA
CUST_003903,UNIQ_003903,15535,joao pessoa,PB
CUST_003904,UNIQ_003904,86704,belem,PA
CUST_003905,UNIQ_003905,74762,belem,PA
CUST_003906,UNIQ_003906,70745,maceio,AL
CUST_003907,UNIQ_003907,13517,recife,PE
CUST_003908,UNIQ_003908,30188,sao paulo,SP
CUST_003909,UNIQ_003909,49343,porto alegre,RS
CUST_003910,UNIQ_003910,26276,joao pessoa,PB
CUST_003911,UNIQ_003911,64677,belem,PA
CUST_003912,UNIQ_003912,74472,curitiba,PR
CUST_003913,UNIQ_003913,13728,recife,PE
CUST_003914,UNIQ_003914,46335,salvador,BA
CUST_003915,UNIQ_003915,18745,joao pessoa,PB
CUST_003916,UNIQ_003916,57416,porto velho,RO
CUST_003917,UNIQ_003917,72978,cuiaba,MT
CUST_003918,UNIQ_003918,67156,cuiaba,MT
CUST_003919,UNIQ_003919,92312,porto alegre,RS
CUST_003920,UNIQ_003920,25674,joao pessoa,PB
CUST_003921,UNIQ_003921,77177,florianopolis,SC
CUST_003922,UNIQ_003922,12299,cuiaba,MT
CUST_003923,UNIQ_003923,31344,porto alegre,RS
CUST_003924,UNIQ_003924,17669,cuiaba,MT
CUST_003925,UNIQ_003925,51901,fortaleza,CE
CUST_003926,UNIQ_003926,27759,campo grande,MS
CUST_003927,UNIQ_003927,31405,florianopolis,SC
CUST_003928,UNIQ_003928,45739,rio de janeiro,RJ
CUST_003929,UNIQ_003929,64986,florianopolis,SC
CUST_003930,UNIQ_003930,16385,florianopolis,SC
CUST_003931,UNIQ_003931,48228,belem,PA
CUST_003932,UNIQ_003932,93747,aracaju,SE
CUST_003933,UNIQ_003933,77353,belo horizonte,MG
CUST_003934,UNIQ_003934,92317,manaus,AM
CUST_003935,UNIQ_003935,22387,curitiba,PR
CUST_003936,UNIQ_003936,31906,porto velho,RO
CUST_003937,UNIQ_003937,52284,maceio,AL
CUST_003938,UNIQ_003938,99780,goiania,GO
CUST_003939,UNIQ_003939,45580,belem,PA
CUST_003940,UNIQ_003940,22561,florianopolis,SC
CUST_003941,UNIQ_003941,86027,maceio,AL
CUST_003942,UNIQ_003942,28837,florianopolis,SC
CUST_003943,UNIQ_003943,27950,sao paulo,SP
CUST_003944,UNIQ_003944,46885,aracaju,SE
CUST_003945,UNIQ_003945,73556,florianopolis,SC
CUST_003946,UNIQ_003946,54605,teresina,PI
CUST_003947,UNIQ_003947,23424,curitiba,PR
CUST_003948,UNIQ_003948,30257,manaus,AM
CUST_003949,UNIQ_003949,38981,aracaju,SE
CUST_003950,UNIQ_003950,83224,manaus,AM
CUST_003951,UNIQ_003951,78898,porto velho,RO
CUST_003952,UNIQ_003952,82235,maceio,AL
CUST_003953,UNIQ_003953,64702,salvador,BA
CUST_003954,UNIQ_003954,20013,campo grande,MS
CUST_003955,UNIQ_003955,27200,salvador,BA
CUST_003956,UNIQ_003956,72851,sao paulo,SP
CUST_003957,UNIQ_003957,50838,florianopolis,SC
CUST_003958,UNIQ_003958,28220,florianopolis,SC
CUST_003959,UNIQ_003959,88335,campo grande,MS
CUST_003960,UNIQ_003960,54832,aracaju,SE
CUST_003961,UNIQ_003961,49935,curitiba,PR
CUST_003962,UNIQ_003962,25544,sao paulo,SP
CUST_003963,UNIQ_003963,26870,recife,PE
CUST_003964,UNIQ_003964,39697,fortaleza,CE
CUST_003965,UNIQ_003965,26429,belem,PA
CUST_003966,UNIQ_003966,27067,manaus,AM
CUST_003967,UNIQ_003967,65680,belo horizonte,MG
CUST_003968,UNIQ_003968,20188,salvador,BA
CUST_003969,UNIQ_003969,73472,sao paulo,SP
CUST_003970,UNIQ_003970,15572,teresina,PI
CUST_003971,UNIQ_003971,24131,manaus,AM
CUST_003972,UNIQ_003972,96479,rio de janeiro,RJ
CUST_003973,UNIQ_003973,87748,aracaju,SE
CUST_003974,UNIQ_003974,71483,rio de janeiro,RJ
CUST_003975,UNIQ_003975,43162,salvador,BA
CUST_003976,UNIQ_003976,18683,rio de janeiro,RJ
CUST_003977,UNIQ_003977,97501,belem,PA
CUST_003978,UNIQ_003978,22648,sao paulo,SP
CUST_003979,UNIQ_003979,88878,salvador,BA
CUST_003980,UNIQ_003980,87018,manaus,AM
CUST_003981,UNIQ_003981,34219,manaus,AM
CUST_003982,UNIQ_003982,13835,florianopolis,SC
CUST_003983,UNIQ_003983,29078,belo horizonte,MG
CUST_003984,UNIQ_003984,85989,porto alegre,RS
CUST_003985,UNIQ_003985,56163,florianopolis,SC
CUST_003986,UNIQ_003986,75619,curitiba,PR
CUST_003987,UNIQ_003987,41696,porto velho,RO
CUST_003988,UNIQ_003988,84741,aracaju,SE
CUST_003989,UNIQ_003989,22989,belo horizonte,MG
CUST_003990,UNIQ_003990,11832,cuiaba,MT
CUST_003991,UNIQ_003991,38442,aracaju,SE
CUST_003992,UNIQ_003992,46943,manaus,AM
CUST_003993,UNIQ_003993,80402,curitiba,PR
CUST_003994,UNIQ_003994,22934,sao paulo,SP
CUST_003995,UNIQ_003995,76085,manaus,AM
CUST_003996,UNIQ_003996,58033,joao pessoa,PB
CUST_003997,UNIQ_003997,34264,cuiaba,MT
CUST_003998,UNIQ_003998,98280,campo grande,MS
CUST_003999,UNIQ_003999,33704,salvador,BA
CUST_004000,UNIQ_004000,59756,florianopolis,SC
CUST_004001,UNIQ_004001,38085,teresina,PI
CUST_004002,UNIQ_004002,39825,aracaju,SE
CUST_004003,UNIQ_004003,24790,teresina,PI
CUST_004004,UNIQ_004004,26202,goiania,GO
CUST_004005,UNIQ_004005,24459,campo grande,MS
CUST_004006,UNIQ_004006,27814,aracaju,SE
CUST_004007,UNIQ_004007,57349,joao pessoa,PB
CUST_004008,UNIQ_004008,83024,belem,PA
CUST_004009,UNIQ_004009,20780,rio de janeiro,RJ
CUST_004010,UNIQ_004010,74711,goiania,GO
CUST_004011,UNIQ_004011,60434,salvador,BA
CUST_004012,UNIQ_004012,69892,belem,PA
CUST_004013,UNIQ_004013,50895,porto velho,RO
CUST_004014,UNIQ_004014,39605,campo grande,MS
CUST_004015,UNIQ_004015,63383,maceio,AL
CUST_004016,UNIQ_004016,66093,belem,PA
CUST_004017,UNIQ_004017,19123,manaus,AM
CUST_004018,UNIQ_004018,99015,joao pessoa,PB
CUST_004019,UNIQ_004019,33500,florianopolis,SC
CUST_004020,UNIQ_004020,98363,sao paulo,SP
CUST_004021,UNIQ_004021,98092,joao pessoa,PB
CUST_004022,UNIQ_004022,61952,salvador,BA
CUST_004023,UNIQ_004023,78506,campo grande,MS
CUST_004024,UNIQ_004024,25626,belo horizonte,MG
CUST_004025,UNIQ_004025,61748,fortaleza,CE
CUST_004026,UNIQ_004026,87405,natal,RN
CUST_004027,UNIQ_004027,32114,salvador,BA
CUST_004028,UNIQ_004028,57672,belo horizonte,MG
CUST_004029,UNIQ_004029,54385,manaus,AM
CUST_004030,UNIQ_004030,87982,manaus,AM
CUST_004031,UNIQ_004031,26090,natal,RN
CUST_004032,UNIQ_004032,65666,recife,PE
CUST_004033,UNIQ_004033,46505,joao pessoa,PB
CUST_004034,UNIQ_004034,87810,cuiaba,MT
CUST_004035,UNIQ_004035,94388,porto alegre,RS
CUST_004036,UNIQ_004036,56674,natal,RN
CUST_004037,UNIQ_004037,97382,joao pessoa,PB
CUST_004038,UNIQ_004038,63011,porto velho,RO
CUST_004039,UNIQ_004039,77032,joao pessoa,PB
CUST_004040,UNIQ_004040,29316,porto alegre,RS
CUST_004041,UNIQ_004041,24160,campo grande,MS
CUST_004042,UNIQ_004042,42858,salvador,BA
CUST_004043,UNIQ_004043,75178,joao pessoa,PB
CUST_004044,UNIQ_004044,92361,recife,PE
CUST_004045,UNIQ_004045,13895,fortaleza,CE
CUST_004046,UNIQ_004046,16927,salvador,BA
CUST_004047,UNIQ_004047,75291,belo horizonte,MG
CUST_004048,UNIQ_004048,33474,sao paulo,SP
CUST_004049,UNIQ_004049,89244,natal,RN
CUST_004050,UNIQ_004050,30019,goiania,GO
CUST_004051,UNIQ_004051,91522,belem,PA
CUST_004052,UNIQ_004052,22626,porto velho,RO
CUST_004053,UNIQ_004053,96649,belo horizonte,MG
CUST_004054,UNIQ_004054,74512,aracaju,SE
CUST_004055,UNIQ_004055,36467,campo grande,MS
CUST_004056,UNIQ_004056,96781,belem,PA
CUST_004057,UNIQ_004057,74258,joao pessoa,PB
CUST_004058,UNIQ_004058,44296,aracaju,SE
CUST_004059,UNIQ_004059,55038,maceio,AL
CUST_004060,UNIQ_004060,81646,maceio,AL
CUST_004061,UNIQ_004061,14141,sao paulo,SP
CUST_004062,UNIQ_004062,25615,teresina,PI
CUST_004063,UNIQ_004063,68997,natal,RN
CUST_004064,UNIQ_004064,59327,goiania,GO
CUST_004065,UNIQ_004065,70248,campo grande,MS
CUST_004066,UNIQ_004066,14306,rio de janeiro,RJ
CUST_004067,UNIQ_004067,82963,curitiba,PR
CUST_004068,UNIQ_004068,31514,belem,PA
CUST_004069,UNIQ_004069,66450,joao pessoa,PB
CUST_004070,UNIQ_004070,50954,fortaleza,CE
CUST_004071,UNIQ_004071,73891,natal,RN
CUST_004072,UNIQ_004072,84560,salvador,BA
CUST_004073,UNIQ_004073,96517,joao pessoa,PB
CUST_004074,UNIQ_004074,99833,maceio,AL
CUST_004075,UNIQ_004075,85000,maceio,AL
CUST_004076,UNIQ_004076,72378,joao pessoa,PB
CUST_004077,UNIQ_004077,30487,maceio,AL
CUST_004078,UNIQ_004078,17305,aracaju,SE
CUST_004079,UNIQ_004079,44523,natal,RN
CUST_004080,UNIQ_004080,87469,joao pessoa,PB
CUST_004081,UNIQ_004081,90863,natal,RN
CUST_004082,UNIQ_004082,47281,florianopolis,SC
CUST_004083,UNIQ_004083,18050,goiania,GO
CUST_004084,UNIQ_004084,87393,sao paulo,SP
CUST_004085,UNIQ_004085,26803,rio de janeiro,RJ
CUST_004086,UNIQ_004086,55727,florianopolis,SC
CUST_004087,UNIQ_004087,13525,cuiaba,MT
CUST_004088,UNIQ_004088,59882,goiania,GO
CUST_004089,UNIQ_004089,66118,salvador,BA
CUST_004090,UNIQ_004090,56840,florianopolis,SC
CUST_004091,UNIQ_004091,56041,teresina,PI
CUST_004092,UNIQ_004092,96670,rio de janeiro,RJ
CUST_004093,UNIQ_004093,42455,recife,PE
CUST_004094,UNIQ_004094,94945,recife,PE
CUST_004095,UNIQ_004095,87664,belem,PA
CUST_004096,UNIQ_004096,18585,belo horizonte,MG
CUST_004097,UNIQ_004097,25003,belem,PA
CUST_004098,UNIQ_004098,32253,goiania,GO
CUST_004099,UNIQ_004099,80571,sao paulo,SP
CUST_004100,UNIQ_004100,14899,goiania,GO
CUST_004101,UNIQ_004101,96214,campo grande,MS
CUST_004102,UNIQ_004102,84455,teresina,PI
CUST_004103,UNIQ_004103,65203,aracaju,SE
CUST_004104,UNIQ_004104,12674,porto alegre,RS
CUST_004105,UNIQ_004105,87068,joao pessoa,PB
CUST_004106,UNIQ_004106,51486,sao paulo,SP
CUST_004107,UNIQ_004107,84757,natal,RN
CUST_004108,UNIQ_004108,52260,natal,RN
CUST_004109,UNIQ_004109,22809,cuiaba,MT
CUST_004110,UNIQ_004110,23114,joao pessoa,PB
CUST_004111,UNIQ_004111,54035,manaus,AM
CUST_004112,UNIQ_004112,75898,joao pessoa,PB
CUST_004113,UNIQ_004113,31840,goiania,GO
CUST_004114,UNIQ_004114,49258,porto velho,RO
CUST_004115,UNIQ_004115,67146,florianopolis,SC
CUST_004116,UNIQ_004116,75136,manaus,AM
CUST_004117,UNIQ_004117,80232,belo horizonte,MG
CUST_004118,UNIQ_004118,47664,manaus,AM
CUST_004119,UNIQ_004119,16230,porto alegre,RS
CUST_004120,UNIQ_004120,85172,belem,PA
CUST_004121,UNIQ_004121,39607,natal,RN
CUST_004122,UNIQ_004122,22053,porto velho,RO
CUST_004123,UNIQ_004123,22416,cuiaba,MT
CUST_004124,UNIQ_004124,54150,cuiaba,MT
CUST_004125,UNIQ_004125,18817,porto alegre,RS
CUST_004126,UNIQ_004126,79607,cuiaba,MT
CUST_004127,UNIQ_004127,65981,joao pessoa,PB
CUST_004128,UNIQ_004128,55523,manaus,AM
CUST_004129,UNIQ_004129,95398,belo horizonte,MG
CUST_004130,UNIQ_004130,76144,belem,PA
CUST_004131,UNIQ_004131,66742,belem,PA
CUST_004132,UNIQ_004132,51071,maceio,AL
CUST_004133,UNIQ_004133,64304,manaus,AM
CUST_004134,UNIQ_004134,42933,natal,RN
CUST_004135,UNIQ_004135,77550,porto velho,RO
CUST_004136,UNIQ_004136,98022,campo grande,MS
CUST_004137,UNIQ_004137,33671,maceio,AL
CUST_004138,UNIQ_004138,92292,sao paulo,SP
CUST_004139,UNIQ_004139,34450,aracaju,SE
CUST_004140,UNIQ_004140,75431,cuiaba,MT
CUST_004141,UNIQ_004141,96613,manaus,AM
CUST_004142,UNIQ_004142,45118,campo grande,MS
CUST_004143,UNIQ_004143,90533,maceio,AL
CUST_004144,UNIQ_004144,84202,teresina,PI
CUST_004145,UNIQ_004145,78454,rio de janeiro,RJ
CUST_004146,UNIQ_004146,57746,manaus,AM
CUST_004147,UNIQ_004147,29365,campo grande,MS
CUST_004148,UNIQ_004148,29722,recife,PE
CUST_004149,UNIQ_004149,67067,belem,PA
CUST_004150,UNIQ_004150,51766,teresina,PI
CUST_004151,UNIQ_004151,93090,belo horizonte,MG
CUST_004152,UNIQ_004152,64059,manaus,AM
CUST_004153,UNIQ_004153,47623,porto alegre,RS
CUST_004154,UNIQ_004154,43612,curitiba,PR
CUST_004155,UNIQ_004155,40950,porto velho,RO
CUST_004156,UNIQ_004156,41258,natal,RN
CUST_004157,UNIQ_004157,29655,salvador,BA
CUST_004158,UNIQ_004158,13631,manaus,AM
CUST_004159,UNIQ_004159,50703,recife,PE
CUST_004160,UNIQ_004160,73620,campo grande,MS
CUST_004161,UNIQ_004161,67164,maceio,AL
CUST_004162,UNIQ_004162,94793,teresina,PI
CUST_004163,UNIQ_004163,36475,rio de janeiro,RJ
CUST_004164,UNIQ_004164,45744,curitiba,PR
CUST_004165,UNIQ_004165,13819,fortaleza,CE
CUST_004166,UNIQ_004166,46408,porto alegre,RS
CUST_004167,UNIQ_004167,33066,maceio,AL
CUST_004168,UNIQ_004168,73680,rio de janeiro,RJ
CUST_004169,UNIQ_004169,17251,sao paulo,SP
CUST_004170,UNIQ_004170,51144,belo horizonte,MG
CUST_004171,UNIQ_004171,49056,porto velho,RO
CUST_004172,UNIQ_004172,63347,belo horizonte,MG
CUST_004173,UNIQ_004173,98037,florianopolis,SC
CUST_004174,UNIQ_004174,62021,belo horizonte,MG
CUST_004175,UNIQ_004175,40938,fortaleza,CE
CUST_004176,UNIQ_004176,84838,salvador,BA
CUST_004177,UNIQ_004177,25812,aracaju,SE
CUST_004178,UNIQ_004178,97060,aracaju,SE
CUST_004179,UNIQ_004179,78846,cuiaba,MT
CUST_004180,UNIQ_004180,75070,porto alegre,RS
CUST_004181,UNIQ_004181,41205,belo horizonte,MG
CUST_004182,UNIQ_004182,26027,porto velho,RO
CUST_004183,UNIQ_004183,53160,goiania,GO
CUST_004184,UNIQ_004184,61111,cuiaba,MT
CUST_004185,UNIQ_004185,65426,recife,PE
CUST_004186,UNIQ_004186,28910,manaus,AM
CUST_004187,UNIQ_004187,32957,salvador,BA
CUST_004188,UNIQ_004188,45985,manaus,AM
CUST_004189,UNIQ_004189,63526,campo grande,MS
CUST_004190,UNIQ_004190,87264,porto alegre,RS
CUST_004191,UNIQ_004191,74272,rio de janeiro,RJ
CUST_004192,UNIQ_004192,59113,maceio,AL
CUST_004193,UNIQ_004193,51482,salvador,BA
CUST_004194,UNIQ_004194,65545,maceio,AL
CUST_004195,UNIQ_004195,99487,joao pessoa,PB
CUST_004196,UNIQ_004196,46403,recife,PE
CUST_004197,UNIQ_004197,57578,fortaleza,CE
CUST_004198,UNIQ_004198,58200,joao pessoa,PB
CUST_004199,UNIQ_004199,12762,belem,PA
CUST_004200,UNIQ_004200,14562,porto velho,RO
CUST_004201,UNIQ_004201,98027,rio de janeiro,RJ
CUST_004202,UNIQ_004202,43158,recife,PE
CUST_004203,UNIQ_004203,60422,maceio,AL
CUST_004204,UNIQ_004204,93748,belem,PA
CUST_004205,UNIQ_004205,99816,florianopolis,SC
CUST_004206,UNIQ_004206,80111,salvador,BA
CUST_004207,UNIQ_004207,67986,recife,PE
CUST_004208,UNIQ_004208,11031,natal,RN
CUST_004209,UNIQ_004209,43493,natal,RN
CUST_004210,UNIQ_004210,21829,belem,PA
CUST_004211,UNIQ_004211,48983,recife,PE
CUST_004212,UNIQ_004212,31001,manaus,AM
CUST_004213,UNIQ_004213,92752,campo grande,MS
CUST_004214,UNIQ_004214,94466,goiania,GO
CUST_004215,UNIQ_004215,14440,teresina,PI
CUST_004216,UNIQ_004216,20498,porto alegre,RS
CUST_004217,UNIQ_004217,71746,joao pessoa,PB
CUST_004218,UNIQ_004218,53610,teresina,PI
CUST_004219,UNIQ_004219,23159,teresina,PI
CUST_004220,UNIQ_004220,44205,curitiba,PR
CUST_004221,UNIQ_004221,18698,aracaju,SE
CUST_004222,UNIQ_004222,65164,florianopolis,SC
CUST_004223,UNIQ_004223,81791,porto velho,RO
CUST_004224,UNIQ_004224,69409,goiania,GO
CUST_004225,UNIQ_004225,16828,sao paulo,SP
CUST_004226,UNIQ_004226,92595,curitiba,PR
CUST_004227,UNIQ_004227,94030,campo grande,MS
CUST_004228,UNIQ_004228,10403,fortaleza,CE
CUST_004229,UNIQ_004229,36224,natal,RN
CUST_004230,UNIQ_004230,51120,belem,PA
CUST_004231,UNIQ_004231,20778,cuiaba,MT
CUST_004232,UNIQ_004232,30686,salvador,BA
CUST_004233,UNIQ_004233,77681,recife,PE
CUST_004234,UNIQ_004234,87858,fortaleza,CE
CUST_004235,UNIQ_004235,51864,teresina,PI
CUST_004236,UNIQ_004236,72700,campo grande,MS
CUST_004237,UNIQ_004237,44167,fortaleza,CE
CUST_004238,UNIQ_004238,87728,curitiba,PR
CUST_004239,UNIQ_004239,46935,goiania,GO
CUST_004240,UNIQ_004240,21062,manaus,AM
CUST_004241,UNIQ_004241,58182,teresina,PI
CUST_004242,UNIQ_004242,61576,curitiba,PR
CUST_004243,UNIQ_004243,84762,natal,RN
CUST_004244,UNIQ_004244,12717,recife,PE
CUST_004245,UNIQ_004245,83207,sao paulo,SP
CUST_004246,UNIQ_004246,92133,porto velho,RO
CUST_004247,UNIQ_004247,21662,recife,PE
CUST_004248,UNIQ_004248,35987,campo grande,MS
CUST_004249,UNIQ_004249,32119,porto alegre,RS
CUST_004250,UNIQ_004250,62564,rio de janeiro,RJ
CUST_004251,UNIQ_004251,66217,porto velho,RO
CUST_004252,UNIQ_004252,44099,porto velho,RO
CUST_004253,UNIQ_004253,21673,fortaleza,CE
CUST_004254,UNIQ_004254,32298,florianopolis,SC
CUST_004255,UNIQ_004255,25381,cuiaba,MT
CUST_004256,UNIQ_004256,78922,sao paulo,SP
CUST_004257,UNIQ_004257,69468,teresina,PI
CUST_004258,UNIQ_004258,25533,joao pessoa,PB
CUST_004259,UNIQ_004259,36626,recife,PE
CUST_004260,UNIQ_004260,44891,manaus,AM
CUST_004261,UNIQ_004261,74771,belem,PA
CUST_004262,UNIQ_004262,27065,natal,RN
CUST_004263,UNIQ_004263,37080,teresina,PI
CUST_004264,UNIQ_004264,38254,porto velho,RO
CUST_004265,UNIQ_004265,98760,belem,PA
CUST_004266,UNIQ_004266,64831,manaus,AM
CUST_004267,UNIQ_004267,63546,curitiba,PR
CUST_004268,UNIQ_004268,13771,fortaleza,CE
CUST_004269,UNIQ_004269,44314,belem,PA
CUST_004270,UNIQ_004270,90960,recife,PE
CUST_004271,UNIQ_004271,42547,campo grande,MS
CUST_004272,UNIQ_004272,86402,florianopolis,SC
CUST_004273,UNIQ_004273,21237,campo grande,MS
CUST_004274,UNIQ_004274,71457,sao paulo,SP
CUST_004275,UNIQ_004275,52368,fortaleza,CE
CUST_004276,UNIQ_004276,37815,natal,RN
CUST_004277,UNIQ_004277,65481,natal,RN
CUST_004278,UNIQ_004278,43584,porto velho,RO
CUST_004279,UNIQ_004279,22488,belo horizonte,MG
CUST_004280,UNIQ_004280,17700,maceio,AL
CUST_004281,UNIQ_004281,53628,rio de janeiro,RJ
CUST_004282,UNIQ_004282,71726,recife,PE
CUST_004283,UNIQ_004283,89478,florianopolis,SC
CUST_004284,UNIQ_004284,15965,porto velho,RO
CUST_004285,UNIQ_004285,43247,sao paulo,SP
CUST_004286,UNIQ_004286,91219,aracaju,SE
CUST_004287,UNIQ_004287,49650,natal,RN
CUST_004288,UNIQ_004288,97983,natal,RN
CUST_004289,UNIQ_004289,27332,florianopolis,SC
CUST_004290,UNIQ_004290,15390,maceio,AL
CUST_004291,UNIQ_004291,33510,cuiaba,MT
CUST_004292,UNIQ_004292,32264,porto alegre,RS
CUST_004293,UNIQ_004293,74597,aracaju,SE
CUST_004294,UNIQ_004294,71352,goiania,GO
CUST_004295,UNIQ_004295,21750,fortaleza,CE
CUST_004296,UNIQ_004296,79523,goiania,GO
CUST_004297,UNIQ_004297,28585,teresina,PI
CUST_004298,UNIQ_004298,25314,porto alegre,RS
CUST_004299,UNIQ_004299,15788,goiania,GO
CUST_004300,UNIQ_004300,75432,fortaleza,CE
CUST_004301,UNIQ_004301,57263,porto alegre,RS
CUST_004302,UNIQ_004302,47083,teresina,PI
CUST_004303,UNIQ_004303,90338,porto alegre,RS
CUST_004304,UNIQ_004304,77760,porto alegre,RS
CUST_004305,UNIQ_004305,67117,goiania,GO
CUST_004306,UNIQ_004306,51358,curitiba,PR
CUST_004307,UNIQ_004307,29826,joao pessoa,PB
CUST_004308,UNIQ_004308,96169,maceio,AL
CUST_004309,UNIQ_004309,16975,campo grande,MS
CUST_004310,UNIQ_004310,29480,manaus,AM
CUST_004311,UNIQ_004311,40128,rio de janeiro,RJ
CUST_004312,UNIQ_004312,14700,curitiba,PR
CUST_004313,UNIQ_004313,44108,joao pessoa,PB
CUST_004314,UNIQ_004314,71228,curitiba,PR
CUST_004315,UNIQ_004315,25207,teresina,PI
CUST_004316,UNIQ_004316,15346,joao pessoa,PB
CUST_004317,UNIQ_004317,56729,campo grande,MS
CUST_004318,UNIQ_004318,73596,maceio,AL
CUST_004319,UNIQ_004319,74616,campo grande,MS
CUST_004320,UNIQ_004320,29405,salvador,BA
CUST_004321,UNIQ_004321,55823,salvador,BA
CUST_004322,UNIQ_004322,36703,belo horizonte,MG
CUST_004323,UNIQ_004323,33678,belem,PA
CUST_004324,UNIQ_004324,76681,curitiba,PR
CUST_004325,UNIQ_004325,83825,porto alegre,RS
CUST_004326,UNIQ_004326,37839,cuiaba,MT
CUST_004327,UNIQ_004327,10540,cuiaba,MT
CUST_004328,UNIQ_004328,84814,aracaju,SE
CUST_004329,UNIQ_004329,64580,curitiba,PR
CUST_004330,UNIQ_004330,42264,belo horizonte,MG
CUST_004331,UNIQ_004331,98723,joao pessoa,PB
CUST_004332,UNIQ_004332,53077,salvador,BA
CUST_004333,UNIQ_004333,47261,sao paulo,SP
CUST_004334,UNIQ_004334,61664,salvador,BA
CUST_004335,UNIQ_004335,87376,florianopolis,SC
CUST_004336,UNIQ_004336,52406,salvador,BA
CUST_004337,UNIQ_004337,13784,fortaleza,CE
CUST_004338,UNIQ_004338,70323,belo horizonte,MG
CUST_004339,UNIQ_004339,69513,joao pessoa,PB
CUST_004340,UNIQ_004340,87883,porto alegre,RS
CUST_004341,UNIQ_004341,53178,sao paulo,SP
CUST_004342,UNIQ_004342,96005,rio de janeiro,RJ
CUST_004343,UNIQ_004343,69388,porto velho,RO
CUST_004344,UNIQ_004344,84600,goiania,GO
CUST_004345,UNIQ_004345,37704,fortaleza,CE
CUST_004346,UNIQ_004346,94363,rio de janeiro,RJ
CUST_004347,UNIQ_004347,52358,belem,PA
CUST_004348,UNIQ_004348,19269,rio de janeiro,RJ
CUST_004349,UNIQ_004349,88943,maceio,AL
CUST_004350,UNIQ_004350,22130,natal,RN
CUST_004351,UNIQ_004351,43444,natal,RN
CUST_004352,UNIQ_004352,41467,curitiba,PR
CUST_004353,UNIQ_004353,21690,natal,RN
CUST_004354,UNIQ_004354,37292,sao paulo,SP
CUST_004355,UNIQ_004355,60921,curitiba,PR
CUST_004356,UNIQ_004356,47347,natal,RN
CUST_004357,UNIQ_004357,25807,fortaleza,CE
CUST_004358,UNIQ_004358,74336,belem,PA
CUST_004359,UNIQ_004359,50645,teresina,PI
CUST_004360,UNIQ_004360,27208,porto velho,RO
CUST_004361,UNIQ_004361,97231,florianopolis,SC
CUST_004362,UNIQ_004362,58163,salvador,BA
CUST_004363,UNIQ_004363,36197,aracaju,SE
CUST_004364,UNIQ_004364,68385,joao pessoa,PB
CUST_004365,UNIQ_004365,72447,natal,RN
CUST_004366,UNIQ_004366,83801,porto alegre,RS
CUST_004367,UNIQ_004367,65452,porto velho,RO
CUST_004368,UNIQ_004368,65382,belo horizonte,MG
CUST_004369,UNIQ_004369,90460,florianopolis,SC
CUST_004370,UNIQ_004370,66899,curitiba,PR
CUST_004371,UNIQ_004371,22182,teresina,PI
CUST_004372,UNIQ_004372,77284,rio de janeiro,RJ
CUST_004373,UNIQ_004373,70755,goiania,GO
CUST_004374,UNIQ_004374,94883,recife,PE
CUST_004375,UNIQ_004375,74922,fortaleza,CE
CUST_004376,UNIQ_004376,92517,aracaju,SE
CUST_004377,UNIQ_004377,21006,aracaju,SE
CUST_004378,UNIQ_004378,71370,belem,PA
CUST_004379,UNIQ_004379,20378,teresina,PI
CUST_004380,UNIQ_004380,49373,joao pessoa,PB
CUST_004381,UNIQ_004381,26749,fortaleza,CE
CUST_004382,UNIQ_004382,42591,belem,PA
CUST_004383,UNIQ_004383,66063,aracaju,SE
CUST_004384,UNIQ_004384,84519,belem,PA
CUST_004385,UNIQ_004385,82219,rio de janeiro,RJ
CUST_004386,UNIQ_004386,15910,belo horizonte,MG
CUST_004387,UNIQ_004387,24107,aracaju,SE
CUST_004388,UNIQ_004388,65694,aracaju,SE
CUST_004389,UNIQ_004389,22384,teresina,PI
CUST_004390,UNIQ_004390,96619,campo grande,MS
CUST_004391,UNIQ_004391,43211,cuiaba,MT
CUST_004392,UNIQ_004392,43405,florianopolis,SC
CUST_004393,UNIQ_004393,20717,cuiaba,MT
CUST_004394,UNIQ_004394,12132,aracaju,SE
CUST_004395,UNIQ_004395,96714,salvador,BA
CUST_004396,UNIQ_004396,33534,campo grande,MS
CUST_004397,UNIQ_004397,61505,curitiba,PR
CUST_004398,UNIQ_004398,20917,rio de janeiro,RJ
CUST_004399,UNIQ_004399,49013,teresina,PI
CUST_004400,UNIQ_004400,86966,goiania,GO
CUST_004401,UNIQ_004401,97852,campo grande,MS
CUST_004402,UNIQ_004402,91764,campo grande,MS
CUST_004403,UNIQ_004403,54739,porto alegre,RS
CUST_004404,UNIQ_004404,37665,curitiba,PR
CUST_004405,UNIQ_004405,20252,curitiba,PR
CUST_004406,UNIQ_004406,43989,porto velho,RO
CUST_004407,UNIQ_004407,66858,salvador,BA
CUST_004408,UNIQ_004408,12348,maceio,AL
CUST_004409,UNIQ_004409,61764,sao paulo,SP
CUST_004410,UNIQ_004410,11743,salvador,BA
CUST_004411,UNIQ_004411,95957,curitiba,PR
CUST_004412,UNIQ_004412,70314,joao pessoa,PB
CUST_004413,UNIQ_004413,96208,natal,RN
CUST_004414,UNIQ_004414,73795,porto velho,RO
CUST_004415,UNIQ_004415,91067,belem,PA
CUST_004416,UNIQ_004416,57281,porto velho,RO
CUST_004417,UNIQ_004417,49669,natal,RN
CUST_004418,UNIQ_004418,26395,belo horizonte,MG
CUST_004419,UNIQ_004419,11818,fortaleza,CE
CUST_004420,UNIQ_004420,24668,manaus,AM
CUST_004421,UNIQ_004421,34670,sao paulo,SP
CUST_004422,UNIQ_004422,37424,sao paulo,SP
CUST_004423,UNIQ_004423,95016,joao pessoa,PB
CUST_004424,UNIQ_004424,95162,fortaleza,CE
CUST_004425,UNIQ_004425,67119,recife,PE
CUST_004426,UNIQ_004426,35023,maceio,AL
CUST_004427,UNIQ_004427,49441,belo horizonte,MG
CUST_004428,UNIQ_004428,29420,campo grande,MS
CUST_004429,UNIQ_004429,65296,joao pessoa,PB
CUST_004430,UNIQ_004430,25264,sao paulo,SP
CUST_004431,UNIQ_004431,29978,curitiba,PR
CUST_004432,UNIQ_004432,73576,campo grande,MS
CUST_004433,UNIQ_004433,12572,joao pessoa,PB
CUST_004434,UNIQ_004434,86706,campo grande,MS
CUST_004435,UNIQ_004435,36389,recife,PE
CUST_004436,UNIQ_004436,84636,belem,PA
CUST_004437,UNIQ_004437,16674,natal,RN
CUST_004438,UNIQ_004438,11032,goiania,GO
CUST_004439,UNIQ_004439,92629,salvador,BA
CUST_004440,UNIQ_004440,64484,teresina,PI
CUST_004441,UNIQ_004441,85846,joao pessoa,PB
CUST_004442,UNIQ_004442,82653,porto velho,RO
CUST_004443,UNIQ_004443,14851,belem,PA
CUST_004444,UNIQ_004444,62386,joao pessoa,PB
CUST_004445,UNIQ_004445,77286,joao pessoa,PB
CUST_004446,UNIQ_004446,90149,cuiaba,MT
CUST_004447,UNIQ_004447,40396,joao pessoa,PB
CUST_004448,UNIQ_004448,79246,rio de janeiro,RJ
CUST_004449,UNIQ_004449,65312,sao paulo,SP
CUST_004450,UNIQ_004450,51399,cuiaba,MT
CUST_004451,UNIQ_004451,18324,maceio,AL
CUST_004452,UNIQ_004452,94974,porto alegre,RS
CUST_004453,UNIQ_004453,72041,teresina,PI
CUST_004454,UNIQ_004454,74852,salvador,BA
CUST_004455,UNIQ_004455,94696,porto velho,RO
CUST_004456,UNIQ_004456,68762,florianopolis,SC
CUST_004457,UNIQ_004457,12727,teresina,PI
CUST_004458,UNIQ_004458,47750,curitiba,PR
CUST_004459,UNIQ_004459,71504,manaus,AM
CUST_004460,UNIQ_004460,67424,florianopolis,SC
CUST_004461,UNIQ_004461,76536,recife,PE
CUST_004462,UNIQ_004462,87025,recife,PE
CUST_004463,UNIQ_004463,88918,goiania,GO
CUST_004464,UNIQ_004464,27191,campo grande,MS
CUST_004465,UNIQ_004465,61166,belem,PA
CUST_004466,UNIQ_004466,98225,teresina,PI
CUST_004467,UNIQ_004467,71908,florianopolis,SC
CUST_004468,UNIQ_004468,91506,curitiba,PR
CUST_004469,UNIQ_004469,47022,manaus,AM
CUST_004470,UNIQ_004470,97432,belo horizonte,MG
CUST_004471,UNIQ_004471,26920,joao pessoa,PB
CUST_004472,UNIQ_004472,36146,curitiba,PR
CUST_004473,UNIQ_004473,89396,curitiba,PR
CUST_004474,UNIQ_004474,23225,joao pessoa,PB
CUST_004475,UNIQ_004475,74713,teresina,PI
CUST_004476,UNIQ_004476,40765,belem,PA
CUST_004477,UNIQ_004477,82984,manaus,AM
CUST_004478,UNIQ_004478,12376,rio de janeiro,RJ
CUST_004479,UNIQ_004479,44184,florianopolis,SC
CUST_004480,UNIQ_004480,98726,florianopolis,SC
CUST_004481,UNIQ_004481,32900,curitiba,PR
CUST_004482,UNIQ_004482,14190,aracaju,SE
CUST_004483,UNIQ_004483,54267,belo horizonte,MG
CUST_004484,UNIQ_004484,24938,teresina,PI
CUST_004485,UNIQ_004485,39712,porto velho,RO
CUST_004486,UNIQ_004486,83660,salvador,BA
CUST_004487,UNIQ_004487,73748,recife,PE
CUST_004488,UNIQ_004488,54606,porto alegre,RS
CUST_004489,UNIQ_004489,16117,florianopolis,SC
CUST_004490,UNIQ_004490,45060,maceio,AL
CUST_004491,UNIQ_004491,77552,fortaleza,CE
CUST_004492,UNIQ_004492,97750,porto velho,RO
CUST_004493,UNIQ_004493,16608,salvador,BA
CUST_004494,UNIQ_004494,69917,campo grande,MS
CUST_004495,UNIQ_004495,23879,salvador,BA
CUST_004496,UNIQ_004496,89908,porto velho,RO
CUST_004497,UNIQ_004497,83724,salvador,BA
CUST_004498,UNIQ_004498,76493,rio de janeiro,RJ
CUST_004499,UNIQ_004499,31895,salvador,BA
CUST_004500,UNIQ_004500,36920,salvador,BA
CUST_004501,UNIQ_004501,30582,florianopolis,SC
CUST_004502,UNIQ_004502,67870,belem,PA
CUST_004503,UNIQ_004503,75325,aracaju,SE
CUST_004504,UNIQ_004504,30223,salvador,BA
CUST_004505,UNIQ_004505,53857,florianopolis,SC
CUST_004506,UNIQ_004506,26119,fortaleza,CE
CUST_004507,UNIQ_004507,67554,manaus,AM
CUST_004508,UNIQ_004508,10863,teresina,PI
CUST_004509,UNIQ_004509,72084,recife,PE
CUST_004510,UNIQ_004510,47585,goiania,GO
CUST_004511,UNIQ_004511,32447,aracaju,SE
CUST_004512,UNIQ_004512,44867,belo horizonte,MG
CUST_004513,UNIQ_004513,64396,florianopolis,SC
CUST_004514,UNIQ_004514,92502,florianopolis,SC
CUST_004515,UNIQ_004515,29871,recife,PE
CUST_004516,UNIQ_004516,65275,aracaju,SE
CUST_004517,UNIQ_004517,28087,recife,PE
CUST_004518,UNIQ_004518,64186,teresina,PI
CUST_004519,UNIQ_004519,70129,teresina,PI
CUST_004520,UNIQ_004520,99417,aracaju,SE
CUST_004521,UNIQ_004521,13901,florianopolis,SC
CUST_004522,UNIQ_004522,29082,campo grande,MS
CUST_004523,UNIQ_004523,77809,sao paulo,SP
CUST_004524,UNIQ_004524,21112,belo horizonte,MG
CUST_004525,UNIQ_004525,51262,goiania,GO
CUST_004526,UNIQ_004526,31538,natal,RN
CUST_004527,UNIQ_004527,18056,teresina,PI
CUST_004528,UNIQ_004528,14861,natal,RN
CUST_004529,UNIQ_004529,85308,fortaleza,CE
CUST_004530,UNIQ_004530,92786,rio de janeiro,RJ
CUST_004531,UNIQ_004531,48761,aracaju,SE
CUST_004532,UNIQ_004532,62691,teresina,PI
CUST_004533,UNIQ_004533,49888,maceio,AL
CUST_004534,UNIQ_004534,55109,goiania,GO
CUST_004535,UNIQ_004535,46671,sao paulo,SP
CUST_004536,UNIQ_004536,90006,aracaju,SE
CUST_004537,UNIQ_004537,62944,fortaleza,CE
CUST_004538,UNIQ_004538,94394,campo grande,MS
CUST_004539,UNIQ_004539,81358,manaus,AM
CUST_004540,UNIQ_004540,91027,porto velho,RO
CUST_004541,UNIQ_004541,55252,campo grande,MS
CUST_004542,UNIQ_004542,35859,natal,RN
CUST_004543,UNIQ_004543,21046,belem,PA
CUST_004544,UNIQ_004544,80442,rio de janeiro,RJ
CUST_004545,UNIQ_004545,61117,goiania,GO
CUST_004546,UNIQ_004546,78219,fortaleza,CE
CUST_004547,UNIQ_004547,47214,maceio,AL
CUST_004548,UNIQ_004548,22166,manaus,AM
CUST_004549,UNIQ_004549,82323,aracaju,SE
CUST_004550,UNIQ_004550,78332,belem,PA
CUST_004551,UNIQ_004551,93320,goiania,GO
CUST_004552,UNIQ_004552,13069,curitiba,PR
CUST_004553,UNIQ_004553,80770,sao paulo,SP
CUST_004554,UNIQ_004554,43907,cuiaba,MT
CUST_004555,UNIQ_004555,49838,recife,PE
CUST_004556,UNIQ_004556,76227,teresina,PI
CUST_004557,UNIQ_004557,17857,salvador,BA
CUST_004558,UNIQ_004558,44046,florianopolis,SC
CUST_004559,UNIQ_004559,56461,aracaju,SE
CUST_004560,UNIQ_004560,16256,salvador,BA
CUST_004561,UNIQ_004561,68816,salvador,BA
CUST_004562,UNIQ_004562,85030,belem,PA
CUST_004563,UNIQ_004563,69394,sao paulo,SP
CUST_004564,UNIQ_004564,40945,goiania,GO
CUST_004565,UNIQ_004565,84133,cuiaba,MT
CUST_004566,UNIQ_004566,88059,maceio,AL
CUST_004567,UNIQ_004567,55919,recife,PE
CUST_004568,UNIQ_004568,47294,belem,PA
CUST_004569,UNIQ_004569,98137,cuiaba,MT
CUST_004570,UNIQ_004570,59501,fortaleza,CE
CUST_004571,UNIQ_004571,42457,aracaju,SE
CUST_004572,UNIQ_004572,52971,salvador,BA
CUST_004573,UNIQ_004573,86332,aracaju,SE
CUST_004574,UNIQ_004574,57352,manaus,AM
CUST_004575,UNIQ_004575,22843,campo grande,MS
CUST_004576,UNIQ_004576,65796,fortaleza,CE
CUST_004577,UNIQ_004577,20740,teresina,PI
CUST_004578,UNIQ_004578,18151,belo horizonte,MG
CUST_004579,UNIQ_004579,27047,teresina,PI
CUST_004580,UNIQ_004580,38152,joao pessoa,PB
CUST_004581,UNIQ_004581,20233,campo grande,MS
CUST_004582,UNIQ_004582,98712,florianopolis,SC
CUST_004583,UNIQ_004583,62789,aracaju,SE
CUST_004584,UNIQ_004584,83265,cuiaba,MT
CUST_004585,UNIQ_004585,61744,aracaju,SE
CUST_004586,UNIQ_004586,86585,porto alegre,RS
CUST_004587,UNIQ_004587,93422,joao pessoa,PB
CUST_004588,UNIQ_004588,67682,teresina,PI
CUST_004589,UNIQ_004589,64646,joao pessoa,PB
CUST_004590,UNIQ_004590,28919,curitiba,PR
CUST_004591,UNIQ_004591,26662,aracaju,SE
CUST_004592,UNIQ_004592,69993,joao pessoa,PB
CUST_004593,UNIQ_004593,77264,fortaleza,CE
CUST_004594,UNIQ_004594,25474,aracaju,SE
CUST_004595,UNIQ_004595,69694,manaus,AM
CUST_004596,UNIQ_004596,14273,joao pessoa,PB
CUST_004597,UNIQ_004597,83272,curitiba,PR
CUST_004598,UNIQ_004598,25566,florianopolis,SC
CUST_004599,UNIQ_004599,63558,porto velho,RO
CUST_004600,UNIQ_004600,25842,salvador,BA
CUST_004601,UNIQ_004601,84942,florianopolis,SC
CUST_004602,UNIQ_004602,15279,belem,PA
CUST_004603,UNIQ_004603,30093,aracaju,SE
CUST_004604,UNIQ_004604,58688,salvador,BA
CUST_004605,UNIQ_004605,59081,belem,PA
CUST_004606,UNIQ_004606,48532,belem,PA
CUST_004607,UNIQ_004607,13667,joao pessoa,PB
CUST_004608,UNIQ_004608,28630,fortaleza,CE
CUST_004609,UNIQ_004609,65280,cuiaba,MT
CUST_004610,UNIQ_004610,49998,rio de janeiro,RJ
CUST_004611,UNIQ_004611,38256,belem,PA
CUST_004612,UNIQ_004612,74067,curitiba,PR
CUST_004613,UNIQ_004613,26033,sao paulo,SP
CUST_004614,UNIQ_004614,55698,maceio,AL
CUST_004615,UNIQ_004615,15856,belo horizonte,MG
CUST_004616,UNIQ_004616,73068,teresina,PI
CUST_004617,UNIQ_004617,50593,cuiaba,MT
CUST_004618,UNIQ_004618,69293,cuiaba,MT
CUST_004619,UNIQ_004619,59454,goiania,GO
CUST_004620,UNIQ_004620,89391,joao pessoa,PB
CUST_004621,UNIQ_004621,28156,fortaleza,CE
CUST_004622,UNIQ_004622,93422,aracaju,SE
CUST_004623,UNIQ_004623,68973,campo grande,MS
CUST_004624,UNIQ_004624,29527,campo grande,MS
CUST_004625,UNIQ_004625,21706,goiania,GO
CUST_004626,UNIQ_004626,97097,porto velho,RO
CUST_004627,UNIQ_004627,63690,porto velho,RO
CUST_004628,UNIQ_004628,40516,natal,RN
CUST_004629,UNIQ_004629,54433,natal,RN
CUST_004630,UNIQ_004630,16005,maceio,AL
CUST_004631,UNIQ_004631,46356,campo grande,MS
CUST_004632,UNIQ_004632,31707,belo horizonte,MG
CUST_004633,UNIQ_004633,84972,sao paulo,SP
CUST_004634,UNIQ_004634,83537,belem,PA
CUST_004635,UNIQ_004635,94399,salvador,BA
CUST_004636,UNIQ_004636,21161,maceio,AL
CUST_004637,UNIQ_004637,91094,manaus,AM
CUST_004638,UNIQ_004638,85609,maceio,AL
CUST_004639,UNIQ_004639,84743,rio de janeiro,RJ
CUST_004640,UNIQ_004640,34824,aracaju,SE
CUST_004641,UNIQ_004641,75881,joao pessoa,PB
CUST_004642,UNIQ_004642,25765,sao paulo,SP
CUST_004643,UNIQ_004643,33559,maceio,AL
CUST_004644,UNIQ_004644,46039,sao paulo,SP
CUST_004645,UNIQ_004645,42150,manaus,AM
CUST_004646,UNIQ_004646,68226,cuiaba,MT
CUST_004647,UNIQ_004647,79932,belo horizonte,MG
CUST_004648,UNIQ_004648,51999,porto velho,RO
CUST_004649,UNIQ_004649,87187,natal,RN
CUST_004650,UNIQ_004650,74418,rio de janeiro,RJ
CUST_004651,UNIQ_004651,54558,sao paulo,SP
CUST_004652,UNIQ_004652,33659,teresina,PI
CUST_004653,UNIQ_004653,13153,teresina,PI
CUST_004654,UNIQ_004654,51599,aracaju,SE
CUST_004655,UNIQ_004655,43708,natal,RN
CUST_004656,UNIQ_004656,25026,belo horizonte,MG
CUST_004657,UNIQ_004657,81012,salvador,BA
CUST_004658,UNIQ_004658,47401,curitiba,PR
CUST_004659,UNIQ_004659,33942,fortaleza,CE
CUST_004660,UNIQ_004660,21747,porto alegre,RS
CUST_004661,UNIQ_004661,50212,fortaleza,CE
CUST_004662,UNIQ_004662,98946,teresina,PI
CUST_004663,UNIQ_004663,17721,curitiba,PR
CUST_004664,UNIQ_004664,52636,porto velho,RO
CUST_004665,UNIQ_004665,13561,curitiba,PR
CUST_004666,UNIQ_004666,49062,rio de janeiro,RJ
CUST_004667,UNIQ_004667,22942,natal,RN
CUST_004668,UNIQ_004668,28672,goiania,GO
CUST_004669,UNIQ_004669,52495,teresina,PI
CUST_004670,UNIQ_004670,59219,porto alegre,RS
CUST_004671,UNIQ_004671,16799,salvador,BA
CUST_004672,UNIQ_004672,41407,manaus,AM
CUST_004673,UNIQ_004673,86812,porto velho,RO
CUST_004674,UNIQ_004674,74615,recife,PE
CUST_004675,UNIQ_004675,76115,aracaju,SE
CUST_004676,UNIQ_004676,25083,natal,RN
CUST_004677,UNIQ_004677,17947,porto alegre,RS
CUST_004678,UNIQ_004678,70925,goiania,GO
CUST_004679,UNIQ_004679,63356,maceio,AL
CUST_004680,UNIQ_004680,73461,belo horizonte,MG
CUST_004681,UNIQ_004681,63411,sao paulo,SP
CUST_004682,UNIQ_004682,12440,recife,PE
CUST_004683,UNIQ_004683,82623,porto alegre,RS
CUST_004684,UNIQ_004684,98486,cuiaba,MT
CUST_004685,UNIQ_004685,42285,salvador,BA
CUST_004686,UNIQ_004686,95400,maceio,AL
CUST_004687,UNIQ_004687,49926,fortaleza,CE
CUST_004688,UNIQ_004688,63313,cuiaba,MT
CUST_004689,UNIQ_004689,20998,campo grande,MS
CUST_004690,UNIQ_004690,36667,aracaju,SE
CUST_004691,UNIQ_004691,58929,fortaleza,CE
CUST_004692,UNIQ_004692,32044,maceio,AL
CUST_004693,UNIQ_004693,80455,recife,PE
CUST_004694,UNIQ_004694,82764,teresina,PI
CUST_004695,UNIQ_004695,15477,campo grande,MS
CUST_004696,UNIQ_004696,70902,sao paulo,SP
CUST_004697,UNIQ_004697,47912,porto velho,RO
CUST_004698,UNIQ_004698,10071,curitiba,PR
CUST_004699,UNIQ_004699,73201,rio de janeiro,RJ
CUST_004700,UNIQ_004700,88363,porto alegre,RS
CUST_004701,UNIQ_004701,99128,porto alegre,RS
CUST_004702,UNIQ_004702,56061,natal,RN
CUST_004703,UNIQ_004703,86697,manaus,AM
CUST_004704,UNIQ_004704,46872,aracaju,SE
CUST_004705,UNIQ_004705,31157,rio de janeiro,RJ
CUST_004706,UNIQ_004706,83804,maceio,AL
CUST_004707,UNIQ_004707,49405,belo horizonte,MG
CUST_004708,UNIQ_004708,61813,belo horizonte,MG
CUST_004709,UNIQ_004709,28304,salvador,BA
CUST_004710,UNIQ_004710,46629,maceio,AL
CUST_004711,UNIQ_004711,37636,teresina,PI
CUST_004712,UNIQ_004712,76167,porto velho,RO
CUST_004713,UNIQ_004713,99404,goiania,GO
CUST_004714,UNIQ_004714,93252,goiania,GO
CUST_004715,UNIQ_004715,69338,porto alegre,RS
CUST_004716,UNIQ_004716,42234,porto alegre,RS
CUST_004717,UNIQ_004717,54778,goiania,GO
CUST_004718,UNIQ_004718,70266,manaus,AM
CUST_004719,UNIQ_004719,53051,porto velho,RO
CUST_004720,UNIQ_004720,27527,sao paulo,SP
CUST_004721,UNIQ_004721,89794,sao paulo,SP
CUST_004722,UNIQ_004722,10560,joao pessoa,PB
CUST_004723,UNIQ_004723,98172,sao paulo,SP
CUST_004724,UNIQ_004724,64154,curitiba,PR
CUST_004725,UNIQ_004725,74091,maceio,AL
CUST_004726,UNIQ_004726,80533,natal,RN
CUST_004727,UNIQ_004727,95078,belo horizonte,MG
CUST_004728,UNIQ_004728,80601,belo horizonte,MG
CUST_004729,UNIQ_004729,98029,sao paulo,SP
CUST_004730,UNIQ_004730,98112,campo grande,MS
CUST_004731,UNIQ_004731,56267,salvador,BA
CUST_004732,UNIQ_004732,88815,natal,RN
CUST_004733,UNIQ_004733,60692,florianopolis,SC
CUST_004734,UNIQ_004734,11105,curitiba,PR
CUST_004735,UNIQ_004735,70646,salvador,BA
CUST_004736,UNIQ_004736,35295,florianopolis,SC
CUST_004737,UNIQ_004737,11227,campo grande,MS
CUST_004738,UNIQ_004738,12592,recife,PE
CUST_004739,UNIQ_004739,99201,porto alegre,RS
CUST_004740,UNIQ_004740,35101,florianopolis,SC
CUST_004741,UNIQ_004741,90405,belo horizonte,MG
CUST_004742,UNIQ_004742,38986,belem,PA
CUST_004743,UNIQ_004743,74724,recife,PE
CUST_004744,UNIQ_004744,14822,florianopolis,SC
CUST_004745,UNIQ_004745,74597,porto alegre,RS
CUST_004746,UNIQ_004746,37405,porto velho,RO
CUST_004747,UNIQ_004747,35701,sao paulo,SP
CUST_004748,UNIQ_004748,24541,natal,RN
CUST_004749,UNIQ_004749,84593,porto alegre,RS
CUST_004750,UNIQ_004750,74751,aracaju,SE
CUST_004751,UNIQ_004751,82323,curitiba,PR
CUST_004752,UNIQ_004752,96486,manaus,AM
CUST_004753,UNIQ_004753,98103,cuiaba,MT
CUST_004754,UNIQ_004754,84074,porto velho,RO
CUST_004755,UNIQ_004755,18566,curitiba,PR
CUST_004756,UNIQ_004756,26809,cuiaba,MT
CUST_004757,UNIQ_004757,26702,belo horizonte,MG
CUST_004758,UNIQ_004758,84698,porto alegre,RS
CUST_004759,UNIQ_004759,78561,recife,PE
CUST_004760,UNIQ_004760,35146,porto alegre,RS
CUST_004761,UNIQ_004761,98832,sao paulo,SP
CUST_004762,UNIQ_004762,90538,maceio,AL
CUST_004763,UNIQ_004763,99218,porto alegre,RS
CUST_004764,UNIQ_004764,69497,maceio,AL
CUST_004765,UNIQ_004765,65982,sao paulo,SP
CUST_004766,UNIQ_004766,52336,rio de janeiro,RJ
CUST_004767,UNIQ_004767,63330,teresina,PI
CUST_004768,UNIQ_004768,25953,porto alegre,RS
CUST_004769,UNIQ_004769,71156,aracaju,SE
CUST_004770,UNIQ_004770,57378,joao pessoa,PB
CUST_004771,UNIQ_004771,15697,aracaju,SE
CUST_004772,UNIQ_004772,16155,recife,PE
CUST_004773,UNIQ_004773,65058,porto alegre,RS
CUST_004774,UNIQ_004774,68833,maceio,AL
CUST_004775,UNIQ_004775,10676,goiania,GO
CUST_004776,UNIQ_004776,35507,natal,RN
CUST_004777,UNIQ_004777,20722,goiania,GO
CUST_004778,UNIQ_004778,13325,cuiaba,MT
CUST_004779,UNIQ_004779,65550,recife,PE
CUST_004780,UNIQ_004780,42765,belo horizonte,MG
CUST_004781,UNIQ_004781,31558,manaus,AM
CUST_004782,UNIQ_004782,50737,goiania,GO
CUST_004783,UNIQ_004783,92050,belo horizonte,MG
CUST_004784,UNIQ_004784,13653,salvador,BA
CUST_004785,UNIQ_004785,66616,joao pessoa,PB
CUST_004786,UNIQ_004786,87664,sao paulo,SP
CUST_004787,UNIQ_004787,42821,goiania,GO
CUST_004788,UNIQ_004788,24134,recife,PE
CUST_004789,UNIQ_004789,41242,joao pessoa,PB
CUST_004790,UNIQ_004790,17134,goiania,GO
CUST_004791,UNIQ_004791,78114,goiania,GO
CUST_004792,UNIQ_004792,19556,recife,PE
CUST_004793,UNIQ_004793,91207,porto velho,RO
CUST_004794,UNIQ_004794,22539,campo grande,MS
CUST_004795,UNIQ_004795,85882,campo grande,MS
CUST_004796,UNIQ_004796,21211,salvador,BA
CUST_004797,UNIQ_004797,14370,rio de janeiro,RJ
CUST_004798,UNIQ_004798,51062,natal,RN
CUST_004799,UNIQ_004799,26716,belo horizonte,MG
CUST_004800,UNIQ_004800,67923,rio de janeiro,RJ
CUST_004801,UNIQ_004801,49514,rio de janeiro,RJ
CUST_004802,UNIQ_004802,92075,porto velho,RO
CUST_004803,UNIQ_004803,18623,teresina,PI
CUST_004804,UNIQ_004804,98809,salvador,BA
CUST_004805,UNIQ_004805,83303,rio de janeiro,RJ
CUST_004806,UNIQ_004806,48655,rio de janeiro,RJ
CUST_004807,UNIQ_004807,62649,natal,RN
CUST_004808,UNIQ_004808,90911,salvador,BA
CUST_004809,UNIQ_004809,40554,teresina,PI
CUST_004810,UNIQ_004810,96471,porto velho,RO
CUST_004811,UNIQ_004811,11390,porto velho,RO
CUST_004812,UNIQ_004812,60321,campo grande,MS
CUST_004813,UNIQ_004813,66112,campo grande,MS
CUST_004814,UNIQ_004814,91163,porto velho,RO
CUST_004815,UNIQ_004815,54514,salvador,BA
CUST_004816,UNIQ_004816,69516,sao paulo,SP
CUST_004817,UNIQ_004817,53017,aracaju,SE
CUST_004818,UNIQ_004818,35228,cuiaba,MT
CUST_004819,UNIQ_004819,23459,salvador,BA
CUST_004820,UNIQ_004820,88010,sao paulo,SP
CUST_004821,UNIQ_004821,87710,belo horizonte,MG
CUST_004822,UNIQ_004822,85132,manaus,AM
CUST_004823,UNIQ_004823,93540,fortaleza,CE
CUST_004824,UNIQ_004824,43591,aracaju,SE
CUST_004825,UNIQ_004825,65182,florianopolis,SC
CUST_004826,UNIQ_004826,91376,joao pessoa,PB
CUST_004827,UNIQ_004827,34369,campo grande,MS
CUST_004828,UNIQ_004828,28045,recife,PE
CUST_004829,UNIQ_004829,17928,rio de janeiro,RJ
CUST_004830,UNIQ_004830,50850,fortaleza,CE
CUST_004831,UNIQ_004831,67127,cuiaba,MT
CUST_004832,UNIQ_004832,95420,aracaju,SE
CUST_004833,UNIQ_004833,50788,florianopolis,SC
CUST_004834,UNIQ_004834,80928,cuiaba,MT
CUST_004835,UNIQ_004835,29321,fortaleza,CE
CUST_004836,UNIQ_004836,50458,joao pessoa,PB
CUST_004837,UNIQ_004837,54944,porto velho,RO
CUST_004838,UNIQ_004838,58343,belem,PA
CUST_004839,UNIQ_004839,77853,sao paulo,SP
CUST_004840,UNIQ_004840,96203,cuiaba,MT
CUST_004841,UNIQ_004841,17512,fortaleza,CE
CUST_004842,UNIQ_004842,76467,recife,PE
CUST_004843,UNIQ_004843,17157,maceio,AL
CUST_004844,UNIQ_004844,55064,teresina,PI
CUST_004845,UNIQ_004845,36263,manaus,AM
CUST_004846,UNIQ_004846,18965,manaus,AM
CUST_004847,UNIQ_004847,34819,goiania,GO
CUST_004848,UNIQ_004848,71263,joao pessoa,PB
CUST_004849,UNIQ_004849,53403,porto velho,RO
CUST_004850,UNIQ_004850,84199,cuiaba,MT
CUST_004851,UNIQ_004851,90753,goiania,GO
CUST_004852,UNIQ_004852,64879,belem,PA
CUST_004853,UNIQ_004853,31270,goiania,GO
CUST_004854,UNIQ_004854,69546,salvador,BA
CUST_004855,UNIQ_004855,75002,rio de janeiro,RJ
CUST_004856,UNIQ_004856,10484,recife,PE
CUST_004857,UNIQ_004857,40182,recife,PE
CUST_004858,UNIQ_004858,91778,campo grande,MS
CUST_004859,UNIQ_004859,41328,manaus,AM
CUST_004860,UNIQ_004860,53452,joao pessoa,PB
CUST_004861,UNIQ_004861,36911,natal,RN
CUST_004862,UNIQ_004862,34149,natal,RN
CUST_004863,UNIQ_004863,57555,sao paulo,SP
CUST_004864,UNIQ_004864,19664,sao paulo,SP
CUST_004865,UNIQ_004865,13934,florianopolis,SC
CUST_004866,UNIQ_004866,25098,maceio,AL
CUST_004867,UNIQ_004867,48086,fortaleza,CE
CUST_004868,UNIQ_004868,35480,campo grande,MS
CUST_004869,UNIQ_004869,57174,cuiaba,MT
CUST_004870,UNIQ_004870,13890,rio de janeiro,RJ
CUST_004871,UNIQ_004871,35929,manaus,AM
CUST_004872,UNIQ_004872,32825,belem,PA
CUST_004873,UNIQ_004873,44340,recife,PE
CUST_004874,UNIQ_004874,54540,curitiba,PR
CUST_004875,UNIQ_004875,42239,maceio,AL
CUST_004876,UNIQ_004876,35688,curitiba,PR
CUST_004877,UNIQ_004877,33078,sao paulo,SP
CUST_004878,UNIQ_004878,23263,porto alegre,RS
CUST_004879,UNIQ_004879,98795,sao paulo,SP
CUST_004880,UNIQ_004880,59666,fortaleza,CE
CUST_004881,UNIQ_004881,54352,salvador,BA
CUST_004882,UNIQ_004882,49986,manaus,AM
CUST_004883,UNIQ_004883,41476,campo grande,MS
CUST_004884,UNIQ_004884,58804,florianopolis,SC
CUST_004885,UNIQ_004885,79065,curitiba,PR
CUST_004886,UNIQ_004886,66848,porto velho,RO
CUST_004887,UNIQ_004887,25531,belo horizonte,MG
CUST_004888,UNIQ_004888,27143,fortaleza,CE
CUST_004889,UNIQ_004889,35124,manaus,AM
CUST_004890,UNIQ_004890,59570,maceio,AL
CUST_004891,UNIQ_004891,51674,florianopolis,SC
CUST_004892,UNIQ_004892,66300,porto velho,RO
CUST_004893,UNIQ_004893,16054,recife,PE
CUST_004894,UNIQ_004894,86981,porto velho,RO
CUST_004895,UNIQ_004895,80184,manaus,AM
CUST_004896,UNIQ_004896,29472,belem,PA
CUST_004897,UNIQ_004897,42397,goiania,GO
CUST_004898,UNIQ_004898,92504,rio de janeiro,RJ
CUST_004899,UNIQ_004899,26575,porto alegre,RS
CUST_004900,UNIQ_004900,86556,aracaju,SE
CUST_004901,UNIQ_004901,37425,joao pessoa,PB
CUST_004902,UNIQ_004902,71691,belo horizonte,MG
CUST_004903,UNIQ_004903,18503,porto velho,RO
CUST_004904,UNIQ_004904,76665,curitiba,PR
CUST_004905,UNIQ_004905,94550,natal,RN
CUST_004906,UNIQ_004906,59055,aracaju,SE
CUST_004907,UNIQ_004907,78012,joao pessoa,PB
CUST_004908,UNIQ_004908,33461,campo grande,MS
CUST_004909,UNIQ_004909,59005,goiania,GO
CUST_004910,UNIQ_004910,73346,aracaju,SE
CUST_004911,UNIQ_004911,72096,joao pessoa,PB
CUST_004912,UNIQ_004912,86177,porto alegre,RS
CUST_004913,UNIQ_004913,93637,natal,RN
CUST_004914,UNIQ_004914,95162,cuiaba,MT
CUST_004915,UNIQ_004915,37158,rio de janeiro,RJ
CUST_004916,UNIQ_004916,36607,recife,PE
CUST_004917,UNIQ_004917,40721,campo grande,MS
CUST_004918,UNIQ_004918,38651,natal,RN
CUST_004919,UNIQ_004919,65708,belem,PA
CUST_004920,UNIQ_004920,84890,natal,RN
CUST_004921,UNIQ_004921,59034,curitiba,PR
CUST_004922,UNIQ_004922,82161,porto alegre,RS
CUST_004923,UNIQ_004923,27606,belo horizonte,MG
CUST_004924,UNIQ_004924,48672,belo horizonte,MG
CUST_004925,UNIQ_004925,78002,campo grande,MS
CUST_004926,UNIQ_004926,40169,florianopolis,SC
CUST_004927,UNIQ_004927,15392,cuiaba,MT
CUST_004928,UNIQ_004928,77143,campo grande,MS
CUST_004929,UNIQ_004929,54089,porto velho,RO
CUST_004930,UNIQ_004930,69133,teresina,PI
CUST_004931,UNIQ_004931,66689,campo grande,MS
CUST_004932,UNIQ_004932,58170,teresina,PI
CUST_004933,UNIQ_004933,51552,joao pessoa,PB
CUST_004934,UNIQ_004934,60118,porto alegre,RS
CUST_004935,UNIQ_004935,33536,sao paulo,SP
CUST_004936,UNIQ_004936,40643,campo grande,MS
CUST_004937,UNIQ_004937,94587,porto alegre,RS
CUST_004938,UNIQ_004938,57067,belo horizonte,MG
CUST_004939,UNIQ_004939,48603,belo horizonte,MG
CUST_004940,UNIQ_004940,77212,aracaju,SE
CUST_004941,UNIQ_004941,94365,maceio,AL
CUST_004942,UNIQ_004942,46231,belo horizonte,MG
CUST_004943,UNIQ_004943,22898,recife,PE
CUST_004944,UNIQ_004944,19351,salvador,BA
CUST_004945,UNIQ_004945,15017,florianopolis,SC
CUST_004946,UNIQ_004946,36254,maceio,AL
CUST_004947,UNIQ_004947,35774,goiania,GO
CUST_004948,UNIQ_004948,42771,goiania,GO
CUST_004949,UNIQ_004949,99592,belem,PA
CUST_004950,UNIQ_004950,34987,porto alegre,RS
CUST_004951,UNIQ_004951,28070,porto velho,RO
CUST_004952,UNIQ_004952,44227,maceio,AL
CUST_004953,UNIQ_004953,49252,sao paulo,SP
CUST_004954,UNIQ_004954,55433,belem,PA
CUST_004955,UNIQ_004955,63183,natal,RN
CUST_004956,UNIQ_004956,95892,cuiaba,MT
CUST_004957,UNIQ_004957,71866,sao paulo,SP
CUST_004958,UNIQ_004958,29566,aracaju,SE
CUST_004959,UNIQ_004959,39829,natal,RN
CUST_004960,UNIQ_004960,37508,recife,PE
CUST_004961,UNIQ_004961,40634,joao pessoa,PB
CUST_004962,UNIQ_004962,86939,aracaju,SE
CUST_004963,UNIQ_004963,71438,maceio,AL
CUST_004964,UNIQ_004964,54650,campo grande,MS
CUST_004965,UNIQ_004965,51035,belo horizonte,MG
CUST_004966,UNIQ_004966,66202,manaus,AM
CUST_004967,UNIQ_004967,37470,teresina,PI
CUST_004968,UNIQ_004968,68978,campo grande,MS
CUST_004969,UNIQ_004969,13945,maceio,AL
CUST_004970,UNIQ_004970,28212,florianopolis,SC
CUST_004971,UNIQ_004971,26822,cuiaba,MT
CUST_004972,UNIQ_004972,11268,belem,PA
CUST_004973,UNIQ_004973,96356,joao pessoa,PB
CUST_004974,UNIQ_004974,54541,florianopolis,SC
CUST_004975,UNIQ_004975,64938,recife,PE
CUST_004976,UNIQ_004976,99884,teresina,PI
CUST_004977,UNIQ_004977,80464,natal,RN
CUST_004978,UNIQ_004978,52739,belem,PA
CUST_004979,UNIQ_004979,13046,cuiaba,MT
CUST_004980,UNIQ_004980,14221,cuiaba,MT
CUST_004981,UNIQ_004981,30144,fortaleza,CE
CUST_004982,UNIQ_004982,84473,goiania,GO
CUST_004983,UNIQ_004983,89670,porto velho,RO
CUST_004984,UNIQ_004984,61234,cuiaba,MT
CUST_004985,UNIQ_004985,36765,natal,RN
CUST_004986,UNIQ_004986,18350,natal,RN
CUST_004987,UNIQ_004987,60650,maceio,AL
CUST_004988,UNIQ_004988,72230,manaus,AM
CUST_004989,UNIQ_004989,53101,salvador,BA
CUST_004990,UNIQ_004990,69183,cuiaba,MT
CUST_004991,UNIQ_004991,22221,belem,PA
CUST_004992,UNIQ_004992,23672,curitiba,PR
CUST_004993,UNIQ_004993,33283,maceio,AL
CUST_004994,UNIQ_004994,89084,rio de janeiro,RJ
CUST_004995,UNIQ_004995,13517,joao pessoa,PB
CUST_004996,UNIQ_004996,36083,curitiba,PR
CUST_004997,UNIQ_004997,60579,belo horizonte,MG
CUST_004998,UNIQ_004998,36986,belem,PA
CUST_004999,UNIQ_004999,48155,recife,PE
CUST_005000,UNIQ_005000,19172,aracaju,SE
CUST_005001,UNIQ_005001,17530,campo grande,MS
CUST_005002,UNIQ_005002,77964,florianopolis,SC
CUST_005003,UNIQ_005003,32521,sao paulo,SP
CUST_005004,UNIQ_005004,63852,goiania,GO
CUST_005005,UNIQ_005005,30582,natal,RN
CUST_005006,UNIQ_005006,26926,salvador,BA
CUST_005007,UNIQ_005007,64842,maceio,AL
CUST_005008,UNIQ_005008,19012,joao pessoa,PB
CUST_005009,UNIQ_005009,37063,natal,RN
CUST_005010,UNIQ_005010,36958,fortaleza,CE
CUST_005011,UNIQ_005011,66649,belem,PA
CUST_005012,UNIQ_005012,30811,joao pessoa,PB
CUST_005013,UNIQ_005013,85378,porto velho,RO
CUST_005014,UNIQ_005014,87003,belem,PA
CUST_005015,UNIQ_005015,75860,manaus,AM
CUST_005016,UNIQ_005016,46102,campo grande,MS
CUST_005017,UNIQ_005017,10975,manaus,AM
CUST_005018,UNIQ_005018,68422,fortaleza,CE
CUST_005019,UNIQ_005019,62328,belo horizonte,MG
CUST_005020,UNIQ_005020,42353,porto velho,RO
CUST_005021,UNIQ_005021,53108,aracaju,SE
CUST_005022,UNIQ_005022,74350,cuiaba,MT
CUST_005023,UNIQ_005023,70646,campo grande,MS
CUST_005024,UNIQ_005024,15122,cuiaba,MT
CUST_005025,UNIQ_005025,47737,belo horizonte,MG
CUST_005026,UNIQ_005026,55453,campo grande,MS
CUST_005027,UNIQ_005027,61260,belem,PA
CUST_005028,UNIQ_005028,32954,porto velho,RO
CUST_005029,UNIQ_005029,42654,teresina,PI
CUST_005030,UNIQ_005030,90967,curitiba,PR
CUST_005031,UNIQ_005031,70008,teresina,PI
CUST_005032,UNIQ_005032,96386,natal,RN
CUST_005033,UNIQ_005033,84529,curitiba,PR
CUST_005034,UNIQ_005034,61583,salvador,BA
CUST_005035,UNIQ_005035,41417,rio de janeiro,RJ
CUST_005036,UNIQ_005036,45884,curitiba,PR
CUST_005037,UNIQ_005037,48258,maceio,AL
CUST_005038,UNIQ_005038,38476,belo horizonte,MG
CUST_005039,UNIQ_005039,63907,joao pessoa,PB
CUST_005040,UNIQ_005040,25889,maceio,AL
CUST_005041,UNIQ_005041,20031,florianopolis,SC
CUST_005042,UNIQ_005042,76112,salvador,BA
CUST_005043,UNIQ_005043,63752,goiania,GO
CUST_005044,UNIQ_005044,31605,campo grande,MS
CUST_005045,UNIQ_005045,37180,porto alegre,RS
CUST_005046,UNIQ_005046,15850,aracaju,SE
CUST_005047,UNIQ_005047,13501,campo grande,MS
CUST_005048,UNIQ_005048,93737,belo horizonte,MG
CUST_005049,UNIQ_005049,59958,campo grande,MS
CUST_005050,UNIQ_005050,62342,goiania,GO
CUST_005051,UNIQ_005051,61992,manaus,AM
CUST_005052,UNIQ_005052,11407,rio de janeiro,RJ
CUST_005053,UNIQ_005053,25031,porto alegre,RS
CUST_005054,UNIQ_005054,52875,fortaleza,CE
CUST_005055,UNIQ_005055,73538,campo grande,MS
CUST_005056,UNIQ_005056,18943,campo grande,MS
CUST_005057,UNIQ_005057,81883,belo horizonte,MG
CUST_005058,UNIQ_005058,67373,recife,PE
CUST_005059,UNIQ_005059,71707,fortaleza,CE
CUST_005060,UNIQ_005060,31150,porto alegre,RS
CUST_005061,UNIQ_005061,12367,curitiba,PR
CUST_005062,UNIQ_005062,23174,porto velho,RO
CUST_005063,UNIQ_005063,48554,curitiba,PR
CUST_005064,UNIQ_005064,80078,salvador,BA
CUST_005065,UNIQ_005065,32079,natal,RN
CUST_005066,UNIQ_005066,98000,belo horizonte,MG
CUST_005067,UNIQ_005067,98785,sao paulo,SP
CUST_005068,UNIQ_005068,30119,porto alegre,RS
CUST_005069,UNIQ_005069,56935,campo grande,MS
CUST_005070,UNIQ_005070,38399,curitiba,PR
CUST_005071,UNIQ_005071,98479,rio de janeiro,RJ
CUST_005072,UNIQ_005072,38333,maceio,AL
CUST_005073,UNIQ_005073,16259,campo grande,MS
CUST_005074,UNIQ_005074,94018,aracaju,SE
CUST_005075,UNIQ_005075,61199,salvador,BA
CUST_005076,UNIQ_005076,68194,belem,PA
CUST_005077,UNIQ_005077,88407,rio de janeiro,RJ
CUST_005078,UNIQ_005078,16378,sao paulo,SP
CUST_005079,UNIQ_005079,36442,natal,RN
CUST_005080,UNIQ_005080,59105,recife,PE
CUST_005081,UNIQ_005081,36212,recife,PE
CUST_005082,UNIQ_005082,12102,belo horizonte,MG
CUST_005083,UNIQ_005083,13662,teresina,PI
CUST_005084,UNIQ_005084,54186,sao paulo,SP
CUST_005085,UNIQ_005085,99123,manaus,AM
CUST_005086,UNIQ_005086,38910,belo horizonte,MG
CUST_005087,UNIQ_005087,97046,salvador,BA
CUST_005088,UNIQ_005088,31895,curitiba,PR
CUST_005089,UNIQ_005089,64484,rio de janeiro,RJ
CUST_005090,UNIQ_005090,24114,aracaju,SE
CUST_005091,UNIQ_005091,52294,goiania,GO
CUST_005092,UNIQ_005092,92154,maceio,AL
CUST_005093,UNIQ_005093,91877,manaus,AM
CUST_005094,UNIQ_005094,81002,manaus,AM
CUST_005095,UNIQ_005095,66083,natal,RN
CUST_005096,UNIQ_005096,40462,salvador,BA
CUST_005097,UNIQ_005097,23878,manaus,AM
CUST_005098,UNIQ_005098,52384,florianopolis,SC
CUST_005099,UNIQ_005099,11965,curitiba,PR
CUST_005100,UNIQ_005100,95720,natal,RN
CUST_005101,UNIQ_005101,11570,goiania,GO
CUST_005102,UNIQ_005102,37887,natal,RN
CUST_005103,UNIQ_005103,38848,campo grande,MS
CUST_005104,UNIQ_005104,96240,belo horizonte,MG
CUST_005105,UNIQ_005105,95189,porto alegre,RS
CUST_005106,UNIQ_005106,58362,porto velho,RO
CUST_005107,UNIQ_005107,18825,rio de janeiro,RJ
CUST_005108,UNIQ_005108,63883,manaus,AM
CUST_005109,UNIQ_005109,88494,belem,PA
CUST_005110,UNIQ_005110,23344,joao pessoa,PB
CUST_005111,UNIQ_005111,84606,maceio,AL
CUST_005112,UNIQ_005112,43022,curitiba,PR
CUST_005113,UNIQ_005113,88625,salvador,BA
CUST_005114,UNIQ_005114,92689,goiania,GO
CUST_005115,UNIQ_005115,98853,natal,RN
CUST_005116,UNIQ_005116,53522,fortaleza,CE
CUST_005117,UNIQ_005117,93277,curitiba,PR
CUST_005118,UNIQ_005118,97342,goiania,GO
CUST_005119,UNIQ_005119,18849,joao pessoa,PB
CUST_005120,UNIQ_005120,12313,goiania,GO
CUST_005121,UNIQ_005121,86681,porto velho,RO
CUST_005122,UNIQ_005122,60118,campo grande,MS
CUST_005123,UNIQ_005123,93963,aracaju,SE
CUST_005124,UNIQ_005124,75984,recife,PE
CUST_005125,UNIQ_005125,11742,cuiaba,MT
CUST_005126,UNIQ_005126,12780,recife,PE
CUST_005127,UNIQ_005127,26260,porto velho,RO
CUST_005128,UNIQ_005128,40984,belem,PA
CUST_005129,UNIQ_005129,41922,teresina,PI
CUST_005130,UNIQ_005130,20405,porto velho,RO
CUST_005131,UNIQ_005131,28029,rio de janeiro,RJ
CUST_005132,UNIQ_005132,75369,florianopolis,SC
CUST_005133,UNIQ_005133,36478,belem,PA
CUST_005134,UNIQ_005134,59250,fortaleza,CE
CUST_005135,UNIQ_005135,94153,manaus,AM
CUST_005136,UNIQ_005136,41203,rio de janeiro,RJ
CUST_005137,UNIQ_005137,68160,porto velho,RO
CUST_005138,UNIQ_005138,27598,goiania,GO
CUST_005139,UNIQ_005139,51620,porto alegre,RS
CUST_005140,UNIQ_005140,78271,rio de janeiro,RJ
CUST_005141,UNIQ_005141,94940,teresina,PI
CUST_005142,UNIQ_005142,13105,belem,PA
CUST_005143,UNIQ_005143,53420,recife,PE
CUST_005144,UNIQ_005144,41752,goiania,GO
CUST_005145,UNIQ_005145,80688,manaus,AM
CUST_005146,UNIQ_005146,97163,rio de janeiro,RJ
CUST_005147,UNIQ_005147,39156,recife,PE
CUST_005148,UNIQ_005148,60002,porto velho,RO
CUST_005149,UNIQ_005149,52157,aracaju,SE
CUST_005150,UNIQ_005150,67981,curitiba,PR
CUST_005151,UNIQ_005151,18469,sao paulo,SP
CUST_005152,UNIQ_005152,19173,joao pessoa,PB
CUST_005153,UNIQ_005153,16829,manaus,AM
CUST_005154,UNIQ_005154,36767,fortaleza,CE
CUST_005155,UNIQ_005155,22027,fortaleza,CE
CUST_005156,UNIQ_005156,87677,curitiba,PR
CUST_005157,UNIQ_005157,36787,maceio,AL
CUST_005158,UNIQ_005158,76509,recife,PE
CUST_005159,UNIQ_005159,65868,belo horizonte,MG
CUST_005160,UNIQ_005160,50824,campo grande,MS
CUST_005161,UNIQ_005161,35891,curitiba,PR
CUST_005162,UNIQ_005162,65576,recife,PE
CUST_005163,UNIQ_005163,89410,curitiba,PR
CUST_005164,UNIQ_005164,49728,recife,PE
CUST_005165,UNIQ_005165,85552,belem,PA
CUST_005166,UNIQ_005166,93309,campo grande,MS
CUST_005167,UNIQ_005167,45633,manaus,AM
CUST_005168,UNIQ_005168,20487,joao pessoa,PB
CUST_005169,UNIQ_005169,62198,florianopolis,SC
CUST_005170,UNIQ_005170,31989,natal,RN
CUST_005171,UNIQ_005171,67852,joao pessoa,PB
CUST_005172,UNIQ_005172,76229,teresina,PI
CUST_005173,UNIQ_005173,66810,porto velho,RO
CUST_005174,UNIQ_005174,73176,fortaleza,CE
CUST_005175,UNIQ_005175,59993,sao paulo,SP
CUST_005176,UNIQ_005176,20909,teresina,PI
CUST_005177,UNIQ_005177,88011,belem,PA
CUST_005178,UNIQ_005178,30027,maceio,AL
CUST_005179,UNIQ_005179,33029,maceio,AL
CUST_005180,UNIQ_005180,59866,porto alegre,RS
CUST_005181,UNIQ_005181,50088,campo grande,MS
CUST_005182,UNIQ_005182,47122,campo grande,MS
CUST_005183,UNIQ_005183,83681,natal,RN
CUST_005184,UNIQ_005184,73025,porto velho,RO
CUST_005185,UNIQ_005185,53677,belo horizonte,MG
CUST_005186,UNIQ_005186,71506,fortaleza,CE
CUST_005187,UNIQ_005187,30280,manaus,AM
CUST_005188,UNIQ_005188,10547,manaus,AM
CUST_005189,UNIQ_005189,75627,sao paulo,SP
CUST_005190,UNIQ_005190,74415,florianopolis,SC
CUST_005191,UNIQ_005191,64502,natal,RN
CUST_005192,UNIQ_005192,58908,natal,RN
CUST_005193,UNIQ_005193,74166,natal,RN
CUST_005194,UNIQ_005194,94023,belem,PA
CUST_005195,UNIQ_005195,19336,cuiaba,MT
CUST_005196,UNIQ_005196,15089,teresina,PI
CUST_005197,UNIQ_005197,60439,salvador,BA
CUST_005198,UNIQ_005198,31281,cuiaba,MT
CUST_005199,UNIQ_005199,67186,manaus,AM
CUST_005200,UNIQ_005200,55688,porto alegre,RS
CUST_005201,UNIQ_005201,74044,aracaju,SE
CUST_005202,UNIQ_005202,17563,florianopolis,SC
CUST_005203,UNIQ_005203,65579,natal,RN
CUST_005204,UNIQ_005204,41765,recife,PE
CUST_005205,UNIQ_005205,14522,joao pessoa,PB
CUST_005206,UNIQ_005206,92700,florianopolis,SC
CUST_005207,UNIQ_005207,97251,sao paulo,SP
CUST_005208,UNIQ_005208,44253,fortaleza,CE
CUST_005209,UNIQ_005209,69699,porto velho,RO
CUST_005210,UNIQ_005210,43330,fortaleza,CE
CUST_005211,UNIQ_005211,88924,recife,PE
CUST_005212,UNIQ_005212,96848,cuiaba,MT
CUST_005213,UNIQ_005213,11617,curitiba,PR
CUST_005214,UNIQ_005214,22098,salvador,BA
CUST_005215,UNIQ_005215,62122,natal,RN
CUST_005216,UNIQ_005216,20531,cuiaba,MT
CUST_005217,UNIQ_005217,34749,aracaju,SE
CUST_005218,UNIQ_005218,31734,teresina,PI
CUST_005219,UNIQ_005219,43144,teresina,PI
CUST_005220,UNIQ_005220,75620,belem,PA
CUST_005221,UNIQ_005221,96309,maceio,AL
CUST_005222,UNIQ_005222,86818,natal,RN
CUST_005223,UNIQ_005223,63950,belem,PA
CUST_005224,UNIQ_005224,24322,belo horizonte,MG
CUST_005225,UNIQ_005225,55140,cuiaba,MT
CUST_005226,UNIQ_005226,45261,fortaleza,CE
CUST_005227,UNIQ_005227,62162,manaus,AM
CUST_005228,UNIQ_005228,10841,belem,PA
CUST_005229,UNIQ_005229,74451,curitiba,PR
CUST_005230,UNIQ_005230,22697,sao paulo,SP
CUST_005231,UNIQ_005231,64767,belo horizonte,MG
CUST_005232,UNIQ_005232,64636,aracaju,SE
CUST_005233,UNIQ_005233,66485,belem,PA
CUST_005234,UNIQ_005234,33121,curitiba,PR
CUST_005235,UNIQ_005235,34431,florianopolis,SC
CUST_005236,UNIQ_005236,35954,fortaleza,CE
CUST_005237,UNIQ_005237,33853,joao pessoa,PB
CUST_005238,UNIQ_005238,24449,aracaju,SE
CUST_005239,UNIQ_005239,84329,campo grande,MS
CUST_005240,UNIQ_005240,34331,manaus,AM
CUST_005241,UNIQ_005241,17730,manaus,AM
CUST_005242,UNIQ_005242,35150,curitiba,PR
CUST_005243,UNIQ_005243,63581,porto alegre,RS
CUST_005244,UNIQ_005244,92160,campo grande,MS
CUST_005245,UNIQ_005245,24312,porto velho,RO
CUST_005246,UNIQ_005246,20460,curitiba,PR
CUST_005247,UNIQ_005247,21233,belem,PA
CUST_005248,UNIQ_005248,26342,natal,RN
CUST_005249,UNIQ_005249,18423,porto alegre,RS
CUST_005250,UNIQ_005250,13888,goiania,GO
CUST_005251,UNIQ_005251,40773,cuiaba,MT
CUST_005252,UNIQ_005252,73595,joao pessoa,PB
CUST_005253,UNIQ_005253,11246,salvador,BA
CUST_005254,UNIQ_005254,44875,rio de janeiro,RJ
CUST_005255,UNIQ_005255,97205,sao paulo,SP
CUST_005256,UNIQ_005256,15486,cuiaba,MT
CUST_005257,UNIQ_005257,37665,salvador,BA
CUST_005258,UNIQ_005258,10951,aracaju,SE
CUST_005259,UNIQ_005259,89034,natal,RN
CUST_005260,UNIQ_005260,44843,aracaju,SE
CUST_005261,UNIQ_005261,72027,joao pessoa,PB
CUST_005262,UNIQ_005262,89216,goiania,GO
CUST_005263,UNIQ_005263,54112,teresina,PI
CUST_005264,UNIQ_005264,99372,florianopolis,SC
CUST_005265,UNIQ_005265,51317,goiania,GO
CUST_005266,UNIQ_005266,57344,recife,PE
CUST_005267,UNIQ_005267,59602,natal,RN
CUST_005268,UNIQ_005268,17502,porto velho,RO
CUST_005269,UNIQ_005269,53287,florianopolis,SC
CUST_005270,UNIQ_005270,10404,salvador,BA
CUST_005271,UNIQ_005271,62665,campo grande,MS
CUST_005272,UNIQ_005272,13365,fortaleza,CE
CUST_005273,UNIQ_005273,26108,porto velho,RO
CUST_005274,UNIQ_005274,46630,aracaju,SE
CUST_005275,UNIQ_005275,58290,recife,PE
CUST_005276,UNIQ_005276,91048,campo grande,MS
CUST_005277,UNIQ_005277,77490,joao pessoa,PB
CUST_005278,UNIQ_005278,96537,teresina,PI
CUST_005279,UNIQ_005279,10410,manaus,AM
CUST_005280,UNIQ_005280,12179,goiania,GO
CUST_005281,UNIQ_005281,15997,florianopolis,SC
CUST_005282,UNIQ_005282,98857,goiania,GO
CUST_005283,UNIQ_005283,40612,campo grande,MS
CUST_005284,UNIQ_005284,73509,porto velho,RO
CUST_005285,UNIQ_005285,90293,natal,RN
CUST_005286,UNIQ_005286,55656,belo horizonte,MG
CUST_005287,UNIQ_005287,72406,teresina,PI
CUST_005288,UNIQ_005288,60444,salvador,BA
CUST_005289,UNIQ_005289,89583,belem,PA
CUST_005290,UNIQ_005290,28764,manaus,AM
CUST_005291,UNIQ_005291,84959,aracaju,SE
CUST_005292,UNIQ_005292,14160,aracaju,SE
CUST_005293,UNIQ_005293,75264,fortaleza,CE
CUST_005294,UNIQ_005294,49498,belo horizonte,MG
CUST_005295,UNIQ_005295,71184,maceio,AL
CUST_005296,UNIQ_005296,68495,curitiba,PR
CUST_005297,UNIQ_005297,73198,salvador,BA
CUST_005298,UNIQ_005298,41575,maceio,AL
CUST_005299,UNIQ_005299,37740,recife,PE
CUST_005300,UNIQ_005300,96474,curitiba,PR
CUST_005301,UNIQ_005301,23824,belo horizonte,MG
CUST_005302,UNIQ_005302,13830,teresina,PI
CUST_005303,UNIQ_005303,52795,curitiba,PR
CUST_005304,UNIQ_005304,46747,natal,RN
CUST_005305,UNIQ_005305,43767,recife,PE
CUST_005306,UNIQ_005306,97897,joao pessoa,PB
CUST_005307,UNIQ_005307,97225,salvador,BA
CUST_005308,UNIQ_005308,80063,fortaleza,CE
CUST_005309,UNIQ_005309,21854,joao pessoa,PB
CUST_005310,UNIQ_005310,39334,goiania,GO
CUST_005311,UNIQ_005311,88732,cuiaba,MT
CUST_005312,UNIQ_005312,94408,belo horizonte,MG
CUST_005313,UNIQ_005313,59415,goiania,GO
CUST_005314,UNIQ_005314,95710,natal,RN
CUST_005315,UNIQ_005315,67273,maceio,AL
CUST_005316,UNIQ_005316,39301,recife,PE
CUST_005317,UNIQ_005317,25163,porto alegre,RS
CUST_005318,UNIQ_005318,21492,belem,PA
CUST_005319,UNIQ_005319,21683,salvador,BA
CUST_005320,UNIQ_005320,87620,goiania,GO
CUST_005321,UNIQ_005321,25218,manaus,AM
CUST_005322,UNIQ_005322,58200,cuiaba,MT
CUST_005323,UNIQ_005323,51074,fortaleza,CE
CUST_005324,UNIQ_005324,85617,natal,RN
CUST_005325,UNIQ_005325,50737,sao paulo,SP
CUST_005326,UNIQ_005326,87340,rio de janeiro,RJ
CUST_005327,UNIQ_005327,34885,maceio,AL
CUST_005328,UNIQ_005328,65535,natal,RN
CUST_005329,UNIQ_005329,57844,goiania,GO
CUST_005330,UNIQ_005330,78124,fortaleza,CE
CUST_005331,UNIQ_005331,87434,porto velho,RO
CUST_005332,UNIQ_005332,23970,recife,PE
CUST_005333,UNIQ_005333,11204,natal,RN
CUST_005334,UNIQ_005334,70372,maceio,AL
CUST_005335,UNIQ_005335,28966,goiania,GO
CUST_005336,UNIQ_005336,38692,belem,PA
CUST_005337,UNIQ_005337,99126,joao pessoa,PB
CUST_005338,UNIQ_005338,29323,campo grande,MS
CUST_005339,UNIQ_005339,47144,porto velho,RO
CUST_005340,UNIQ_005340,97208,fortaleza,CE
CUST_005341,UNIQ_005341,88496,rio de janeiro,RJ
CUST_005342,UNIQ_005342,50487,goiania,GO
CUST_005343,UNIQ_005343,26182,aracaju,SE
CUST_005344,UNIQ_005344,85231,porto alegre,RS
CUST_005345,UNIQ_005345,92716,joao pessoa,PB
CUST_005346,UNIQ_005346,74883,manaus,AM
CUST_005347,UNIQ_005347,59375,belem,PA
CUST_005348,UNIQ_005348,53665,rio de janeiro,RJ
CUST_005349,UNIQ_005349,37605,fortaleza,CE
CUST_005350,UNIQ_005350,16889,recife,PE
CUST_005351,UNIQ_005351,73898,curitiba,PR
CUST_005352,UNIQ_005352,49203,natal,RN
CUST_005353,UNIQ_005353,12826,curitiba,PR
CUST_005354,UNIQ_005354,61417,maceio,AL
CUST_005355,UNIQ_005355,65369,goiania,GO
CUST_005356,UNIQ_005356,55653,joao pessoa,PB
CUST_005357,UNIQ_005357,61257,natal,RN
CUST_005358,UNIQ_005358,79185,belo horizonte,MG
CUST_005359,UNIQ_005359,47010,belem,PA
CUST_005360,UNIQ_005360,81828,manaus,AM
CUST_005361,UNIQ_005361,22755,natal,RN
CUST_005362,UNIQ_005362,52391,fortaleza,CE
CUST_005363,UNIQ_005363,17094,cuiaba,MT
CUST_005364,UNIQ_005364,69969,belem,PA
CUST_005365,UNIQ_005365,85649,curitiba,PR
CUST_005366,UNIQ_005366,67918,fortaleza,CE
CUST_005367,UNIQ_005367,48152,joao pessoa,PB
CUST_005368,UNIQ_005368,37494,fortaleza,CE
CUST_005369,UNIQ_005369,35644,manaus,AM
CUST_005370,UNIQ_005370,57477,sao paulo,SP
CUST_005371,UNIQ_005371,23362,cuiaba,MT
CUST_005372,UNIQ_005372,59355,fortaleza,CE
CUST_005373,UNIQ_005373,99056,teresina,PI
CUST_005374,UNIQ_005374,17383,curitiba,PR
CUST_005375,UNIQ_005375,56607,salvador,BA
CUST_005376,UNIQ_005376,33544,joao pessoa,PB
CUST_005377,UNIQ_005377,25380,rio de janeiro,RJ
CUST_005378,UNIQ_005378,95209,aracaju,SE
CUST_005379,UNIQ_005379,87777,goiania,GO
CUST_005380,UNIQ_005380,29473,teresina,PI
CUST_005381,UNIQ_005381,42112,natal,RN
CUST_005382,UNIQ_005382,25571,rio de janeiro,RJ
CUST_005383,UNIQ_005383,61989,recife,PE
CUST_005384,UNIQ_005384,49674,joao pessoa,PB
CUST_005385,UNIQ_005385,32608,porto velho,RO
CUST_005386,UNIQ_005386,97914,natal,RN
CUST_005387,UNIQ_005387,70774,belo horizonte,MG
CUST_005388,UNIQ_005388,46073,natal,RN
CUST_005389,UNIQ_005389,58145,campo grande,MS
CUST_005390,UNIQ_005390,25728,sao paulo,SP
CUST_005391,UNIQ_005391,20831,salvador,BA
CUST_005392,UNIQ_005392,74122,salvador,BA
CUST_005393,UNIQ_005393,39482,aracaju,SE
CUST_005394,UNIQ_005394,86919,sao paulo,SP
CUST_005395,UNIQ_005395,85055,cuiaba,MT
CUST_005396,UNIQ_005396,45877,joao pessoa,PB
CUST_005397,UNIQ_005397,87709,salvador,BA
CUST_005398,UNIQ_005398,60326,curitiba,PR
CUST_005399,UNIQ_005399,94488,joao pessoa,PB
CUST_005400,UNIQ_005400,49107,teresina,PI
CUST_005401,UNIQ_005401,26414,cuiaba,MT
CUST_005402,UNIQ_005402,52628,salvador,BA
CUST_005403,UNIQ_005403,80452,belo horizonte,MG
CUST_005404,UNIQ_005404,63127,curitiba,PR
CUST_005405,UNIQ_005405,61615,sao paulo,SP
CUST_005406,UNIQ_005406,80309,maceio,AL
CUST_005407,UNIQ_005407,74036,aracaju,SE
CUST_005408,UNIQ_005408,78013,belo horizonte,MG
CUST_005409,UNIQ_005409,80645,cuiaba,MT
CUST_005410,UNIQ_005410,37192,salvador,BA
CUST_005411,UNIQ_005411,33680,salvador,BA
CUST_005412,UNIQ_005412,33584,porto velho,RO
CUST_005413,UNIQ_005413,82708,sao paulo,SP
CUST_005414,UNIQ_005414,51195,campo grande,MS
CUST_005415,UNIQ_005415,15130,salvador,BA
CUST_005416,UNIQ_005416,85377,fortaleza,CE
CUST_005417,UNIQ_005417,95542,manaus,AM
CUST_005418,UNIQ_005418,21510,curitiba,PR
CUST_005419,UNIQ_005419,43654,maceio,AL
CUST_005420,UNIQ_005420,21090,rio de janeiro,RJ
CUST_005421,UNIQ_005421,76341,salvador,BA
CUST_005422,UNIQ_005422,57652,belem,PA
CUST_005423,UNIQ_005423,32492,maceio,AL
CUST_005424,UNIQ_005424,96266,teresina,PI
CUST_005425,UNIQ_005425,42550,sao paulo,SP
CUST_005426,UNIQ_005426,16051,belem,PA
CUST_005427,UNIQ_005427,48456,aracaju,SE
CUST_005428,UNIQ_005428,68316,maceio,AL
CUST_005429,UNIQ_005429,85637,fortaleza,CE
CUST_005430,UNIQ_005430,51017,joao pessoa,PB
CUST_005431,UNIQ_005431,56152,aracaju,SE
CUST_005432,UNIQ_005432,80544,porto velho,RO
CUST_005433,UNIQ_005433,37504,aracaju,SE
CUST_005434,UNIQ_005434,96850,salvador,BA
CUST_005435,UNIQ_005435,41077,rio de janeiro,RJ
CUST_005436,UNIQ_005436,34651,rio de janeiro,RJ
CUST_005437,UNIQ_005437,49283,fortaleza,CE
CUST_005438,UNIQ_005438,27590,manaus,AM
CUST_005439,UNIQ_005439,82361,porto velho,RO
CUST_005440,UNIQ_005440,87566,manaus,AM
CUST_005441,UNIQ_005441,46358,florianopolis,SC
CUST_005442,UNIQ_005442,91567,fortaleza,CE
CUST_005443,UNIQ_005443,19746,teresina,PI
CUST_005444,UNIQ_005444,43419,maceio,AL
CUST_005445,UNIQ_005445,60040,porto alegre,RS
CUST_005446,UNIQ_005446,62436,curitiba,PR
CUST_005447,UNIQ_005447,20912,campo grande,MS
CUST_005448,UNIQ_005448,98673,porto alegre,RS
CUST_005449,UNIQ_005449,28775,teresina,PI
CUST_005450,UNIQ_005450,36707,maceio,AL
CUST_005451,UNIQ_005451,92518,belo horizonte,MG
CUST_005452,UNIQ_005452,92984,porto alegre,RS
CUST_005453,UNIQ_005453,58777,manaus,AM
CUST_005454,UNIQ_005454,96155,cuiaba,MT
CUST_005455,UNIQ_005455,89291,aracaju,SE
CUST_005456,UNIQ_005456,65009,curitiba,PR
CUST_005457,UNIQ_005457,51465,fortaleza,CE
CUST_005458,UNIQ_005458,59668,teresina,PI
CUST_005459,UNIQ_005459,89116,sao paulo,SP
CUST_005460,UNIQ_005460,20161,recife,PE
CUST_005461,UNIQ_005461,26334,porto alegre,RS
CUST_005462,UNIQ_005462,24416,maceio,AL
CUST_005463,UNIQ_005463,63317,maceio,AL
CUST_005464,UNIQ_005464,53169,belo horizonte,MG
CUST_005465,UNIQ_005465,57555,belo horizonte,MG
CUST_005466,UNIQ_005466,45815,goiania,GO
CUST_005467,UNIQ_005467,39591,fortaleza,CE
CUST_005468,UNIQ_005468,11292,porto alegre,RS
CUST_005469,UNIQ_005469,59434,salvador,BA
CUST_005470,UNIQ_005470,59628,recife,PE
CUST_005471,UNIQ_005471,26187,salvador,BA
CUST_005472,UNIQ_005472,79006,curitiba,PR
CUST_005473,UNIQ_005473,87178,belem,PA
CUST_005474,UNIQ_005474,22522,joao pessoa,PB
CUST_005475,UNIQ_005475,55731,aracaju,SE
CUST_005476,UNIQ_005476,46961,cuiaba,MT
CUST_005477,UNIQ_005477,45527,maceio,AL
CUST_005478,UNIQ_005478,22984,porto velho,RO
CUST_005479,UNIQ_005479,32380,rio de janeiro,RJ
CUST_005480,UNIQ_005480,61060,goiania,GO
CUST_005481,UNIQ_005481,55242,curitiba,PR
CUST_005482,UNIQ_005482,82308,maceio,AL
CUST_005483,UNIQ_005483,62776,porto velho,RO
CUST_005484,UNIQ_005484,87635,joao pessoa,PB
CUST_005485,UNIQ_005485,43955,fortaleza,CE
CUST_005486,UNIQ_005486,77314,sao paulo,SP
CUST_005487,UNIQ_005487,96188,fortaleza,CE
CUST_005488,UNIQ_005488,28700,fortaleza,CE
CUST_005489,UNIQ_005489,84391,natal,RN
CUST_005490,UNIQ_005490,16929,porto alegre,RS
CUST_005491,UNIQ_005491,42651,florianopolis,SC
CUST_005492,UNIQ_005492,64820,porto velho,RO
CUST_005493,UNIQ_005493,33999,campo grande,MS
CUST_005494,UNIQ_005494,56399,campo grande,MS
CUST_005495,UNIQ_005495,75828,campo grande,MS
CUST_005496,UNIQ_005496,46152,belem,PA
CUST_005497,UNIQ_005497,78235,teresina,PI
CUST_005498,UNIQ_005498,50001,recife,PE
CUST_005499,UNIQ_005499,50063,belo horizonte,MG
CUST_005500,UNIQ_005500,50991,teresina,PI
CUST_005501,UNIQ_005501,93188,belo horizonte,MG
CUST_005502,UNIQ_005502,20052,belo horizonte,MG
CUST_005503,UNIQ_005503,22272,recife,PE
CUST_005504,UNIQ_005504,85407,curitiba,PR
CUST_005505,UNIQ_005505,21086,rio de janeiro,RJ
CUST_005506,UNIQ_005506,82634,belem,PA
CUST_005507,UNIQ_005507,11401,joao pessoa,PB
CUST_005508,UNIQ_005508,98740,teresina,PI
CUST_005509,UNIQ_005509,27881,aracaju,SE
CUST_005510,UNIQ_005510,75248,joao pessoa,PB
CUST_005511,UNIQ_005511,99800,aracaju,SE
CUST_005512,UNIQ_005512,26343,maceio,AL
CUST_005513,UNIQ_005513,11821,natal,RN
CUST_005514,UNIQ_005514,34927,porto velho,RO
CUST_005515,UNIQ_005515,65702,sao paulo,SP
CUST_005516,UNIQ_005516,55227,maceio,AL
CUST_005517,UNIQ_005517,96661,recife,PE
CUST_005518,UNIQ_005518,99663,aracaju,SE
CUST_005519,UNIQ_005519,15551,porto velho,RO
CUST_005520,UNIQ_005520,68805,porto velho,RO
CUST_005521,UNIQ_005521,98410,curitiba,PR
CUST_005522,UNIQ_005522,39500,aracaju,SE
CUST_005523,UNIQ_005523,19846,curitiba,PR
CUST_005524,UNIQ_005524,27474,florianopolis,SC
CUST_005525,UNIQ_005525,56306,aracaju,SE
CUST_005526,UNIQ_005526,65407,rio de janeiro,RJ
CUST_005527,UNIQ_005527,59688,joao pessoa,PB
CUST_005528,UNIQ_005528,58927,curitiba,PR
CUST_005529,UNIQ_005529,54296,salvador,BA
CUST_005530,UNIQ_005530,80663,recife,PE
CUST_005531,UNIQ_005531,48019,salvador,BA
CUST_005532,UNIQ_005532,73324,belem,PA
CUST_005533,UNIQ_005533,44701,belem,PA
CUST_005534,UNIQ_005534,10292,manaus,AM
CUST_005535,UNIQ_005535,61592,cuiaba,MT
CUST_005536,UNIQ_005536,49953,manaus,AM
CUST_005537,UNIQ_005537,14643,aracaju,SE
CUST_005538,UNIQ_005538,90969,campo grande,MS
CUST_005539,UNIQ_005539,17536,joao pessoa,PB
CUST_005540,UNIQ_005540,10772,florianopolis,SC
CUST_005541,UNIQ_005541,70339,porto velho,RO
CUST_005542,UNIQ_005542,49105,goiania,GO
CUST_005543,UNIQ_005543,24046,florianopolis,SC
CUST_005544,UNIQ_005544,55838,sao paulo,SP
CUST_005545,UNIQ_005545,62699,curitiba,PR
CUST_005546,UNIQ_005546,11161,florianopolis,SC
CUST_005547,UNIQ_005547,66466,salvador,BA
CUST_005548,UNIQ_005548,35892,joao pessoa,PB
CUST_005549,UNIQ_005549,79349,belo horizonte,MG
CUST_005550,UNIQ_005550,30147,aracaju,SE
CUST_005551,UNIQ_005551,26232,teresina,PI
CUST_005552,UNIQ_005552,10905,joao pessoa,PB
CUST_005553,UNIQ_005553,96066,fortaleza,CE
CUST_005554,UNIQ_005554,39634,porto alegre,RS
CUST_005555,UNIQ_005555,61820,joao pessoa,PB
CUST_005556,UNIQ_005556,49227,florianopolis,SC
CUST_005557,UNIQ_005557,66143,florianopolis,SC
CUST_005558,UNIQ_005558,80310,curitiba,PR
CUST_005559,UNIQ_005559,24246,porto alegre,RS
CUST_005560,UNIQ_005560,96019,campo grande,MS
CUST_005561,UNIQ_005561,31211,campo grande,MS
CUST_005562,UNIQ_005562,56365,fortaleza,CE
CUST_005563,UNIQ_005563,10761,teresina,PI
CUST_005564,UNIQ_005564,36013,florianopolis,SC
CUST_005565,UNIQ_005565,34846,salvador,BA
CUST_005566,UNIQ_005566,15276,belem,PA
CUST_005567,UNIQ_005567,61713,fortaleza,CE
CUST_005568,UNIQ_005568,53412,teresina,PI
CUST_005569,UNIQ_005569,31012,rio de janeiro,RJ
CUST_005570,UNIQ_005570,72822,manaus,AM
CUST_005571,UNIQ_005571,25570,porto alegre,RS
CUST_005572,UNIQ_005572,74103,teresina,PI
CUST_005573,UNIQ_005573,74955,maceio,AL
CUST_005574,UNIQ_005574,52583,fortaleza,CE
CUST_005575,UNIQ_005575,75779,natal,RN
CUST_005576,UNIQ_005576,27225,natal,RN
CUST_005577,UNIQ_005577,24139,salvador,BA
CUST_005578,UNIQ_005578,26531,sao paulo,SP
CUST_005579,UNIQ_005579,55104,fortaleza,CE
CUST_005580,UNIQ_005580,11788,aracaju,SE
CUST_005581,UNIQ_005581,16820,recife,PE
CUST_005582,UNIQ_005582,66317,goiania,GO
CUST_005583,UNIQ_005583,11052,porto velho,RO
CUST_005584,UNIQ_005584,72939,teresina,PI
CUST_005585,UNIQ_005585,46991,belem,PA
CUST_005586,UNIQ_005586,20828,joao pessoa,PB
CUST_005587,UNIQ_005587,42472,teresina,PI
CUST_005588,UNIQ_005588,29987,porto velho,RO
CUST_005589,UNIQ_005589,34492,aracaju,SE
CUST_005590,UNIQ_005590,46849,recife,PE
CUST_005591,UNIQ_005591,44541,salvador,BA
CUST_005592,UNIQ_005592,97337,recife,PE
CUST_005593,UNIQ_005593,36006,teresina,PI
CUST_005594,UNIQ_005594,23508,joao pessoa,PB
CUST_005595,UNIQ_005595,90098,aracaju,SE
CUST_005596,UNIQ_005596,34729,curitiba,PR
CUST_005597,UNIQ_005597,92432,cuiaba,MT
CUST_005598,UNIQ_005598,40065,fortaleza,CE
CUST_005599,UNIQ_005599,27340,salvador,BA
CUST_005600,UNIQ_005600,15028,natal,RN
CUST_005601,UNIQ_005601,35189,porto alegre,RS
CUST_005602,UNIQ_005602,65876,fortaleza,CE
CUST_005603,UNIQ_005603,90801,sao paulo,SP
CUST_005604,UNIQ_005604,21919,manaus,AM
CUST_005605,UNIQ_005605,59853,rio de janeiro,RJ
CUST_005606,UNIQ_005606,78809,teresina,PI
CUST_005607,UNIQ_005607,93009,belem,PA
CUST_005608,UNIQ_005608,39068,recife,PE
CUST_005609,UNIQ_005609,65846,goiania,GO
CUST_005610,UNIQ_005610,18041,joao pessoa,PB
CUST_005611,UNIQ_005611,65977,aracaju,SE
CUST_005612,UNIQ_005612,49883,rio de janeiro,RJ
CUST_005613,UNIQ_005613,45290,salvador,BA
CUST_005614,UNIQ_005614,46773,florianopolis,SC
CUST_005615,UNIQ_005615,64797,florianopolis,SC
CUST_005616,UNIQ_005616,51922,recife,PE
CUST_005617,UNIQ_005617,33822,rio de janeiro,RJ
CUST_005618,UNIQ_005618,10070,rio de janeiro,RJ
CUST_005619,UNIQ_005619,96563,rio de janeiro,RJ
CUST_005620,UNIQ_005620,37784,goiania,GO
CUST_005621,UNIQ_005621,71873,belem,PA
CUST_005622,UNIQ_005622,89498,porto alegre,RS
CUST_005623,UNIQ_005623,66479,salvador,BA
CUST_005624,UNIQ_005624,43064,curitiba,PR
CUST_005625,UNIQ_005625,57655,joao pessoa,PB
CUST_005626,UNIQ_005626,49892,goiania,GO
CUST_005627,UNIQ_005627,22699,salvador,BA
CUST_005628,UNIQ_005628,99517,sao paulo,SP
CUST_005629,UNIQ_005629,27079,maceio,AL
CUST_005630,UNIQ_005630,57260,goiania,GO
CUST_005631,UNIQ_005631,87189,florianopolis,SC
CUST_005632,UNIQ_005632,89261,aracaju,SE
CUST_005633,UNIQ_005633,41228,florianopolis,SC
CUST_005634,UNIQ_005634,37529,porto alegre,RS
CUST_005635,UNIQ_005635,60338,cuiaba,MT
CUST_005636,UNIQ_005636,23941,belo horizonte,MG
CUST_005637,UNIQ_005637,92517,fortaleza,CE
CUST_005638,UNIQ_005638,25775,porto velho,RO
CUST_005639,UNIQ_005639,86881,rio de janeiro,RJ
CUST_005640,UNIQ_005640,35287,manaus,AM
CUST_005641,UNIQ_005641,22928,campo grande,MS
CUST_005642,UNIQ_005642,81641,belo horizonte,MG
CUST_005643,UNIQ_005643,54944,porto velho,RO
CUST_005644,UNIQ_005644,72154,belem,PA
CUST_005645,UNIQ_005645,79934,manaus,AM
CUST_005646,UNIQ_005646,15742,fortaleza,CE
CUST_005647,UNIQ_005647,35127,fortaleza,CE
CUST_005648,UNIQ_005648,82154,teresina,PI
CUST_005649,UNIQ_005649,83445,porto alegre,RS
CUST_005650,UNIQ_005650,57973,florianopolis,SC
CUST_005651,UNIQ_005651,92557,campo grande,MS
CUST_005652,UNIQ_005652,67163,salvador,BA
CUST_005653,UNIQ_005653,73284,belo horizonte,MG
CUST_005654,UNIQ_005654,78650,teresina,PI
CUST_005655,UNIQ_005655,12867,aracaju,SE
CUST_005656,UNIQ_005656,88532,curitiba,PR
CUST_005657,UNIQ_005657,26899,porto alegre,RS
CUST_005658,UNIQ_005658,15956,belem,PA
CUST_005659,UNIQ_005659,17968,cuiaba,MT
CUST_005660,UNIQ_005660,62100,manaus,AM
CUST_005661,UNIQ_005661,99744,joao pessoa,PB
CUST_005662,UNIQ_005662,77303,maceio,AL
CUST_005663,UNIQ_005663,31694,belo horizonte,MG
CUST_005664,UNIQ_005664,76752,campo grande,MS
CUST_005665,UNIQ_005665,83727,natal,RN
CUST_005666,UNIQ_005666,62540,natal,RN
CUST_005667,UNIQ_005667,45585,porto velho,RO
CUST_005668,UNIQ_005668,34125,manaus,AM
CUST_005669,UNIQ_005669,30971,sao paulo,SP
CUST_005670,UNIQ_005670,38548,cuiaba,MT
CUST_005671,UNIQ_005671,11161,cuiaba,MT
CUST_005672,UNIQ_005672,69695,aracaju,SE
CUST_005673,UNIQ_005673,78822,aracaju,SE
CUST_005674,UNIQ_005674,49768,porto alegre,RS
CUST_005675,UNIQ_005675,48844,recife,PE
CUST_005676,UNIQ_005676,82371,porto alegre,RS
CUST_005677,UNIQ_005677,32427,salvador,BA
CUST_005678,UNIQ_005678,15978,recife,PE
CUST_005679,UNIQ_005679,41223,maceio,AL
CUST_005680,UNIQ_005680,15123,belem,PA
CUST_005681,UNIQ_005681,46406,fortaleza,CE
CUST_005682,UNIQ_005682,45446,fortaleza,CE
CUST_005683,UNIQ_005683,94202,rio de janeiro,RJ
CUST_005684,UNIQ_005684,37521,recife,PE
CUST_005685,UNIQ_005685,25228,maceio,AL
CUST_005686,UNIQ_005686,95019,sao paulo,SP
CUST_005687,UNIQ_005687,92927,florianopolis,SC
CUST_005688,UNIQ_005688,58380,porto velho,RO
CUST_005689,UNIQ_005689,20911,goiania,GO
CUST_005690,UNIQ_005690,44608,maceio,AL
CUST_005691,UNIQ_005691,63522,fortaleza,CE
CUST_005692,UNIQ_005692,48652,porto velho,RO
CUST_005693,UNIQ_005693,17505,goiania,GO
CUST_005694,UNIQ_005694,56593,sao paulo,SP
CUST_005695,UNIQ_005695,46659,recife,PE
CUST_005696,UNIQ_005696,43552,curitiba,PR
CUST_005697,UNIQ_005697,80436,sao paulo,SP
CUST_005698,UNIQ_005698,23951,cuiaba,MT
CUST_005699,UNIQ_005699,95698,natal,RN
CUST_005700,UNIQ_005700,92081,porto alegre,RS
CUST_005701,UNIQ_005701,82204,porto velho,RO
CUST_005702,UNIQ_005702,67958,manaus,AM
CUST_005703,UNIQ_005703,52501,recife,PE
CUST_005704,UNIQ_005704,36728,porto alegre,RS
CUST_005705,UNIQ_005705,92549,cuiaba,MT
CUST_005706,UNIQ_005706,30400,natal,RN
CUST_005707,UNIQ_005707,40372,campo grande,MS
CUST_005708,UNIQ_005708,58318,teresina,PI
CUST_005709,UNIQ_005709,72784,fortaleza,CE
CUST_005710,UNIQ_005710,75006,belo horizonte,MG
CUST_005711,UNIQ_005711,70213,curitiba,PR
CUST_005712,UNIQ_005712,33083,curitiba,PR
CUST_005713,UNIQ_005713,84666,manaus,AM
CUST_005714,UNIQ_005714,33646,joao pessoa,PB
CUST_005715,UNIQ_005715,12758,belem,PA
CUST_005716,UNIQ_005716,31354,belem,PA
CUST_005717,UNIQ_005717,61668,curitiba,PR
CUST_005718,UNIQ_005718,34621,porto velho,RO
CUST_005719,UNIQ_005719,28811,belo horizonte,MG
CUST_005720,UNIQ_005720,65888,belo horizonte,MG
CUST_005721,UNIQ_005721,69640,recife,PE
CUST_005722,UNIQ_005722,23137,natal,RN
CUST_005723,UNIQ_005723,27995,aracaju,SE
CUST_005724,UNIQ_005724,89074,sao paulo,SP
CUST_005725,UNIQ_005725,59528,salvador,BA
CUST_005726,UNIQ_005726,12715,natal,RN
CUST_005727,UNIQ_005727,11776,salvador,BA
CUST_005728,UNIQ_005728,27324,rio de janeiro,RJ
CUST_005729,UNIQ_005729,20957,recife,PE
CUST_005730,UNIQ_005730,28695,porto alegre,RS
CUST_005731,UNIQ_005731,11769,porto velho,RO
CUST_005732,UNIQ_005732,23938,sao paulo,SP
CUST_005733,UNIQ_005733,54353,maceio,AL
CUST_005734,UNIQ_005734,36518,belo horizonte,MG
CUST_005735,UNIQ_005735,72970,fortaleza,CE
CUST_005736,UNIQ_005736,68238,cuiaba,MT
CUST_005737,UNIQ_005737,50289,curitiba,PR
CUST_005738,UNIQ_005738,72771,goiania,GO
CUST_005739,UNIQ_005739,41956,fortaleza,CE
CUST_005740,UNIQ_005740,81241,rio de janeiro,RJ
CUST_005741,UNIQ_005741,92245,porto alegre,RS
CUST_005742,UNIQ_005742,26131,maceio,AL
CUST_005743,UNIQ_005743,15836,sao paulo,SP
CUST_005744,UNIQ_005744,81387,salvador,BA
CUST_005745,UNIQ_005745,23443,belem,PA
CUST_005746,UNIQ_005746,64432,aracaju,SE
CUST_005747,UNIQ_005747,10158,fortaleza,CE
CUST_005748,UNIQ_005748,13145,recife,PE
CUST_005749,UNIQ_005749,65985,recife,PE
CUST_005750,UNIQ_005750,29316,natal,RN
CUST_005751,UNIQ_005751,95899,florianopolis,SC
CUST_005752,UNIQ_005752,39607,belem,PA
CUST_005753,UNIQ_005753,24733,natal,RN
CUST_005754,UNIQ_005754,32224,joao pessoa,PB
CUST_005755,UNIQ_005755,39428,salvador,BA
CUST_005756,UNIQ_005756,46937,salvador,BA
CUST_005757,UNIQ_005757,19999,florianopolis,SC
CUST_005758,UNIQ_005758,53741,porto velho,RO
CUST_005759,UNIQ_005759,57250,salvador,BA
CUST_005760,UNIQ_005760,15681,belo horizonte,MG
CUST_005761,UNIQ_005761,29805,porto velho,RO
CUST_005762,UNIQ_005762,66181,curitiba,PR
CUST_005763,UNIQ_005763,53888,aracaju,SE
CUST_005764,UNIQ_005764,33771,porto velho,RO
CUST_005765,UNIQ_005765,29689,teresina,PI
CUST_005766,UNIQ_005766,91888,belem,PA
CUST_005767,UNIQ_005767,55663,belem,PA
CUST_005768,UNIQ_005768,45532,salvador,BA
CUST_005769,UNIQ_005769,96734,joao pessoa,PB
CUST_005770,UNIQ_005770,44786,florianopolis,SC
CUST_005771,UNIQ_005771,10285,belo horizonte,MG
CUST_005772,UNIQ_005772,95964,fortaleza,CE
CUST_005773,UNIQ_005773,51976,fortaleza,CE
CUST_005774,UNIQ_005774,61196,fortaleza,CE
CUST_005775,UNIQ_005775,72709,campo grande,MS
CUST_005776,UNIQ_005776,24832,belo horizonte,MG
CUST_005777,UNIQ_005777,66027,cuiaba,MT
CUST_005778,UNIQ_005778,28961,porto alegre,RS
CUST_005779,UNIQ_005779,52343,belo horizonte,MG
CUST_005780,UNIQ_005780,33838,fortaleza,CE
CUST_005781,UNIQ_005781,56217,natal,RN
CUST_005782,UNIQ_005782,74776,goiania,GO
CUST_005783,UNIQ_005783,73083,teresina,PI
CUST_005784,UNIQ_005784,88871,teresina,PI
CUST_005785,UNIQ_005785,28116,goiania,GO
CUST_005786,UNIQ_005786,60224,recife,PE
CUST_005787,UNIQ_005787,82002,teresina,PI
CUST_005788,UNIQ_005788,80614,joao pessoa,PB
CUST_005789,UNIQ_005789,74566,maceio,AL
CUST_005790,UNIQ_005790,80282,maceio,AL
CUST_005791,UNIQ_005791,60413,recife,PE
CUST_005792,UNIQ_005792,86148,belo horizonte,MG
CUST_005793,UNIQ_005793,79067,teresina,PI
CUST_005794,UNIQ_005794,38748,cuiaba,MT
CUST_005795,UNIQ_005795,40827,belo horizonte,MG
CUST_005796,UNIQ_005796,10375,florianopolis,SC
CUST_005797,UNIQ_005797,12248,manaus,AM
CUST_005798,UNIQ_005798,83187,florianopolis,SC
CUST_005799,UNIQ_005799,27510,joao pessoa,PB
CUST_005800,UNIQ_005800,17808,salvador,BA
CUST_005801,UNIQ_005801,57298,florianopolis,SC
CUST_005802,UNIQ_005802,48626,fortaleza,CE
CUST_005803,UNIQ_005803,28892,campo grande,MS
CUST_005804,UNIQ_005804,65191,maceio,AL
CUST_005805,UNIQ_005805,37621,recife,PE
CUST_005806,UNIQ_005806,17322,recife,PE
CUST_005807,UNIQ_005807,25366,fortaleza,CE
CUST_005808,UNIQ_005808,59474,fortaleza,CE
CUST_005809,UNIQ_005809,65667,sao paulo,SP
CUST_005810,UNIQ_005810,17088,florianopolis,SC
CUST_005811,UNIQ_005811,96867,salvador,BA
CUST_005812,UNIQ_005812,19669,cuiaba,MT
CUST_005813,UNIQ_005813,87847,joao pessoa,PB
CUST_005814,UNIQ_005814,13956,curitiba,PR
CUST_005815,UNIQ_005815,57873,fortaleza,CE
CUST_005816,UNIQ_005816,20353,fortaleza,CE
CUST_005817,UNIQ_005817,20101,recife,PE
CUST_005818,UNIQ_005818,84603,sao paulo,SP
CUST_005819,UNIQ_005819,29623,teresina,PI
CUST_005820,UNIQ_005820,71573,curitiba,PR
CUST_005821,UNIQ_005821,79133,fortaleza,CE
CUST_005822,UNIQ_005822,71628,belem,PA
CUST_005823,UNIQ_005823,54215,teresina,PI
CUST_005824,UNIQ_005824,94521,campo grande,MS
CUST_005825,UNIQ_005825,47587,sao paulo,SP
CUST_005826,UNIQ_005826,30432,salvador,BA
CUST_005827,UNIQ_005827,94207,rio de janeiro,RJ
CUST_005828,UNIQ_005828,89190,rio de janeiro,RJ
CUST_005829,UNIQ_005829,75967,curitiba,PR
CUST_005830,UNIQ_005830,11424,curitiba,PR
CUST_005831,UNIQ_005831,65524,natal,RN
CUST_005832,UNIQ_005832,82634,campo grande,MS
CUST_005833,UNIQ_005833,84981,porto alegre,RS
CUST_005834,UNIQ_005834,50112,aracaju,SE
CUST_005835,UNIQ_005835,65531,recife,PE
CUST_005836,UNIQ_005836,45628,curitiba,PR
CUST_005837,UNIQ_005837,78354,belo horizonte,MG
CUST_005838,UNIQ_005838,26401,natal,RN
CUST_005839,UNIQ_005839,62481,manaus,AM
CUST_005840,UNIQ_005840,17339,porto velho,RO
CUST_005841,UNIQ_005841,61418,recife,PE
CUST_005842,UNIQ_005842,83307,curitiba,PR
CUST_005843,UNIQ_005843,20119,porto velho,RO
CUST_005844,UNIQ_005844,72575,campo grande,MS
CUST_005845,UNIQ_005845,95550,goiania,GO
CUST_005846,UNIQ_005846,59868,natal,RN
CUST_005847,UNIQ_005847,17165,curitiba,PR
CUST_005848,UNIQ_005848,94757,florianopolis,SC
CUST_005849,UNIQ_005849,35523,teresina,PI
CUST_005850,UNIQ_005850,24208,porto alegre,RS
CUST_005851,UNIQ_005851,20198,salvador,BA
CUST_005852,UNIQ_005852,89061,florianopolis,SC
CUST_005853,UNIQ_005853,13676,goiania,GO
CUST_005854,UNIQ_005854,46989,recife,PE
CUST_005855,UNIQ_005855,80984,curitiba,PR
CUST_005856,UNIQ_005856,18561,salvador,BA
CUST_005857,UNIQ_005857,88264,manaus,AM
CUST_005858,UNIQ_005858,50516,sao paulo,SP
CUST_005859,UNIQ_005859,82311,manaus,AM
CUST_005860,UNIQ_005860,93674,manaus,AM
CUST_005861,UNIQ_005861,41501,rio de janeiro,RJ
CUST_005862,UNIQ_005862,21146,porto alegre,RS
CUST_005863,UNIQ_005863,84029,cuiaba,MT
CUST_005864,UNIQ_005864,83890,rio de janeiro,RJ
CUST_005865,UNIQ_005865,15987,joao pessoa,PB
CUST_005866,UNIQ_005866,51232,rio de janeiro,RJ
CUST_005867,UNIQ_005867,50449,belo horizonte,MG
CUST_005868,UNIQ_005868,56746,sao paulo,SP
CUST_005869,UNIQ_005869,62184,belem,PA
CUST_005870,UNIQ_005870,35543,aracaju,SE
CUST_005871,UNIQ_005871,61202,goiania,GO
CUST_005872,UNIQ_005872,26976,florianopolis,SC
CUST_005873,UNIQ_005873,53426,salvador,BA
CUST_005874,UNIQ_005874,76005,teresina,PI
CUST_005875,UNIQ_005875,75821,salvador,BA
CUST_005876,UNIQ_005876,13104,fortaleza,CE
CUST_005877,UNIQ_005877,60084,cuiaba,MT
CUST_005878,UNIQ_005878,86855,joao pessoa,PB
CUST_005879,UNIQ_005879,48026,rio de janeiro,RJ
CUST_005880,UNIQ_005880,29862,curitiba,PR
CUST_005881,UNIQ_005881,20322,campo grande,MS
CUST_005882,UNIQ_005882,40352,belo horizonte,MG
CUST_005883,UNIQ_005883,99320,manaus,AM
CUST_005884,UNIQ_005884,31108,fortaleza,CE
CUST_005885,UNIQ_005885,77672,aracaju,SE
CUST_005886,UNIQ_005886,95379,porto velho,RO
CUST_005887,UNIQ_005887,54749,aracaju,SE
CUST_005888,UNIQ_005888,27196,campo grande,MS
CUST_005889,UNIQ_005889,48121,goiania,GO
CUST_005890,UNIQ_005890,91719,florianopolis,SC
CUST_005891,UNIQ_005891,15244,teresina,PI
CUST_005892,UNIQ_005892,41340,natal,RN
CUST_005893,UNIQ_005893,90004,manaus,AM
CUST_005894,UNIQ_005894,19830,porto velho,RO
CUST_005895,UNIQ_005895,84304,fortaleza,CE
CUST_005896,UNIQ_005896,22767,joao pessoa,PB
CUST_005897,UNIQ_005897,28693,sao paulo,SP
CUST_005898,UNIQ_005898,81714,belem,PA
CUST_005899,UNIQ_005899,75393,belo horizonte,MG
CUST_005900,UNIQ_005900,69612,salvador,BA
CUST_005901,UNIQ_005901,32245,goiania,GO
CUST_005902,UNIQ_005902,31164,belem,PA
CUST_005903,UNIQ_005903,46715,belo horizonte,MG
CUST_005904,UNIQ_005904,57622,cuiaba,MT
CUST_005905,UNIQ_005905,21695,florianopolis,SC
CUST_005906,UNIQ_005906,33486,belo horizonte,MG
CUST_005907,UNIQ_005907,43809,campo grande,MS
CUST_005908,UNIQ_005908,43557,joao pessoa,PB
CUST_005909,UNIQ_005909,95235,campo grande,MS
CUST_005910,UNIQ_005910,26248,fortaleza,CE
CUST_005911,UNIQ_005911,73997,cuiaba,MT
CUST_005912,UNIQ_005912,57641,rio de janeiro,RJ
CUST_005913,UNIQ_005913,62551,belem,PA
CUST_005914,UNIQ_005914,91223,teresina,PI
CUST_005915,UNIQ_005915,67780,fortaleza,CE
CUST_005916,UNIQ_005916,77171,florianopolis,SC
CUST_005917,UNIQ_005917,51110,porto velho,RO
CUST_005918,UNIQ_005918,20943,florianopolis,SC
CUST_005919,UNIQ_005919,76314,teresina,PI
CUST_005920,UNIQ_005920,44449,campo grande,MS
CUST_005921,UNIQ_005921,91345,rio de janeiro,RJ
CUST_005922,UNIQ_005922,42088,rio de janeiro,RJ
CUST_005923,UNIQ_005923,11041,maceio,AL
CUST_005924,UNIQ_005924,23801,fortaleza,CE
CUST_005925,UNIQ_005925,59259,belem,PA
CUST_005926,UNIQ_005926,84728,curitiba,PR
CUST_005927,UNIQ_005927,19565,natal,RN
CUST_005928,UNIQ_005928,60885,recife,PE
CUST_005929,UNIQ_005929,97706,campo grande,MS
CUST_005930,UNIQ_005930,55735,belo horizonte,MG
CUST_005931,UNIQ_005931,71405,campo grande,MS
CUST_005932,UNIQ_005932,70929,maceio,AL
CUST_005933,UNIQ_005933,21248,salvador,BA
CUST_005934,UNIQ_005934,24201,curitiba,PR
CUST_005935,UNIQ_005935,66769,natal,RN
CUST_005936,UNIQ_005936,62628,manaus,AM
CUST_005937,UNIQ_005937,18450,goiania,GO
CUST_005938,UNIQ_005938,54882,goiania,GO
CUST_005939,UNIQ_005939,73739,porto velho,RO
CUST_005940,UNIQ_005940,72419,manaus,AM
CUST_005941,UNIQ_005941,46487,salvador,BA
CUST_005942,UNIQ_005942,15017,campo grande,MS
CUST_005943,UNIQ_005943,30413,maceio,AL
CUST_005944,UNIQ_005944,29072,joao pessoa,PB
CUST_005945,UNIQ_005945,51967,manaus,AM
CUST_005946,UNIQ_005946,14105,cuiaba,MT
CUST_005947,UNIQ_005947,59844,porto velho,RO
CUST_005948,UNIQ_005948,57381,rio de janeiro,RJ
CUST_005949,UNIQ_005949,72050,teresina,PI
CUST_005950,UNIQ_005950,17088,manaus,AM
CUST_005951,UNIQ_005951,13007,manaus,AM
CUST_005952,UNIQ_005952,45369,teresina,PI
CUST_005953,UNIQ_005953,93320,porto alegre,RS
CUST_005954,UNIQ_005954,20956,curitiba,PR
CUST_005955,UNIQ_005955,19077,fortaleza,CE
CUST_005956,UNIQ_005956,63093,porto alegre,RS
CUST_005957,UNIQ_005957,49103,belo horizonte,MG
CUST_005958,UNIQ_005958,65013,campo grande,MS
CUST_005959,UNIQ_005959,38063,aracaju,SE
CUST_005960,UNIQ_005960,34127,porto alegre,RS
CUST_005961,UNIQ_005961,22116,rio de janeiro,RJ
CUST_005962,UNIQ_005962,54829,teresina,PI
CUST_005963,UNIQ_005963,31565,belem,PA
CUST_005964,UNIQ_005964,55780,manaus,AM
CUST_005965,UNIQ_005965,73127,teresina,PI
CUST_005966,UNIQ_005966,80189,joao pessoa,PB
CUST_005967,UNIQ_005967,67250,curitiba,PR
CUST_005968,UNIQ_005968,84752,florianopolis,SC
CUST_005969,UNIQ_005969,11301,natal,RN
CUST_005970,UNIQ_005970,88266,maceio,AL
CUST_005971,UNIQ_005971,20198,manaus,AM
CUST_005972,UNIQ_005972,90807,cuiaba,MT
CUST_005973,UNIQ_005973,52432,fortaleza,CE
CUST_005974,UNIQ_005974,11859,goiania,GO
CUST_005975,UNIQ_005975,70117,fortaleza,CE
CUST_005976,UNIQ_005976,75463,fortaleza,CE
CUST_005977,UNIQ_005977,24890,goiania,GO
CUST_005978,UNIQ_005978,44446,teresina,PI
CUST_005979,UNIQ_005979,10481,aracaju,SE
CUST_005980,UNIQ_005980,26478,campo grande,MS
CUST_005981,UNIQ_005981,93744,campo grande,MS
CUST_005982,UNIQ_005982,22772,cuiaba,MT
CUST_005983,UNIQ_005983,38655,rio de janeiro,RJ
CUST_005984,UNIQ_005984,65073,manaus,AM
CUST_005985,UNIQ_005985,31771,maceio,AL
CUST_005986,UNIQ_005986,59487,porto velho,RO
CUST_005987,UNIQ_005987,55624,manaus,AM
CUST_005988,UNIQ_005988,35055,manaus,AM
CUST_005989,UNIQ_005989,11883,cuiaba,MT
CUST_005990,UNIQ_005990,57683,florianopolis,SC
CUST_005991,UNIQ_005991,49576,sao paulo,SP
CUST_005992,UNIQ_005992,75809,belem,PA
CUST_005993,UNIQ_005993,75422,salvador,BA
CUST_005994,UNIQ_005994,64270,campo grande,MS
CUST_005995,UNIQ_005995,56101,teresina,PI
CUST_005996,UNIQ_005996,81102,florianopolis,SC
CUST_005997,UNIQ_005997,78572,teresina,PI
CUST_005998,UNIQ_005998,24860,goiania,GO
CUST_005999,UNIQ_005999,70138,curitiba,PR
CUST_006000,UNIQ_006000,58905,teresina,PI
CUST_006001,UNIQ_006001,82450,curitiba,PR
CUST_006002,UNIQ_006002,31319,porto velho,RO
CUST_006003,UNIQ_006003,67131,maceio,AL
CUST_006004,UNIQ_006004,47359,natal,RN
CUST_006005,UNIQ_006005,93113,teresina,PI
CUST_006006,UNIQ_006006,91313,belem,PA
CUST_006007,UNIQ_006007,21484,salvador,BA
CUST_006008,UNIQ_006008,21749,salvador,BA
CUST_006009,UNIQ_006009,90774,sao paulo,SP
CUST_006010,UNIQ_006010,23588,teresina,PI
CUST_006011,UNIQ_006011,91766,joao pessoa,PB
CUST_006012,UNIQ_006012,23068,maceio,AL
CUST_006013,UNIQ_006013,75976,campo grande,MS
CUST_006014,UNIQ_006014,14277,cuiaba,MT
CUST_006015,UNIQ_006015,65134,belem,PA
CUST_006016,UNIQ_006016,39213,manaus,AM
CUST_006017,UNIQ_006017,82297,campo grande,MS
CUST_006018,UNIQ_006018,25007,natal,RN
CUST_006019,UNIQ_006019,71548,manaus,AM
CUST_006020,UNIQ_006020,55955,salvador,BA
CUST_006021,UNIQ_006021,64124,campo grande,MS
CUST_006022,UNIQ_006022,10996,natal,RN
CUST_006023,UNIQ_006023,39351,florianopolis,SC
CUST_006024,UNIQ_006024,47172,aracaju,SE
CUST_006025,UNIQ_006025,96334,porto alegre,RS
CUST_006026,UNIQ_006026,50291,porto alegre,RS
CUST_006027,UNIQ_006027,98250,teresina,PI
CUST_006028,UNIQ_006028,10544,recife,PE
CUST_006029,UNIQ_006029,14282,teresina,PI
CUST_006030,UNIQ_006030,13440,sao paulo,SP
CUST_006031,UNIQ_006031,59074,fortaleza,CE
CUST_006032,UNIQ_006032,88636,aracaju,SE
CUST_006033,UNIQ_006033,53920,goiania,GO
CUST_006034,UNIQ_006034,84997,curitiba,PR
CUST_006035,UNIQ_006035,41697,teresina,PI
CUST_006036,UNIQ_006036,61296,maceio,AL
CUST_006037,UNIQ_006037,90775,manaus,AM
CUST_006038,UNIQ_006038,16760,natal,RN
CUST_006039,UNIQ_006039,66243,cuiaba,MT
CUST_006040,UNIQ_006040,93397,fortaleza,CE
CUST_006041,UNIQ_006041,32769,natal,RN
CUST_006042,UNIQ_006042,51697,natal,RN
CUST_006043,UNIQ_006043,30767,aracaju,SE
CUST_006044,UNIQ_006044,40273,teresina,PI
CUST_006045,UNIQ_006045,26558,salvador,BA
CUST_006046,UNIQ_006046,25515,aracaju,SE
CUST_006047,UNIQ_006047,61381,cuiaba,MT
CUST_006048,UNIQ_006048,82470,porto alegre,RS
CUST_006049,UNIQ_006049,52258,curitiba,PR
CUST_006050,UNIQ_006050,22223,manaus,AM
CUST_006051,UNIQ_006051,13360,belo horizonte,MG
CUST_006052,UNIQ_006052,11512,teresina,PI
CUST_006053,UNIQ_006053,30060,cuiaba,MT
CUST_006054,UNIQ_006054,91015,sao paulo,SP
CUST_006055,UNIQ_006055,20324,maceio,AL
CUST_006056,UNIQ_006056,60122,cuiaba,MT
CUST_006057,UNIQ_006057,27111,sao paulo,SP
CUST_006058,UNIQ_006058,93160,campo grande,MS
CUST_006059,UNIQ_006059,34452,florianopolis,SC
CUST_006060,UNIQ_006060,95527,recife,PE
CUST_006061,UNIQ_006061,48918,recife,PE
CUST_006062,UNIQ_006062,80178,manaus,AM
CUST_006063,UNIQ_006063,59559,recife,PE
CUST_006064,UNIQ_006064,96410,porto alegre,RS
CUST_006065,UNIQ_006065,46040,rio de janeiro,RJ
CUST_006066,UNIQ_006066,28844,belo horizonte,MG
CUST_006067,UNIQ_006067,93674,sao paulo,SP
CUST_006068,UNIQ_006068,23555,cuiaba,MT
CUST_006069,UNIQ_006069,70178,salvador,BA
CUST_006070,UNIQ_006070,26080,porto velho,RO
CUST_006071,UNIQ_006071,28590,salvador,BA
CUST_006072,UNIQ_006072,44340,belem,PA
CUST_006073,UNIQ_006073,22160,curitiba,PR
CUST_006074,UNIQ_006074,74781,belo horizonte,MG
CUST_006075,UNIQ_006075,37259,florianopolis,SC
CUST_006076,UNIQ_006076,23195,natal,RN
CUST_006077,UNIQ_006077,12877,joao pessoa,PB
CUST_006078,UNIQ_006078,19643,teresina,PI
CUST_006079,UNIQ_006079,92009,joao pessoa,PB
CUST_006080,UNIQ_006080,37563,belo horizonte,MG
CUST_006081,UNIQ_006081,59185,teresina,PI
CUST_006082,UNIQ_006082,93040,goiania,GO
CUST_006083,UNIQ_006083,31116,campo grande,MS
CUST_006084,UNIQ_006084,49158,curitiba,PR
CUST_006085,UNIQ_006085,33419,sao paulo,SP
CUST_006086,UNIQ_006086,92734,cuiaba,MT
CUST_006087,UNIQ_006087,14122,porto velho,RO
CUST_006088,UNIQ_006088,54932,salvador,BA
CUST_006089,UNIQ_006089,73427,florianopolis,SC
CUST_006090,UNIQ_006090,88642,porto velho,RO
CUST_006091,UNIQ_006091,10657,maceio,AL
CUST_006092,UNIQ_006092,78386,curitiba,PR
CUST_006093,UNIQ_006093,25937,porto alegre,RS
CUST_006094,UNIQ_006094,89444,manaus,AM
CUST_006095,UNIQ_006095,80248,sao paulo,SP
CUST_006096,UNIQ_006096,77894,sao paulo,SP
CUST_006097,UNIQ_006097,29968,aracaju,SE
CUST_006098,UNIQ_006098,57826,manaus,AM
CUST_006099,UNIQ_006099,38437,salvador,BA
CUST_006100,UNIQ_006100,52931,sao paulo,SP
CUST_006101,UNIQ_006101,38804,fortaleza,CE
CUST_006102,UNIQ_006102,26591,belo horizonte,MG
CUST_006103,UNIQ_006103,45870,porto alegre,RS
CUST_006104,UNIQ_006104,36114,joao pessoa,PB
CUST_006105,UNIQ_006105,55685,belo horizonte,MG
CUST_006106,UNIQ_006106,95449,maceio,AL
CUST_006107,UNIQ_006107,71216,belem,PA
CUST_006108,UNIQ_006108,67155,joao pessoa,PB
CUST_006109,UNIQ_006109,62421,aracaju,SE
CUST_006110,UNIQ_006110,42780,manaus,AM
CUST_006111,UNIQ_006111,35936,curitiba,PR
CUST_006112,UNIQ_006112,61488,porto alegre,RS
CUST_006113,UNIQ_006113,86499,salvador,BA
CUST_006114,UNIQ_006114,50840,cuiaba,MT
CUST_006115,UNIQ_006115,36978,curitiba,PR
CUST_006116,UNIQ_006116,66815,joao pessoa,PB
CUST_006117,UNIQ_006117,65540,campo grande,MS
CUST_006118,UNIQ_006118,45608,porto velho,RO
CUST_006119,UNIQ_006119,91646,goiania,GO
CUST_006120,UNIQ_006120,89599,salvador,BA
CUST_006121,UNIQ_006121,66270,natal,RN
CUST_006122,UNIQ_006122,84336,manaus,AM
CUST_006123,UNIQ_006123,59015,florianopolis,SC
CUST_006124,UNIQ_006124,68904,belo horizonte,MG
CUST_006125,UNIQ_006125,14424,curitiba,PR
CUST_006126,UNIQ_006126,43169,aracaju,SE
CUST_006127,UNIQ_006127,63714,cuiaba,MT
CUST_006128,UNIQ_006128,89152,belem,PA
CUST_006129,UNIQ_006129,56170,aracaju,SE
CUST_006130,UNIQ_006130,13924,natal,RN
CUST_006131,UNIQ_006131,33580,salvador,BA
CUST_006132,UNIQ_006132,66280,goiania,GO
CUST_006133,UNIQ_006133,56890,curitiba,PR
CUST_006134,UNIQ_006134,19521,recife,PE
CUST_006135,UNIQ_006135,96108,manaus,AM
CUST_006136,UNIQ_006136,58754,florianopolis,SC
CUST_006137,UNIQ_006137,51215,fortaleza,CE
CUST_006138,UNIQ_006138,11262,salvador,BA
CUST_006139,UNIQ_006139,11428,goiania,GO
CUST_006140,UNIQ_006140,38019,goiania,GO
CUST_006141,UNIQ_006141,84379,campo grande,MS
CUST_006142,UNIQ_006142,40493,goiania,GO
CUST_006143,UNIQ_006143,18681,maceio,AL
CUST_006144,UNIQ_006144,47173,natal,RN
CUST_006145,UNIQ_006145,37810,porto velho,RO
CUST_006146,UNIQ_006146,38503,aracaju,SE
CUST_006147,UNIQ_006147,83525,salvador,BA
CUST_006148,UNIQ_006148,89679,porto alegre,RS
CUST_006149,UNIQ_006149,85228,belo horizonte,MG
CUST_006150,UNIQ_006150,99408,teresina,PI
CUST_006151,UNIQ_006151,51652,teresina,PI
CUST_006152,UNIQ_006152,35971,goiania,GO
CUST_006153,UNIQ_006153,16509,manaus,AM
CUST_006154,UNIQ_006154,75359,joao pessoa,PB
CUST_006155,UNIQ_006155,45968,rio de janeiro,RJ
CUST_006156,UNIQ_006156,25631,teresina,PI
CUST_006157,UNIQ_006157,69347,salvador,BA
CUST_006158,UNIQ_006158,88830,curitiba,PR
CUST_006159,UNIQ_006159,87485,goiania,GO
CUST_006160,UNIQ_006160,40988,natal,RN
CUST_006161,UNIQ_006161,12787,cuiaba,MT
CUST_006162,UNIQ_006162,12337,belem,PA
CUST_006163,UNIQ_006163,10609,cuiaba,MT
CUST_006164,UNIQ_006164,47272,campo grande,MS
CUST_006165,UNIQ_006165,62797,fortaleza,CE
CUST_006166,UNIQ_006166,79922,rio de janeiro,RJ
CUST_006167,UNIQ_006167,15127,aracaju,SE
CUST_006168,UNIQ_006168,94512,goiania,GO
CUST_006169,UNIQ_006169,19103,sao paulo,SP
CUST_006170,UNIQ_006170,22467,joao pessoa,PB
CUST_006171,UNIQ_006171,49452,teresina,PI
CUST_006172,UNIQ_006172,51574,porto alegre,RS
CUST_006173,UNIQ_006173,62473,florianopolis,SC
CUST_006174,UNIQ_006174,82935,belo horizonte,MG
CUST_006175,UNIQ_006175,74725,goiania,GO
CUST_006176,UNIQ_006176,16169,porto velho,RO
CUST_006177,UNIQ_006177,49117,natal,RN
CUST_006178,UNIQ_006178,74662,campo grande,MS
CUST_006179,UNIQ_006179,59008,salvador,BA
CUST_006180,UNIQ_006180,23466,porto velho,RO
CUST_006181,UNIQ_006181,39362,sao paulo,SP
CUST_006182,UNIQ_006182,11362,rio de janeiro,RJ
CUST_006183,UNIQ_006183,23780,fortaleza,CE
CUST_006184,UNIQ_006184,67105,goiania,GO
CUST_006185,UNIQ_006185,32307,recife,PE
CUST_006186,UNIQ_006186,35055,belo horizonte,MG
CUST_006187,UNIQ_006187,80458,florianopolis,SC
CUST_006188,UNIQ_006188,16880,sao paulo,SP
CUST_006189,UNIQ_006189,15646,porto alegre,RS
CUST_006190,UNIQ_006190,16291,salvador,BA
CUST_006191,UNIQ_006191,19835,belem,PA
CUST_006192,UNIQ_006192,53165,porto alegre,RS
CUST_006193,UNIQ_006193,59749,porto velho,RO
CUST_006194,UNIQ_006194,32326,porto alegre,RS
CUST_006195,UNIQ_006195,86474,fortaleza,CE
CUST_006196,UNIQ_006196,25715,campo grande,MS
CUST_006197,UNIQ_006197,51855,fortaleza,CE
CUST_006198,UNIQ_006198,86563,fortaleza,CE
CUST_006199,UNIQ_006199,93480,teresina,PI
CUST_006200,UNIQ_006200,97586,campo grande,MS
CUST_006201,UNIQ_006201,78388,salvador,BA
CUST_006202,UNIQ_006202,41525,aracaju,SE
CUST_006203,UNIQ_006203,72642,cuiaba,MT
CUST_006204,UNIQ_006204,46771,joao pessoa,PB
CUST_006205,UNIQ_006205,73269,goiania,GO
CUST_006206,UNIQ_006206,22032,recife,PE
CUST_006207,UNIQ_006207,48828,porto alegre,RS
CUST_006208,UNIQ_006208,56269,belo horizonte,MG
CUST_006209,UNIQ_006209,41768,maceio,AL
CUST_006210,UNIQ_006210,20225,manaus,AM
CUST_006211,UNIQ_006211,74828,belo horizonte,MG
CUST_006212,UNIQ_006212,37849,rio de janeiro,RJ
CUST_006213,UNIQ_006213,97883,sao paulo,SP
CUST_006214,UNIQ_006214,71361,manaus,AM
CUST_006215,UNIQ_006215,34630,natal,RN
CUST_006216,UNIQ_006216,23701,joao pessoa,PB
CUST_006217,UNIQ_006217,37349,goiania,GO
CUST_006218,UNIQ_006218,79159,cuiaba,MT
CUST_006219,UNIQ_006219,51072,aracaju,SE
CUST_006220,UNIQ_006220,69509,belem,PA
CUST_006221,UNIQ_006221,76127,fortaleza,CE
CUST_006222,UNIQ_006222,27047,salvador,BA
CUST_006223,UNIQ_006223,57663,recife,PE
CUST_006224,UNIQ_006224,69301,natal,RN
CUST_006225,UNIQ_006225,77300,porto velho,RO
CUST_006226,UNIQ_006226,62455,manaus,AM
CUST_006227,UNIQ_006227,18996,manaus,AM
CUST_006228,UNIQ_006228,65455,porto alegre,RS
CUST_006229,UNIQ_006229,99950,curitiba,PR
CUST_006230,UNIQ_006230,85660,belem,PA
CUST_006231,UNIQ_006231,29305,salvador,BA
CUST_006232,UNIQ_006232,24047,campo grande,MS
CUST_006233,UNIQ_006233,41531,salvador,BA
CUST_006234,UNIQ_006234,70404,sao paulo,SP
CUST_006235,UNIQ_006235,44964,curitiba,PR
CUST_006236,UNIQ_006236,72421,sao paulo,SP
CUST_006237,UNIQ_006237,69328,aracaju,SE
CUST_006238,UNIQ_006238,44809,florianopolis,SC
CUST_006239,UNIQ_006239,82129,salvador,BA
CUST_006240,UNIQ_006240,56455,belo horizonte,MG
CUST_006241,UNIQ_006241,37795,teresina,PI
CUST_006242,UNIQ_006242,62026,fortaleza,CE
CUST_006243,UNIQ_006243,66472,aracaju,SE
CUST_006244,UNIQ_006244,53743,aracaju,SE
CUST_006245,UNIQ_006245,67847,rio de janeiro,RJ
CUST_006246,UNIQ_006246,58467,porto alegre,RS
CUST_006247,UNIQ_006247,16440,salvador,BA
CUST_006248,UNIQ_006248,65389,natal,RN
CUST_006249,UNIQ_006249,48535,manaus,AM
CUST_006250,UNIQ_006250,62781,manaus,AM
CUST_006251,UNIQ_006251,87863,curitiba,PR
CUST_006252,UNIQ_006252,79410,porto alegre,RS
CUST_006253,UNIQ_006253,74699,porto velho,RO
CUST_006254,UNIQ_006254,66828,aracaju,SE
CUST_006255,UNIQ_006255,99281,salvador,BA
CUST_006256,UNIQ_006256,94717,rio de janeiro,RJ
CUST_006257,UNIQ_006257,24559,recife,PE
CUST_006258,UNIQ_006258,25097,recife,PE
CUST_006259,UNIQ_006259,14677,rio de janeiro,RJ
CUST_006260,UNIQ_006260,44888,cuiaba,MT
CUST_006261,UNIQ_006261,18630,recife,PE
CUST_006262,UNIQ_006262,23242,maceio,AL
CUST_006263,UNIQ_006263,39683,porto alegre,RS
CUST_006264,UNIQ_006264,63026,porto velho,RO
CUST_006265,UNIQ_006265,61496,natal,RN
CUST_006266,UNIQ_006266,38821,salvador,BA
CUST_006267,UNIQ_006267,74903,porto alegre,RS
CUST_006268,UNIQ_006268,32417,manaus,AM
CUST_006269,UNIQ_006269,55564,manaus,AM
CUST_006270,UNIQ_006270,88159,belem,PA
CUST_006271,UNIQ_006271,10407,belem,PA
CUST_006272,UNIQ_006272,34258,salvador,BA
CUST_006273,UNIQ_006273,91542,aracaju,SE
CUST_006274,UNIQ_006274,50019,joao pessoa,PB
CUST_006275,UNIQ_006275,32312,recife,PE
CUST_006276,UNIQ_006276,99318,goiania,GO
CUST_006277,UNIQ_006277,31842,belo horizonte,MG
CUST_006278,UNIQ_006278,53536,curitiba,PR
CUST_006279,UNIQ_006279,28590,campo grande,MS
CUST_006280,UNIQ_006280,97298,sao paulo,SP
CUST_006281,UNIQ_006281,66088,joao pessoa,PB
CUST_006282,UNIQ_006282,12729,goiania,GO
CUST_006283,UNIQ_006283,44581,curitiba,PR
CUST_006284,UNIQ_006284,32377,belo horizonte,MG
CUST_006285,UNIQ_006285,87857,sao paulo,SP
CUST_006286,UNIQ_006286,72105,florianopolis,SC
CUST_006287,UNIQ_006287,10131,cuiaba,MT
CUST_006288,UNIQ_006288,42441,joao pessoa,PB
CUST_006289,UNIQ_006289,24337,joao pessoa,PB
CUST_006290,UNIQ_006290,12279,rio de janeiro,RJ
CUST_006291,UNIQ_006291,99135,cuiaba,MT
CUST_006292,UNIQ_006292,39922,belem,PA
CUST_006293,UNIQ_006293,75948,aracaju,SE
CUST_006294,UNIQ_006294,29212,curitiba,PR
CUST_006295,UNIQ_006295,23106,salvador,BA
CUST_006296,UNIQ_006296,53997,belem,PA
CUST_006297,UNIQ_006297,74312,campo grande,MS
CUST_006298,UNIQ_006298,81527,florianopolis,SC
CUST_006299,UNIQ_006299,96954,porto alegre,RS
CUST_006300,UNIQ_006300,43231,joao pessoa,PB
CUST_006301,UNIQ_006301,70129,florianopolis,SC
CUST_006302,UNIQ_006302,56219,sao paulo,SP
CUST_006303,UNIQ_006303,53743,belem,PA
CUST_006304,UNIQ_006304,97023,aracaju,SE
CUST_006305,UNIQ_006305,73485,porto velho,RO
CUST_006306,UNIQ_006306,45381,salvador,BA
CUST_006307,UNIQ_006307,93859,aracaju,SE
CUST_006308,UNIQ_006308,29385,sao paulo,SP
CUST_006309,UNIQ_006309,38869,teresina,PI
CUST_006310,UNIQ_006310,56818,fortaleza,CE
CUST_006311,UNIQ_006311,14050,joao pessoa,PB
CUST_006312,UNIQ_006312,85705,recife,PE
CUST_006313,UNIQ_006313,57109,teresina,PI
CUST_006314,UNIQ_006314,21701,manaus,AM
CUST_006315,UNIQ_006315,59516,manaus,AM
CUST_006316,UNIQ_006316,45903,salvador,BA
CUST_006317,UNIQ_006317,68886,maceio,AL
CUST_006318,UNIQ_006318,32931,aracaju,SE
CUST_006319,UNIQ_006319,99006,porto alegre,RS
CUST_006320,UNIQ_006320,53410,florianopolis,SC
CUST_006321,UNIQ_006321,87220,natal,RN
CUST_006322,UNIQ_006322,46208,teresina,PI
CUST_006323,UNIQ_006323,34978,belem,PA
CUST_006324,UNIQ_006324,85958,rio de janeiro,RJ
CUST_006325,UNIQ_006325,54993,aracaju,SE
CUST_006326,UNIQ_006326,26116,porto velho,RO
CUST_006327,UNIQ_006327,69641,teresina,PI
CUST_006328,UNIQ_006328,55481,cuiaba,MT
CUST_006329,UNIQ_006329,24442,belem,PA
CUST_006330,UNIQ_006330,75395,sao paulo,SP
CUST_006331,UNIQ_006331,71121,fortaleza,CE
CUST_006332,UNIQ_006332,78575,fortaleza,CE
CUST_006333,UNIQ_006333,91762,belem,PA
CUST_006334,UNIQ_006334,97073,maceio,AL
CUST_006335,UNIQ_006335,49799,curitiba,PR
CUST_006336,UNIQ_006336,47782,joao pessoa,PB
CUST_006337,UNIQ_006337,48630,belo horizonte,MG
CUST_006338,UNIQ_006338,69488,sao paulo,SP
CUST_006339,UNIQ_006339,38485,rio de janeiro,RJ
CUST_006340,UNIQ_006340,87735,belem,PA
CUST_006341,UNIQ_006341,16972,salvador,BA
CUST_006342,UNIQ_006342,50084,joao pessoa,PB
CUST_006343,UNIQ_006343,66403,sao paulo,SP
CUST_006344,UNIQ_006344,96540,florianopolis,SC
CUST_006345,UNIQ_006345,16540,sao paulo,SP
CUST_006346,UNIQ_006346,28051,porto alegre,RS
CUST_006347,UNIQ_006347,47128,florianopolis,SC
CUST_006348,UNIQ_006348,97205,aracaju,SE
CUST_006349,UNIQ_006349,30321,maceio,AL
CUST_006350,UNIQ_006350,45477,belo horizonte,MG
CUST_006351,UNIQ_006351,35785,fortaleza,CE
CUST_006352,UNIQ_006352,86706,teresina,PI
CUST_006353,UNIQ_006353,48116,belo horizonte,MG
CUST_006354,UNIQ_006354,14212,recife,PE
CUST_006355,UNIQ_006355,56482,joao pessoa,PB
CUST_006356,UNIQ_006356,98932,recife,PE
CUST_006357,UNIQ_006357,65386,natal,RN
CUST_006358,UNIQ_006358,22863,natal,RN
CUST_006359,UNIQ_006359,49586,porto alegre,RS
CUST_006360,UNIQ_006360,50728,porto velho,RO
CUST_006361,UNIQ_006361,83912,curitiba,PR
CUST_006362,UNIQ_006362,98987,teresina,PI
CUST_006363,UNIQ_006363,85781,goiania,GO
CUST_006364,UNIQ_006364,99564,fortaleza,CE
CUST_006365,UNIQ_006365,42770,manaus,AM
CUST_006366,UNIQ_006366,64566,fortaleza,CE
CUST_006367,UNIQ_006367,36151,maceio,AL
CUST_006368,UNIQ_006368,49976,belem,PA
CUST_006369,UNIQ_006369,48972,belo horizonte,MG
CUST_006370,UNIQ_006370,92355,cuiaba,MT
CUST_006371,UNIQ_006371,81543,campo grande,MS
CUST_006372,UNIQ_006372,59278,curitiba,PR
CUST_006373,UNIQ_006373,22588,teresina,PI
CUST_006374,UNIQ_006374,79018,fortaleza,CE
CUST_006375,UNIQ_006375,51059,campo grande,MS
CUST_006376,UNIQ_006376,99805,aracaju,SE
CUST_006377,UNIQ_006377,71391,florianopolis,SC
CUST_006378,UNIQ_006378,66055,florianopolis,SC
CUST_006379,UNIQ_006379,65116,campo grande,MS
CUST_006380,UNIQ_006380,70461,teresina,PI
CUST_006381,UNIQ_006381,83257,sao paulo,SP
CUST_006382,UNIQ_006382,65170,sao paulo,SP
CUST_006383,UNIQ_006383,28426,belo horizonte,MG
CUST_006384,UNIQ_006384,49634,porto velho,RO
CUST_006385,UNIQ_006385,86064,recife,PE
CUST_006386,UNIQ_006386,58904,aracaju,SE
CUST_006387,UNIQ_006387,91381,fortaleza,CE
CUST_006388,UNIQ_006388,84130,maceio,AL
CUST_006389,UNIQ_006389,17017,belem,PA
CUST_006390,UNIQ_006390,26506,natal,RN
CUST_006391,UNIQ_006391,97828,natal,RN
CUST_006392,UNIQ_006392,70661,sao paulo,SP
CUST_006393,UNIQ_006393,70322,aracaju,SE
CUST_006394,UNIQ_006394,21096,rio de janeiro,RJ
CUST_006395,UNIQ_006395,45412,rio de janeiro,RJ
CUST_006396,UNIQ_006396,53710,salvador,BA
CUST_006397,UNIQ_006397,22766,porto velho,RO
CUST_006398,UNIQ_006398,84113,belem,PA
CUST_006399,UNIQ_006399,53425,joao pessoa,PB
CUST_006400,UNIQ_006400,25917,rio de janeiro,RJ
CUST_006401,UNIQ_006401,98396,cuiaba,MT
CUST_006402,UNIQ_006402,16949,aracaju,SE
CUST_006403,UNIQ_006403,77667,manaus,AM
CUST_006404,UNIQ_006404,83668,fortaleza,CE
CUST_006405,UNIQ_006405,27878,joao pessoa,PB
CUST_006406,UNIQ_006406,98562,recife,PE
CUST_006407,UNIQ_006407,49438,fortaleza,CE
CUST_006408,UNIQ_006408,10845,belem,PA
CUST_006409,UNIQ_006409,91744,joao pessoa,PB
CUST_006410,UNIQ_006410,25035,manaus,AM
CUST_006411,UNIQ_006411,10004,belo horizonte,MG
CUST_006412,UNIQ_006412,89140,fortaleza,CE
CUST_006413,UNIQ_006413,78134,salvador,BA
CUST_006414,UNIQ_006414,42401,salvador,BA
CUST_006415,UNIQ_006415,23579,manaus,AM
CUST_006416,UNIQ_006416,13231,joao pessoa,PB
CUST_006417,UNIQ_006417,68171,aracaju,SE
CUST_006418,UNIQ_006418,17294,natal,RN
CUST_006419,UNIQ_006419,49311,salvador,BA
CUST_006420,UNIQ_006420,73402,natal,RN
CUST_006421,UNIQ_006421,40792,curitiba,PR
CUST_006422,UNIQ_006422,44114,maceio,AL
CUST_006423,UNIQ_006423,99302,porto velho,RO
CUST_006424,UNIQ_006424,96266,campo grande,MS
CUST_006425,UNIQ_006425,26147,porto velho,RO
CUST_006426,UNIQ_006426,29168,teresina,PI
CUST_006427,UNIQ_006427,34223,sao paulo,SP
CUST_006428,UNIQ_006428,96175,fortaleza,CE
CUST_006429,UNIQ_006429,32383,recife,PE
CUST_006430,UNIQ_006430,81654,aracaju,SE
CUST_006431,UNIQ_006431,72411,manaus,AM
CUST_006432,UNIQ_006432,48015,joao pessoa,PB
CUST_006433,UNIQ_006433,97495,belem,PA
CUST_006434,UNIQ_006434,87170,salvador,BA
CUST_006435,UNIQ_006435,58147,joao pessoa,PB
CUST_006436,UNIQ_006436,61273,porto alegre,RS
CUST_006437,UNIQ_006437,24068,natal,RN
CUST_006438,UNIQ_006438,64643,campo grande,MS
CUST_006439,UNIQ_006439,29420,teresina,PI
CUST_006440,UNIQ_006440,47148,sao paulo,SP
CUST_006441,UNIQ_006441,25745,campo grande,MS
CUST_006442,UNIQ_006442,61043,cuiaba,MT
CUST_006443,UNIQ_006443,86092,sao paulo,SP
CUST_006444,UNIQ_006444,14467,belem,PA
CUST_006445,UNIQ_006445,68258,porto velho,RO
CUST_006446,UNIQ_006446,56494,rio de janeiro,RJ
CUST_006447,UNIQ_006447,71329,fortaleza,CE
CUST_006448,UNIQ_006448,46294,campo grande,MS
CUST_006449,UNIQ_006449,30750,sao paulo,SP
CUST_006450,UNIQ_006450,75619,florianopolis,SC
CUST_006451,UNIQ_006451,37627,aracaju,SE
CUST_006452,UNIQ_006452,78820,florianopolis,SC
CUST_006453,UNIQ_006453,77245,natal,RN
CUST_006454,UNIQ_006454,32871,belo horizonte,MG
CUST_006455,UNIQ_006455,56119,fortaleza,CE
CUST_006456,UNIQ_006456,54471,cuiaba,MT
CUST_006457,UNIQ_006457,28355,campo grande,MS
CUST_006458,UNIQ_006458,96303,porto alegre,RS
CUST_006459,UNIQ_006459,61633,belem,PA
CUST_006460,UNIQ_006460,94559,belo horizonte,MG
CUST_006461,UNIQ_006461,59351,joao pessoa,PB
CUST_006462,UNIQ_006462,89408,joao pessoa,PB
CUST_006463,UNIQ_006463,85502,curitiba,PR
CUST_006464,UNIQ_006464,96364,aracaju,SE
CUST_006465,UNIQ_006465,43977,aracaju,SE
CUST_006466,UNIQ_006466,52477,fortaleza,CE
CUST_006467,UNIQ_006467,86116,cuiaba,MT
CUST_006468,UNIQ_006468,86610,florianopolis,SC
CUST_006469,UNIQ_006469,62923,porto velho,RO
CUST_006470,UNIQ_006470,15888,belo horizonte,MG
CUST_006471,UNIQ_006471,30863,sao paulo,SP
CUST_006472,UNIQ_006472,22653,recife,PE
CUST_006473,UNIQ_006473,75461,salvador,BA
CUST_006474,UNIQ_006474,52422,joao pessoa,PB
CUST_006475,UNIQ_006475,41013,recife,PE
CUST_006476,UNIQ_006476,32806,salvador,BA
CUST_006477,UNIQ_006477,65057,natal,RN
CUST_006478,UNIQ_006478,18116,belo horizonte,MG
CUST_006479,UNIQ_006479,42831,porto velho,RO
CUST_006480,UNIQ_006480,14904,salvador,BA
CUST_006481,UNIQ_006481,67872,belo horizonte,MG
CUST_006482,UNIQ_006482,89499,florianopolis,SC
CUST_006483,UNIQ_006483,32815,sao paulo,SP
CUST_006484,UNIQ_006484,24111,goiania,GO
CUST_006485,UNIQ_006485,59496,campo grande,MS
CUST_006486,UNIQ_006486,93544,fortaleza,CE
CUST_006487,UNIQ_006487,82937,cuiaba,MT
CUST_006488,UNIQ_006488,35653,manaus,AM
CUST_006489,UNIQ_006489,74369,porto alegre,RS
CUST_006490,UNIQ_006490,98978,campo grande,MS
CUST_006491,UNIQ_006491,39556,belem,PA
CUST_006492,UNIQ_006492,31245,manaus,AM
CUST_006493,UNIQ_006493,79275,teresina,PI
CUST_006494,UNIQ_006494,21274,manaus,AM
CUST_006495,UNIQ_006495,13177,cuiaba,MT
CUST_006496,UNIQ_006496,36678,salvador,BA
CUST_006497,UNIQ_006497,28423,rio de janeiro,RJ
CUST_006498,UNIQ_006498,57128,sao paulo,SP
CUST_006499,UNIQ_006499,84487,teresina,PI
CUST_006500,UNIQ_006500,19432,maceio,AL
CUST_006501,UNIQ_006501,34288,goiania,GO
CUST_006502,UNIQ_006502,75034,aracaju,SE
CUST_006503,UNIQ_006503,37194,manaus,AM
CUST_006504,UNIQ_006504,72093,cuiaba,MT
CUST_006505,UNIQ_006505,56151,aracaju,SE
CUST_006506,UNIQ_006506,91065,florianopolis,SC
CUST_006507,UNIQ_006507,28071,maceio,AL
CUST_006508,UNIQ_006508,67524,belo horizonte,MG
CUST_006509,UNIQ_006509,91981,teresina,PI
CUST_006510,UNIQ_006510,19288,natal,RN
CUST_006511,UNIQ_006511,20242,cuiaba,MT
CUST_006512,UNIQ_006512,77796,fortaleza,CE
CUST_006513,UNIQ_006513,23226,belem,PA
CUST_006514,UNIQ_006514,75367,salvador,BA
CUST_006515,UNIQ_006515,16747,recife,PE
CUST_006516,UNIQ_006516,80849,porto velho,RO
CUST_006517,UNIQ_006517,12954,goiania,GO
CUST_006518,UNIQ_006518,47997,recife,PE
CUST_006519,UNIQ_006519,61173,porto alegre,RS
CUST_006520,UNIQ_006520,18906,florianopolis,SC
CUST_006521,UNIQ_006521,47757,curitiba,PR
CUST_006522,UNIQ_006522,80047,belo horizonte,MG
CUST_006523,UNIQ_006523,41640,cuiaba,MT
CUST_006524,UNIQ_006524,90117,aracaju,SE
CUST_006525,UNIQ_006525,50925,aracaju,SE
CUST_006526,UNIQ_006526,91087,natal,RN
CUST_006527,UNIQ_006527,81557,rio de janeiro,RJ
CUST_006528,UNIQ_006528,86385,salvador,BA
CUST_006529,UNIQ_006529,44478,joao pessoa,PB
CUST_006530,UNIQ_006530,14230,sao paulo,SP
CUST_006531,UNIQ_006531,65234,goiania,GO
CUST_006532,UNIQ_006532,36281,porto alegre,RS
CUST_006533,UNIQ_006533,17784,goiania,GO
CUST_006534,UNIQ_006534,36769,fortaleza,CE
CUST_006535,UNIQ_006535,53202,maceio,AL
CUST_006536,UNIQ_006536,40882,rio de janeiro,RJ
CUST_006537,UNIQ_006537,19556,joao pessoa,PB
CUST_006538,UNIQ_006538,89954,cuiaba,MT
CUST_006539,UNIQ_006539,55330,rio de janeiro,RJ
CUST_006540,UNIQ_006540,64557,belo horizonte,MG
CUST_006541,UNIQ_006541,90272,porto velho,RO
CUST_006542,UNIQ_006542,82276,belo horizonte,MG
CUST_006543,UNIQ_006543,26969,joao pessoa,PB
CUST_006544,UNIQ_006544,15471,porto alegre,RS
CUST_006545,UNIQ_006545,14666,salvador,BA
CUST_006546,UNIQ_006546,76532,joao pessoa,PB
CUST_006547,UNIQ_006547,95240,recife,PE
CUST_006548,UNIQ_006548,66559,florianopolis,SC
CUST_006549,UNIQ_006549,49769,joao pessoa,PB
CUST_006550,UNIQ_006550,12810,recife,PE
CUST_006551,UNIQ_006551,13454,rio de janeiro,RJ
CUST_006552,UNIQ_006552,80016,manaus,AM
CUST_006553,UNIQ_006553,59727,porto velho,RO
CUST_006554,UNIQ_006554,82416,sao paulo,SP
CUST_006555,UNIQ_006555,16834,joao pessoa,PB
CUST_006556,UNIQ_006556,59444,natal,RN
CUST_006557,UNIQ_006557,66324,fortaleza,CE
CUST_006558,UNIQ_006558,82029,teresina,PI
CUST_006559,UNIQ_006559,25149,fortaleza,CE
CUST_006560,UNIQ_006560,25465,campo grande,MS
CUST_006561,UNIQ_006561,58196,porto velho,RO
CUST_006562,UNIQ_006562,35381,florianopolis,SC
CUST_006563,UNIQ_006563,67216,goiania,GO
CUST_006564,UNIQ_006564,41217,rio de janeiro,RJ
CUST_006565,UNIQ_006565,22057,recife,PE
CUST_006566,UNIQ_006566,11317,cuiaba,MT
CUST_006567,UNIQ_006567,64141,recife,PE
CUST_006568,UNIQ_006568,84455,maceio,AL
CUST_006569,UNIQ_006569,11952,rio de janeiro,RJ
CUST_006570,UNIQ_006570,17455,recife,PE
CUST_006571,UNIQ_006571,17425,belo horizonte,MG
CUST_006572,UNIQ_006572,67482,fortaleza,CE
CUST_006573,UNIQ_006573,47040,curitiba,PR
CUST_006574,UNIQ_006574,51173,rio de janeiro,RJ
CUST_006575,UNIQ_006575,88959,florianopolis,SC
CUST_006576,UNIQ_006576,48327,recife,PE
CUST_006577,UNIQ_006577,89445,fortaleza,CE
CUST_006578,UNIQ_006578,72744,natal,RN
CUST_006579,UNIQ_006579,96060,salvador,BA
CUST_006580,UNIQ_006580,20011,belo horizonte,MG
CUST_006581,UNIQ_006581,81256,porto alegre,RS
CUST_006582,UNIQ_006582,74871,manaus,AM
CUST_006583,UNIQ_006583,38873,florianopolis,SC
CUST_006584,UNIQ_006584,49677,campo grande,MS
CUST_006585,UNIQ_006585,82273,florianopolis,SC
CUST_006586,UNIQ_006586,95674,belem,PA
CUST_006587,UNIQ_006587,79054,recife,PE
CUST_006588,UNIQ_006588,51793,porto alegre,RS
CUST_006589,UNIQ_006589,75987,maceio,AL
CUST_006590,UNIQ_006590,17077,salvador,BA
CUST_006591,UNIQ_006591,63848,florianopolis,SC
CUST_006592,UNIQ_006592,73728,porto velho,RO
CUST_006593,UNIQ_006593,20282,porto alegre,RS
CUST_006594,UNIQ_006594,27974,manaus,AM
CUST_006595,UNIQ_006595,40216,aracaju,SE
CUST_006596,UNIQ_006596,82478,belem,PA
CUST_006597,UNIQ_006597,26088,manaus,AM
CUST_006598,UNIQ_006598,28607,florianopolis,SC
CUST_006599,UNIQ_006599,40815,rio de janeiro,RJ
CUST_006600,UNIQ_006600,95184,campo grande,MS
CUST_006601,UNIQ_006601,24973,campo grande,MS
CUST_006602,UNIQ_006602,75392,sao paulo,SP
CUST_006603,UNIQ_006603,45428,rio de janeiro,RJ
CUST_006604,UNIQ_006604,87101,porto alegre,RS
CUST_006605,UNIQ_006605,49375,natal,RN
CUST_006606,UNIQ_006606,17827,belo horizonte,MG
CUST_006607,UNIQ_006607,89920,porto alegre,RS
CUST_006608,UNIQ_006608,74927,natal,RN
CUST_006609,UNIQ_006609,60146,sao paulo,SP
CUST_006610,UNIQ_006610,68198,natal,RN
CUST_006611,UNIQ_006611,39418,rio de janeiro,RJ
CUST_006612,UNIQ_006612,59719,manaus,AM
CUST_006613,UNIQ_006613,96497,curitiba,PR
CUST_006614,UNIQ_006614,79794,teresina,PI
CUST_006615,UNIQ_006615,96560,rio de janeiro,RJ
CUST_006616,UNIQ_006616,14103,belem,PA
CUST_006617,UNIQ_006617,55587,maceio,AL
CUST_006618,UNIQ_006618,89788,sao paulo,SP
CUST_006619,UNIQ_006619,44410,goiania,GO
CUST_006620,UNIQ_006620,38382,cuiaba,MT
CUST_006621,UNIQ_006621,54688,sao paulo,SP
CUST_006622,UNIQ_006622,66895,porto velho,RO
CUST_006623,UNIQ_006623,17486,teresina,PI
CUST_006624,UNIQ_006624,82521,salvador,BA
CUST_006625,UNIQ_006625,98862,natal,RN
CUST_006626,UNIQ_006626,80092,belem,PA
CUST_006627,UNIQ_006627,65552,campo grande,MS
CUST_006628,UNIQ_006628,84488,cuiaba,MT
CUST_006629,UNIQ_006629,44091,aracaju,SE
CUST_006630,UNIQ_006630,59976,curitiba,PR
CUST_006631,UNIQ_006631,41224,campo grande,MS
CUST_006632,UNIQ_006632,11990,fortaleza,CE
CUST_006633,UNIQ_006633,99469,porto alegre,RS
CUST_006634,UNIQ_006634,21211,porto alegre,RS
CUST_006635,UNIQ_006635,81146,recife,PE
CUST_006636,UNIQ_006636,54241,belem,PA
CUST_006637,UNIQ_006637,61721,cuiaba,MT
CUST_006638,UNIQ_006638,90681,rio de janeiro,RJ
CUST_006639,UNIQ_006639,57408,porto alegre,RS
CUST_006640,UNIQ_006640,96406,porto alegre,RS
CUST_006641,UNIQ_006641,95594,porto alegre,RS
CUST_006642,UNIQ_006642,11617,porto velho,RO
CUST_006643,UNIQ_006643,50225,salvador,BA
CUST_006644,UNIQ_006644,96609,cuiaba,MT
CUST_006645,UNIQ_006645,44670,goiania,GO
CUST_006646,UNIQ_006646,68170,curitiba,PR
CUST_006647,UNIQ_006647,12263,campo grande,MS
CUST_006648,UNIQ_006648,11162,campo grande,MS
CUST_006649,UNIQ_006649,14850,campo grande,MS
CUST_006650,UNIQ_006650,72941,florianopolis,SC
CUST_006651,UNIQ_006651,38553,maceio,AL
CUST_006652,UNIQ_006652,17678,teresina,PI
CUST_006653,UNIQ_006653,20426,cuiaba,MT
CUST_006654,UNIQ_006654,89996,porto alegre,RS
CUST_006655,UNIQ_006655,51160,maceio,AL
CUST_006656,UNIQ_006656,67729,belo horizonte,MG
CUST_006657,UNIQ_006657,43817,curitiba,PR
CUST_006658,UNIQ_006658,44018,porto alegre,RS
CUST_006659,UNIQ_006659,26675,joao pessoa,PB
CUST_006660,UNIQ_006660,92619,recife,PE
CUST_006661,UNIQ_006661,29254,curitiba,PR
CUST_006662,UNIQ_006662,95980,porto velho,RO
CUST_006663,UNIQ_006663,40496,rio de janeiro,RJ
CUST_006664,UNIQ_006664,95799,salvador,BA
CUST_006665,UNIQ_006665,34150,rio de janeiro,RJ
CUST_006666,UNIQ_006666,67712,aracaju,SE
CUST_006667,UNIQ_006667,51593,cuiaba,MT
CUST_006668,UNIQ_006668,82536,rio de janeiro,RJ
CUST_006669,UNIQ_006669,17970,recife,PE
CUST_006670,UNIQ_006670,43743,porto alegre,RS
CUST_006671,UNIQ_006671,98917,sao paulo,SP
CUST_006672,UNIQ_006672,80836,florianopolis,SC
CUST_006673,UNIQ_006673,88719,rio de janeiro,RJ
CUST_006674,UNIQ_006674,55839,recife,PE
CUST_006675,UNIQ_006675,20155,salvador,BA
CUST_006676,UNIQ_006676,68171,aracaju,SE
CUST_006677,UNIQ_006677,76982,salvador,BA
CUST_006678,UNIQ_006678,41061,belo horizonte,MG
CUST_006679,UNIQ_006679,52701,manaus,AM
CUST_006680,UNIQ_006680,58674,cuiaba,MT
CUST_006681,UNIQ_006681,19357,teresina,PI
CUST_006682,UNIQ_006682,47104,teresina,PI
CUST_006683,UNIQ_006683,13236,fortaleza,CE
CUST_006684,UNIQ_006684,89556,goiania,GO
CUST_006685,UNIQ_006685,53907,florianopolis,SC
CUST_006686,UNIQ_006686,95456,teresina,PI
CUST_006687,UNIQ_006687,71693,florianopolis,SC
CUST_006688,UNIQ_006688,91515,belem,PA
CUST_006689,UNIQ_006689,31012,sao paulo,SP
CUST_006690,UNIQ_006690,15847,florianopolis,SC
CUST_006691,UNIQ_006691,29669,belem,PA
CUST_006692,UNIQ_006692,13346,cuiaba,MT
CUST_006693,UNIQ_006693,89827,salvador,BA
CUST_006694,UNIQ_006694,51039,manaus,AM
CUST_006695,UNIQ_006695,76608,aracaju,SE
CUST_006696,UNIQ_006696,55095,cuiaba,MT
CUST_006697,UNIQ_006697,59655,manaus,AM
CUST_006698,UNIQ_006698,14272,cuiaba,MT
CUST_006699,UNIQ_006699,59950,fortaleza,CE
CUST_006700,UNIQ_006700,20133,belo horizonte,MG
CUST_006701,UNIQ_006701,84108,recife,PE
CUST_006702,UNIQ_006702,85292,aracaju,SE
CUST_006703,UNIQ_006703,64798,maceio,AL
CUST_006704,UNIQ_006704,25891,maceio,AL
CUST_006705,UNIQ_006705,16741,aracaju,SE
CUST_006706,UNIQ_006706,71909,porto velho,RO
CUST_006707,UNIQ_006707,78201,aracaju,SE
CUST_006708,UNIQ_006708,51541,campo grande,MS
CUST_006709,UNIQ_006709,35562,porto alegre,RS
CUST_006710,UNIQ_006710,48412,cuiaba,MT
CUST_006711,UNIQ_006711,53081,recife,PE
CUST_006712,UNIQ_006712,57443,recife,PE
CUST_006713,UNIQ_006713,69745,recife,PE
CUST_006714,UNIQ_006714,25127,goiania,GO
CUST_006715,UNIQ_006715,68328,recife,PE
CUST_006716,UNIQ_006716,57432,teresina,PI
CUST_006717,UNIQ_006717,56135,belo horizonte,MG
CUST_006718,UNIQ_006718,76275,maceio,AL
CUST_006719,UNIQ_006719,57486,belo horizonte,MG
CUST_006720,UNIQ_006720,89327,joao pessoa,PB
CUST_006721,UNIQ_006721,68847,recife,PE
CUST_006722,UNIQ_006722,40115,teresina,PI
CUST_006723,UNIQ_006723,26420,cuiaba,MT
CUST_006724,UNIQ_006724,42105,maceio,AL
CUST_006725,UNIQ_006725,98356,teresina,PI
CUST_006726,UNIQ_006726,97281,cuiaba,MT
CUST_006727,UNIQ_006727,89370,fortaleza,CE
CUST_006728,UNIQ_006728,47602,porto alegre,RS
CUST_006729,UNIQ_006729,51136,goiania,GO
CUST_006730,UNIQ_006730,20683,salvador,BA
CUST_006731,UNIQ_006731,65184,teresina,PI
CUST_006732,UNIQ_006732,29450,aracaju,SE
CUST_006733,UNIQ_006733,74775,cuiaba,MT
CUST_006734,UNIQ_006734,33581,manaus,AM
CUST_006735,UNIQ_006735,12033,campo grande,MS
CUST_006736,UNIQ_006736,25832,curitiba,PR
CUST_006737,UNIQ_006737,44521,teresina,PI
CUST_006738,UNIQ_006738,71585,maceio,AL
CUST_006739,UNIQ_006739,26567,salvador,BA
CUST_006740,UNIQ_006740,66547,rio de janeiro,RJ
CUST_006741,UNIQ_006741,31880,sao paulo,SP
CUST_006742,UNIQ_006742,27351,belo horizonte,MG
CUST_006743,UNIQ_006743,79377,aracaju,SE
CUST_006744,UNIQ_006744,65359,natal,RN
CUST_006745,UNIQ_006745,26705,florianopolis,SC
CUST_006746,UNIQ_006746,82999,natal,RN
CUST_006747,UNIQ_006747,48455,recife,PE
CUST_006748,UNIQ_006748,54146,salvador,BA
CUST_006749,UNIQ_006749,87526,goiania,GO
CUST_006750,UNIQ_006750,90822,porto velho,RO
CUST_006751,UNIQ_006751,15929,salvador,BA
CUST_006752,UNIQ_006752,56525,belo horizonte,MG
CUST_006753,UNIQ_006753,63592,campo grande,MS
CUST_006754,UNIQ_006754,67106,campo grande,MS
CUST_006755,UNIQ_006755,72535,belem,PA
CUST_006756,UNIQ_006756,34045,fortaleza,CE
CUST_006757,UNIQ_006757,76764,cuiaba,MT
CUST_006758,UNIQ_006758,29956,belo horizonte,MG
CUST_006759,UNIQ_006759,87798,sao paulo,SP
CUST_006760,UNIQ_006760,58480,cuiaba,MT
CUST_006761,UNIQ_006761,59725,campo grande,MS
CUST_006762,UNIQ_006762,67486,goiania,GO
CUST_006763,UNIQ_006763,76672,curitiba,PR
CUST_006764,UNIQ_006764,46608,cuiaba,MT
CUST_006765,UNIQ_006765,40443,salvador,BA
CUST_006766,UNIQ_006766,74656,belem,PA
CUST_006767,UNIQ_006767,16329,goiania,GO
CUST_006768,UNIQ_006768,77853,cuiaba,MT
CUST_006769,UNIQ_006769,85999,aracaju,SE
CUST_006770,UNIQ_006770,65927,aracaju,SE
CUST_006771,UNIQ_006771,52310,belem,PA
CUST_006772,UNIQ_006772,51756,natal,RN
CUST_006773,UNIQ_006773,28769,curitiba,PR
CUST_006774,UNIQ_006774,37614,rio de janeiro,RJ
CUST_006775,UNIQ_006775,78044,teresina,PI
CUST_006776,UNIQ_006776,85384,porto alegre,RS
CUST_006777,UNIQ_006777,51204,porto velho,RO
CUST_006778,UNIQ_006778,55527,salvador,BA
CUST_006779,UNIQ_006779,31704,belem,PA
CUST_006780,UNIQ_006780,47728,salvador,BA
CUST_006781,UNIQ_006781,73784,porto alegre,RS
CUST_006782,UNIQ_006782,39312,campo grande,MS
CUST_006783,UNIQ_006783,47811,curitiba,PR
CUST_006784,UNIQ_006784,89451,porto alegre,RS
CUST_006785,UNIQ_006785,40366,salvador,BA
CUST_006786,UNIQ_006786,28481,porto alegre,RS
CUST_006787,UNIQ_006787,37111,salvador,BA
CUST_006788,UNIQ_006788,76676,maceio,AL
CUST_006789,UNIQ_006789,13584,curitiba,PR
CUST_006790,UNIQ_006790,15209,porto velho,RO
CUST_006791,UNIQ_006791,80505,maceio,AL
CUST_006792,UNIQ_006792,10873,manaus,AM
CUST_006793,UNIQ_006793,13378,joao pessoa,PB
CUST_006794,UNIQ_006794,36626,florianopolis,SC
CUST_006795,UNIQ_006795,84863,belem,PA
CUST_006796,UNIQ_006796,68304,teresina,PI
CUST_006797,UNIQ_006797,26538,aracaju,SE
CUST_006798,UNIQ_006798,48658,campo grande,MS
CUST_006799,UNIQ_006799,25720,salvador,BA
CUST_006800,UNIQ_006800,66657,campo grande,MS
CUST_006801,UNIQ_006801,44479,joao pessoa,PB
CUST_006802,UNIQ_006802,27933,belo horizonte,MG
CUST_006803,UNIQ_006803,97649,porto alegre,RS
CUST_006804,UNIQ_006804,56362,salvador,BA
CUST_006805,UNIQ_006805,39155,belo horizonte,MG
CUST_006806,UNIQ_006806,52875,belo horizonte,MG
CUST_006807,UNIQ_006807,76461,curitiba,PR
CUST_006808,UNIQ_006808,46190,goiania,GO
CUST_006809,UNIQ_006809,92657,campo grande,MS
CUST_006810,UNIQ_006810,98091,aracaju,SE
CUST_006811,UNIQ_006811,51262,belo horizonte,MG
CUST_006812,UNIQ_006812,66803,rio de janeiro,RJ
CUST_006813,UNIQ_006813,78327,salvador,BA
CUST_006814,UNIQ_006814,34955,goiania,GO
CUST_006815,UNIQ_006815,96655,maceio,AL
CUST_006816,UNIQ_006816,93164,rio de janeiro,RJ
CUST_006817,UNIQ_006817,42232,sao paulo,SP
CUST_006818,UNIQ_006818,86853,fortaleza,CE
CUST_006819,UNIQ_006819,38863,natal,RN
CUST_006820,UNIQ_006820,44771,manaus,AM
CUST_006821,UNIQ_006821,29848,joao pessoa,PB
CUST_006822,UNIQ_006822,34524,joao pessoa,PB
CUST_006823,UNIQ_006823,47040,joao pessoa,PB
CUST_006824,UNIQ_006824,36027,fortaleza,CE
CUST_006825,UNIQ_006825,77673,belo horizonte,MG
CUST_006826,UNIQ_006826,10419,manaus,AM
CUST_006827,UNIQ_006827,18816,teresina,PI
CUST_006828,UNIQ_006828,83103,joao pessoa,PB
CUST_006829,UNIQ_006829,37334,porto velho,RO
CUST_006830,UNIQ_006830,15087,curitiba,PR
CUST_006831,UNIQ_006831,44481,teresina,PI
CUST_006832,UNIQ_006832,59845,porto velho,RO
CUST_006833,UNIQ_006833,40764,cuiaba,MT
CUST_006834,UNIQ_006834,73469,florianopolis,SC
CUST_006835,UNIQ_006835,96106,aracaju,SE
CUST_006836,UNIQ_006836,49334,curitiba,PR
CUST_006837,UNIQ_006837,48288,recife,PE
CUST_006838,UNIQ_006838,74254,joao pessoa,PB
CUST_006839,UNIQ_006839,88360,natal,RN
CUST_006840,UNIQ_006840,81226,florianopolis,SC
CUST_006841,UNIQ_006841,48720,joao pessoa,PB
CUST_006842,UNIQ_006842,38695,salvador,BA
CUST_006843,UNIQ_006843,47653,salvador,BA
CUST_006844,UNIQ_006844,68611,teresina,PI
CUST_006845,UNIQ_006845,42426,goiania,GO
CUST_006846,UNIQ_006846,25180,teresina,PI
CUST_006847,UNIQ_006847,70913,curitiba,PR
CUST_006848,UNIQ_006848,96587,goiania,GO
CUST_006849,UNIQ_006849,55557,salvador,BA
CUST_006850,UNIQ_006850,26784,natal,RN
CUST_006851,UNIQ_006851,74117,joao pessoa,PB
CUST_006852,UNIQ_006852,64002,porto velho,RO
CUST_006853,UNIQ_006853,13796,recife,PE
CUST_006854,UNIQ_006854,45117,belem,PA
CUST_006855,UNIQ_006855,38194,aracaju,SE
CUST_006856,UNIQ_006856,17969,teresina,PI
CUST_006857,UNIQ_006857,52361,maceio,AL
CUST_006858,UNIQ_006858,98472,porto alegre,RS
CUST_006859,UNIQ_006859,63900,goiania,GO
CUST_006860,UNIQ_006860,67927,natal,RN
CUST_006861,UNIQ_006861,62255,teresina,PI
CUST_006862,UNIQ_006862,17160,porto alegre,RS
CUST_006863,UNIQ_006863,73636,porto alegre,RS
CUST_006864,UNIQ_006864,54543,recife,PE
CUST_006865,UNIQ_006865,50437,rio de janeiro,RJ
CUST_006866,UNIQ_006866,63714,campo grande,MS
CUST_006867,UNIQ_006867,85039,recife,PE
CUST_006868,UNIQ_006868,80256,curitiba,PR
CUST_006869,UNIQ_006869,91957,manaus,AM
CUST_006870,UNIQ_006870,90386,salvador,BA
CUST_006871,UNIQ_006871,53212,porto velho,RO
CUST_006872,UNIQ_006872,89293,fortaleza,CE
CUST_006873,UNIQ_006873,12610,maceio,AL
CUST_006874,UNIQ_006874,59700,sao paulo,SP
CUST_006875,UNIQ_006875,53684,belo horizonte,MG
CUST_006876,UNIQ_006876,82468,florianopolis,SC
CUST_006877,UNIQ_006877,95843,belo horizonte,MG
CUST_006878,UNIQ_006878,77980,rio de janeiro,RJ
CUST_006879,UNIQ_006879,57460,manaus,AM
CUST_006880,UNIQ_006880,36009,maceio,AL
CUST_006881,UNIQ_006881,80215,curitiba,PR
CUST_006882,UNIQ_006882,40059,natal,RN
CUST_006883,UNIQ_006883,31155,belem,PA
CUST_006884,UNIQ_006884,53450,florianopolis,SC
CUST_006885,UNIQ_006885,38261,teresina,PI
CUST_006886,UNIQ_006886,42598,maceio,AL
CUST_006887,UNIQ_006887,14728,sao paulo,SP
CUST_006888,UNIQ_006888,79016,sao paulo,SP
CUST_006889,UNIQ_006889,75732,salvador,BA
CUST_006890,UNIQ_006890,73556,natal,RN
CUST_006891,UNIQ_006891,30571,rio de janeiro,RJ
CUST_006892,UNIQ_006892,49513,belem,PA
CUST_006893,UNIQ_006893,40147,sao paulo,SP
CUST_006894,UNIQ_006894,14427,recife,PE
CUST_006895,UNIQ_006895,26206,porto alegre,RS
CUST_006896,UNIQ_006896,95888,natal,RN
CUST_006897,UNIQ_006897,27195,natal,RN
CUST_006898,UNIQ_006898,21130,porto alegre,RS
CUST_006899,UNIQ_006899,19684,belo horizonte,MG
CUST_006900,UNIQ_006900,64444,aracaju,SE
CUST_006901,UNIQ_006901,11932,sao paulo,SP
CUST_006902,UNIQ_006902,89281,maceio,AL
CUST_006903,UNIQ_006903,22524,fortaleza,CE
CUST_006904,UNIQ_006904,61265,cuiaba,MT
CUST_006905,UNIQ_006905,89389,manaus,AM
CUST_006906,UNIQ_006906,52431,belem,PA
CUST_006907,UNIQ_006907,77155,teresina,PI
CUST_006908,UNIQ_006908,49603,sao paulo,SP
CUST_006909,UNIQ_006909,70149,porto alegre,RS
CUST_006910,UNIQ_006910,23065,manaus,AM
CUST_006911,UNIQ_006911,95989,porto alegre,RS
CUST_006912,UNIQ_006912,71787,cuiaba,MT
CUST_006913,UNIQ_006913,48173,natal,RN
CUST_006914,UNIQ_006914,22197,teresina,PI
CUST_006915,UNIQ_006915,63258,recife,PE
CUST_006916,UNIQ_006916,46511,maceio,AL
CUST_006917,UNIQ_006917,47279,joao pessoa,PB
CUST_006918,UNIQ_006918,76400,maceio,AL
CUST_006919,UNIQ_006919,60123,recife,PE
CUST_006920,UNIQ_006920,75147,sao paulo,SP
CUST_006921,UNIQ_006921,58855,natal,RN
CUST_006922,UNIQ_006922,24195,maceio,AL
CUST_006923,UNIQ_006923,39368,campo grande,MS
CUST_006924,UNIQ_006924,13262,cuiaba,MT
CUST_006925,UNIQ_006925,40423,natal,RN
CUST_006926,UNIQ_006926,58473,campo grande,MS
CUST_006927,UNIQ_006927,83813,joao pessoa,PB
CUST_006928,UNIQ_006928,94255,salvador,BA
CUST_006929,UNIQ_006929,53572,belem,PA
CUST_006930,UNIQ_006930,92564,fortaleza,CE
CUST_006931,UNIQ_006931,22502,belo horizonte,MG
CUST_006932,UNIQ_006932,32184,maceio,AL
CUST_006933,UNIQ_006933,74200,manaus,AM
CUST_006934,UNIQ_006934,42763,cuiaba,MT
CUST_006935,UNIQ_006935,28524,belo horizonte,MG
CUST_006936,UNIQ_006936,90804,natal,RN
CUST_006937,UNIQ_006937,78603,joao pessoa,PB
CUST_006938,UNIQ_006938,40465,cuiaba,MT
CUST_006939,UNIQ_006939,74673,rio de janeiro,RJ
CUST_006940,UNIQ_006940,63983,porto alegre,RS
CUST_006941,UNIQ_006941,54285,belem,PA
CUST_006942,UNIQ_006942,14785,fortaleza,CE
CUST_006943,UNIQ_006943,84096,goiania,GO
CUST_006944,UNIQ_006944,63285,porto velho,RO
CUST_006945,UNIQ_006945,45146,sao paulo,SP
CUST_006946,UNIQ_006946,83716,manaus,AM
CUST_006947,UNIQ_006947,81511,joao pessoa,PB
CUST_006948,UNIQ_006948,51027,joao pessoa,PB
CUST_006949,UNIQ_006949,52183,recife,PE
CUST_006950,UNIQ_006950,73307,campo grande,MS
CUST_006951,UNIQ_006951,82719,aracaju,SE
CUST_006952,UNIQ_006952,23768,belo horizonte,MG
CUST_006953,UNIQ_006953,20158,teresina,PI
CUST_006954,UNIQ_006954,26683,natal,RN
CUST_006955,UNIQ_006955,31245,sao paulo,SP
CUST_006956,UNIQ_006956,25922,aracaju,SE
CUST_006957,UNIQ_006957,35869,curitiba,PR
CUST_006958,UNIQ_006958,24898,campo grande,MS
CUST_006959,UNIQ_006959,65598,rio de janeiro,RJ
CUST_006960,UNIQ_006960,32376,joao pessoa,PB
CUST_006961,UNIQ_006961,73857,aracaju,SE
CUST_006962,UNIQ_006962,81707,fortaleza,CE
CUST_006963,UNIQ_006963,62350,teresina,PI
CUST_006964,UNIQ_006964,48895,sao paulo,SP
CUST_006965,UNIQ_006965,67079,salvador,BA
CUST_006966,UNIQ_006966,98694,belem,PA
CUST_006967,UNIQ_006967,78482,porto alegre,RS
CUST_006968,UNIQ_006968,90622,goiania,GO
CUST_006969,UNIQ_006969,83899,florianopolis,SC
CUST_006970,UNIQ_006970,28548,curitiba,PR
CUST_006971,UNIQ_006971,78583,belem,PA
CUST_006972,UNIQ_006972,90478,manaus,AM
CUST_006973,UNIQ_006973,78076,florianopolis,SC
CUST_006974,UNIQ_006974,42930,porto velho,RO
CUST_006975,UNIQ_006975,70670,joao pessoa,PB
CUST_006976,UNIQ_006976,53276,manaus,AM
CUST_006977,UNIQ_006977,31527,fortaleza,CE
CUST_006978,UNIQ_006978,72111,aracaju,SE
CUST_006979,UNIQ_006979,51640,sao paulo,SP
CUST_006980,UNIQ_006980,33491,teresina,PI
CUST_006981,UNIQ_006981,71668,fortaleza,CE
CUST_006982,UNIQ_006982,10734,belo horizonte,MG
CUST_006983,UNIQ_006983,34598,belem,PA
CUST_006984,UNIQ_006984,22300,manaus,AM
CUST_006985,UNIQ_006985,70108,maceio,AL
CUST_006986,UNIQ_006986,22414,goiania,GO
CUST_006987,UNIQ_006987,91916,rio de janeiro,RJ
CUST_006988,UNIQ_006988,87916,campo grande,MS
CUST_006989,UNIQ_006989,18751,curitiba,PR
CUST_006990,UNIQ_006990,93406,florianopolis,SC
CUST_006991,UNIQ_006991,39626,maceio,AL
CUST_006992,UNIQ_006992,92420,florianopolis,SC
CUST_006993,UNIQ_006993,35249,sao paulo,SP
CUST_006994,UNIQ_006994,47249,porto alegre,RS
CUST_006995,UNIQ_006995,86607,teresina,PI
CUST_006996,UNIQ_006996,58139,belem,PA
CUST_006997,UNIQ_006997,62857,porto velho,RO
CUST_006998,UNIQ_006998,83546,porto alegre,RS
CUST_006999,UNIQ_006999,94095,maceio,AL
CUST_007000,UNIQ_007000,20154,manaus,AM
CUST_007001,UNIQ_007001,29978,cuiaba,MT
CUST_007002,UNIQ_007002,38369,salvador,BA
CUST_007003,UNIQ_007003,33373,porto alegre,RS
CUST_007004,UNIQ_007004,83880,porto alegre,RS
CUST_007005,UNIQ_007005,26607,salvador,BA
CUST_007006,UNIQ_007006,86980,aracaju,SE
CUST_007007,UNIQ_007007,53274,natal,RN
CUST_007008,UNIQ_007008,87616,cuiaba,MT
CUST_007009,UNIQ_007009,46338,porto velho,RO
CUST_007010,UNIQ_007010,97621,porto velho,RO
CUST_007011,UNIQ_007011,37434,joao pessoa,PB
CUST_007012,UNIQ_007012,10350,curitiba,PR
CUST_007013,UNIQ_007013,38369,recife,PE
CUST_007014,UNIQ_007014,90599,belo horizonte,MG
CUST_007015,UNIQ_007015,28786,fortaleza,CE
CUST_007016,UNIQ_007016,72320,curitiba,PR
CUST_007017,UNIQ_007017,52380,sao paulo,SP
CUST_007018,UNIQ_007018,16840,belo horizonte,MG
CUST_007019,UNIQ_007019,77070,fortaleza,CE
CUST_007020,UNIQ_007020,65758,campo grande,MS
CUST_007021,UNIQ_007021,52872,joao pessoa,PB
CUST_007022,UNIQ_007022,75585,belem,PA
CUST_007023,UNIQ_007023,41558,salvador,BA
CUST_007024,UNIQ_007024,61543,maceio,AL
CUST_007025,UNIQ_007025,60532,natal,RN
CUST_007026,UNIQ_007026,56529,joao pessoa,PB
CUST_007027,UNIQ_007027,78417,belem,PA
CUST_007028,UNIQ_007028,79558,goiania,GO
CUST_007029,UNIQ_007029,89348,belo horizonte,MG
CUST_007030,UNIQ_007030,31773,manaus,AM
CUST_007031,UNIQ_007031,28728,porto alegre,RS
CUST_007032,UNIQ_007032,83464,teresina,PI
CUST_007033,UNIQ_007033,74237,campo grande,MS
CUST_007034,UNIQ_007034,99832,porto alegre,RS
CUST_007035,UNIQ_007035,83125,salvador,BA
CUST_007036,UNIQ_007036,95471,teresina,PI
CUST_007037,UNIQ_007037,33332,florianopolis,SC
CUST_007038,UNIQ_007038,57931,sao paulo,SP
CUST_007039,UNIQ_007039,97823,campo grande,MS
CUST_007040,UNIQ_007040,65584,florianopolis,SC
CUST_007041,UNIQ_007041,90868,manaus,AM
CUST_007042,UNIQ_007042,35032,maceio,AL
CUST_007043,UNIQ_007043,59047,natal,RN
CUST_007044,UNIQ_007044,11398,curitiba,PR
CUST_007045,UNIQ_007045,67944,manaus,AM
CUST_007046,UNIQ_007046,78944,florianopolis,SC
CUST_007047,UNIQ_007047,10735,manaus,AM
CUST_007048,UNIQ_007048,50683,cuiaba,MT
CUST_007049,UNIQ_007049,22334,goiania,GO
CUST_007050,UNIQ_007050,43260,florianopolis,SC
CUST_007051,UNIQ_007051,11703,aracaju,SE
CUST_007052,UNIQ_007052,45786,porto velho,RO
CUST_007053,UNIQ_007053,94832,rio de janeiro,RJ
CUST_007054,UNIQ_007054,94105,porto alegre,RS
CUST_007055,UNIQ_007055,62205,joao pessoa,PB
CUST_007056,UNIQ_007056,43166,rio de janeiro,RJ
CUST_007057,UNIQ_007057,91955,porto alegre,RS
CUST_007058,UNIQ_007058,84996,rio de janeiro,RJ
CUST_007059,UNIQ_007059,71709,sao paulo,SP
CUST_007060,UNIQ_007060,92868,porto velho,RO
CUST_007061,UNIQ_007061,74264,campo grande,MS
CUST_007062,UNIQ_007062,72055,curitiba,PR
CUST_007063,UNIQ_007063,23616,maceio,AL
CUST_007064,UNIQ_007064,58435,rio de janeiro,RJ
CUST_007065,UNIQ_007065,90336,sao paulo,SP
CUST_007066,UNIQ_007066,33187,fortaleza,CE
CUST_007067,UNIQ_007067,20855,fortaleza,CE
CUST_007068,UNIQ_007068,25653,teresina,PI
CUST_007069,UNIQ_007069,68114,rio de janeiro,RJ
CUST_007070,UNIQ_007070,51187,rio de janeiro,RJ
CUST_007071,UNIQ_007071,81314,salvador,BA
CUST_007072,UNIQ_007072,35451,porto alegre,RS
CUST_007073,UNIQ_007073,12185,porto velho,RO
CUST_007074,UNIQ_007074,98079,goiania,GO
CUST_007075,UNIQ_007075,32179,goiania,GO
CUST_007076,UNIQ_007076,58005,cuiaba,MT
CUST_007077,UNIQ_007077,11857,aracaju,SE
CUST_007078,UNIQ_007078,64575,natal,RN
CUST_007079,UNIQ_007079,18513,rio de janeiro,RJ
CUST_007080,UNIQ_007080,75735,manaus,AM
CUST_007081,UNIQ_007081,44948,fortaleza,CE
CUST_007082,UNIQ_007082,32621,belo horizonte,MG
CUST_007083,UNIQ_007083,15833,campo grande,MS
CUST_007084,UNIQ_007084,89761,porto alegre,RS
CUST_007085,UNIQ_007085,76252,manaus,AM
CUST_007086,UNIQ_007086,32671,teresina,PI
CUST_007087,UNIQ_007087,50784,sao paulo,SP
CUST_007088,UNIQ_007088,83473,porto alegre,RS
CUST_007089,UNIQ_007089,25429,florianopolis,SC
CUST_007090,UNIQ_007090,71112,goiania,GO
CUST_007091,UNIQ_007091,21284,cuiaba,MT
CUST_007092,UNIQ_007092,70687,cuiaba,MT
CUST_007093,UNIQ_007093,25238,belo horizonte,MG
CUST_007094,UNIQ_007094,33920,belo horizonte,MG
CUST_007095,UNIQ_007095,34334,belo horizonte,MG
CUST_007096,UNIQ_007096,87483,goiania,GO
CUST_007097,UNIQ_007097,32195,sao paulo,SP
CUST_007098,UNIQ_007098,38511,sao paulo,SP
CUST_007099,UNIQ_007099,70338,florianopolis,SC
CUST_007100,UNIQ_007100,42339,belo horizonte,MG
CUST_007101,UNIQ_007101,99245,belem,PA
CUST_007102,UNIQ_007102,27397,manaus,AM
CUST_007103,UNIQ_007103,16990,belem,PA
CUST_007104,UNIQ_007104,47627,natal,RN
CUST_007105,UNIQ_007105,46564,curitiba,PR
CUST_007106,UNIQ_007106,84060,fortaleza,CE
CUST_007107,UNIQ_007107,64261,goiania,GO
CUST_007108,UNIQ_007108,34673,recife,PE
CUST_007109,UNIQ_007109,36112,porto alegre,RS
CUST_007110,UNIQ_007110,48657,curitiba,PR
CUST_007111,UNIQ_007111,67619,porto alegre,RS
CUST_007112,UNIQ_007112,22112,porto alegre,RS
CUST_007113,UNIQ_007113,56550,joao pessoa,PB
CUST_007114,UNIQ_007114,57659,cuiaba,MT
CUST_007115,UNIQ_007115,94125,florianopolis,SC
CUST_007116,UNIQ_007116,68939,aracaju,SE
CUST_007117,UNIQ_007117,14814,curitiba,PR
CUST_007118,UNIQ_007118,60551,cuiaba,MT
CUST_007119,UNIQ_007119,80510,fortaleza,CE
CUST_007120,UNIQ_007120,37611,cuiaba,MT
CUST_007121,UNIQ_007121,55471,teresina,PI
CUST_007122,UNIQ_007122,37190,belem,PA
CUST_007123,UNIQ_007123,76029,goiania,GO
CUST_007124,UNIQ_007124,45251,maceio,AL
CUST_007125,UNIQ_007125,77275,belo horizonte,MG
CUST_007126,UNIQ_007126,43844,manaus,AM
CUST_007127,UNIQ_007127,71300,manaus,AM
CUST_007128,UNIQ_007128,14121,porto alegre,RS
CUST_007129,UNIQ_007129,77768,salvador,BA
CUST_007130,UNIQ_007130,72286,curitiba,PR
CUST_007131,UNIQ_007131,71242,fortaleza,CE
CUST_007132,UNIQ_007132,52335,cuiaba,MT
CUST_007133,UNIQ_007133,83894,florianopolis,SC
CUST_007134,UNIQ_007134,96285,natal,RN
CUST_007135,UNIQ_007135,14436,cuiaba,MT
CUST_007136,UNIQ_007136,23711,goiania,GO
CUST_007137,UNIQ_007137,11035,florianopolis,SC
CUST_007138,UNIQ_007138,65234,curitiba,PR
CUST_007139,UNIQ_007139,53871,joao pessoa,PB
CUST_007140,UNIQ_007140,94919,goiania,GO
CUST_007141,UNIQ_007141,34525,salvador,BA
CUST_007142,UNIQ_007142,50144,florianopolis,SC
CUST_007143,UNIQ_007143,71189,curitiba,PR
CUST_007144,UNIQ_007144,34400,maceio,AL
CUST_007145,UNIQ_007145,67541,sao paulo,SP
CUST_007146,UNIQ_007146,69827,porto velho,RO
CUST_007147,UNIQ_007147,85492,cuiaba,MT
CUST_007148,UNIQ_007148,62341,teresina,PI
CUST_007149,UNIQ_007149,41927,joao pessoa,PB
CUST_007150,UNIQ_007150,58918,porto alegre,RS
CUST_007151,UNIQ_007151,54286,porto velho,RO
CUST_007152,UNIQ_007152,98939,joao pessoa,PB
CUST_007153,UNIQ_007153,49344,natal,RN
CUST_007154,UNIQ_007154,40710,rio de janeiro,RJ
CUST_007155,UNIQ_007155,24136,aracaju,SE
CUST_007156,UNIQ_007156,65822,teresina,PI
CUST_007157,UNIQ_007157,85692,porto alegre,RS
CUST_007158,UNIQ_007158,87735,natal,RN
CUST_007159,UNIQ_007159,31499,sao paulo,SP
CUST_007160,UNIQ_007160,31808,aracaju,SE
CUST_007161,UNIQ_007161,88230,belem,PA
CUST_007162,UNIQ_007162,36012,aracaju,SE
CUST_007163,UNIQ_007163,28290,cuiaba,MT
CUST_007164,UNIQ_007164,96954,fortaleza,CE
CUST_007165,UNIQ_007165,17051,goiania,GO
CUST_007166,UNIQ_007166,50537,belo horizonte,MG
CUST_007167,UNIQ_007167,55364,fortaleza,CE
CUST_007168,UNIQ_007168,61903,campo grande,MS
CUST_007169,UNIQ_007169,70370,curitiba,PR
CUST_007170,UNIQ_007170,96325,sao paulo,SP
CUST_007171,UNIQ_007171,36267,fortaleza,CE
CUST_007172,UNIQ_007172,49489,curitiba,PR
CUST_007173,UNIQ_007173,20534,belem,PA
CUST_007174,UNIQ_007174,40957,curitiba,PR
CUST_007175,UNIQ_007175,67219,manaus,AM
CUST_007176,UNIQ_007176,42077,belo horizonte,MG
CUST_007177,UNIQ_007177,99746,fortaleza,CE
CUST_007178,UNIQ_007178,59054,maceio,AL
CUST_007179,UNIQ_007179,72566,sao paulo,SP
CUST_007180,UNIQ_007180,55182,curitiba,PR
CUST_007181,UNIQ_007181,71708,salvador,BA
CUST_007182,UNIQ_007182,61648,maceio,AL
CUST_007183,UNIQ_007183,71906,manaus,AM
CUST_007184,UNIQ_007184,70749,natal,RN
CUST_007185,UNIQ_007185,22559,recife,PE
CUST_007186,UNIQ_007186,26843,natal,RN
CUST_007187,UNIQ_007187,27501,goiania,GO
CUST_007188,UNIQ_007188,52875,natal,RN
CUST_007189,UNIQ_007189,98440,belem,PA
CUST_007190,UNIQ_007190,88241,teresina,PI
CUST_007191,UNIQ_007191,80007,natal,RN
CUST_007192,UNIQ_007192,55464,belo horizonte,MG
CUST_007193,UNIQ_007193,97802,joao pessoa,PB
CUST_007194,UNIQ_007194,13525,cuiaba,MT
CUST_007195,UNIQ_007195,89760,recife,PE
CUST_007196,UNIQ_007196,40822,curitiba,PR
CUST_007197,UNIQ_007197,57484,florianopolis,SC
CUST_007198,UNIQ_007198,75726,goiania,GO
CUST_007199,UNIQ_007199,90028,sao paulo,SP
CUST_007200,UNIQ_007200,62190,porto velho,RO
CUST_007201,UNIQ_007201,94617,belo horizonte,MG
CUST_007202,UNIQ_007202,28098,recife,PE
CUST_007203,UNIQ_007203,34637,joao pessoa,PB
CUST_007204,UNIQ_007204,37686,rio de janeiro,RJ
CUST_007205,UNIQ_007205,67068,belem,PA
CUST_007206,UNIQ_007206,54510,belo horizonte,MG
CUST_007207,UNIQ_007207,95726,natal,RN
CUST_007208,UNIQ_007208,65798,curitiba,PR
CUST_007209,UNIQ_007209,47350,fortaleza,CE
CUST_007210,UNIQ_007210,60700,belem,PA
CUST_007211,UNIQ_007211,14564,joao pessoa,PB
CUST_007212,UNIQ_007212,65277,porto alegre,RS
CUST_007213,UNIQ_007213,31435,curitiba,PR
CUST_007214,UNIQ_007214,99435,natal,RN
CUST_007215,UNIQ_007215,23950,aracaju,SE
CUST_007216,UNIQ_007216,20831,campo grande,MS
CUST_007217,UNIQ_007217,99923,florianopolis,SC
CUST_007218,UNIQ_007218,95966,salvador,BA
CUST_007219,UNIQ_007219,11602,natal,RN
CUST_007220,UNIQ_007220,51815,curitiba,PR
CUST_007221,UNIQ_007221,85324,fortaleza,CE
CUST_007222,UNIQ_007222,60330,aracaju,SE
CUST_007223,UNIQ_007223,11518,campo grande,MS
CUST_007224,UNIQ_007224,95697,joao pessoa,PB
CUST_007225,UNIQ_007225,65372,natal,RN
CUST_007226,UNIQ_007226,49708,rio de janeiro,RJ
CUST_007227,UNIQ_007227,43901,teresina,PI
CUST_007228,UNIQ_007228,89119,salvador,BA
CUST_007229,UNIQ_007229,75806,campo grande,MS
CUST_007230,UNIQ_007230,72068,florianopolis,SC
CUST_007231,UNIQ_007231,80126,goiania,GO
CUST_007232,UNIQ_007232,24637,florianopolis,SC
CUST_007233,UNIQ_007233,65583,curitiba,PR
CUST_007234,UNIQ_007234,60262,maceio,AL
CUST_007235,UNIQ_007235,29711,belo horizonte,MG
CUST_007236,UNIQ_007236,54186,sao paulo,SP
CUST_007237,UNIQ_007237,43795,cuiaba,MT
CUST_007238,UNIQ_007238,77488,manaus,AM
CUST_007239,UNIQ_007239,69636,porto velho,RO
CUST_007240,UNIQ_007240,16362,teresina,PI
CUST_007241,UNIQ_007241,46924,campo grande,MS
CUST_007242,UNIQ_007242,25931,rio de janeiro,RJ
CUST_007243,UNIQ_007243,70325,joao pessoa,PB
CUST_007244,UNIQ_007244,16563,florianopolis,SC
CUST_007245,UNIQ_007245,99966,porto velho,RO
CUST_007246,UNIQ_007246,43072,florianopolis,SC
CUST_007247,UNIQ_007247,54231,teresina,PI
CUST_007248,UNIQ_007248,13084,belem,PA
CUST_007249,UNIQ_007249,45027,maceio,AL
CUST_007250,UNIQ_007250,48435,curitiba,PR
CUST_007251,UNIQ_007251,64664,florianopolis,SC
CUST_007252,UNIQ_007252,68559,sao paulo,SP
CUST_007253,UNIQ_007253,49017,goiania,GO
CUST_007254,UNIQ_007254,88089,rio de janeiro,RJ
CUST_007255,UNIQ_007255,56824,salvador,BA
CUST_007256,UNIQ_007256,79634,rio de janeiro,RJ
CUST_007257,UNIQ_007257,42588,natal,RN
CUST_007258,UNIQ_007258,21016,curitiba,PR
CUST_007259,UNIQ_007259,22395,maceio,AL
CUST_007260,UNIQ_007260,28958,fortaleza,CE
CUST_007261,UNIQ_007261,66505,joao pessoa,PB
CUST_007262,UNIQ_007262,55270,porto alegre,RS
CUST_007263,UNIQ_007263,90903,campo grande,MS
CUST_007264,UNIQ_007264,78623,recife,PE
CUST_007265,UNIQ_007265,70085,cuiaba,MT
CUST_007266,UNIQ_007266,20031,rio de janeiro,RJ
CUST_007267,UNIQ_007267,58863,goiania,GO
CUST_007268,UNIQ_007268,29234,rio de janeiro,RJ
CUST_007269,UNIQ_007269,93599,porto velho,RO
CUST_007270,UNIQ_007270,60058,salvador,BA
CUST_007271,UNIQ_007271,20323,aracaju,SE
CUST_007272,UNIQ_007272,93458,goiania,GO
CUST_007273,UNIQ_007273,65381,belem,PA
CUST_007274,UNIQ_007274,12933,natal,RN
CUST_007275,UNIQ_007275,43666,curitiba,PR
CUST_007276,UNIQ_007276,66811,belo horizonte,MG
CUST_007277,UNIQ_007277,35119,salvador,BA
CUST_007278,UNIQ_007278,44206,cuiaba,MT
CUST_007279,UNIQ_007279,90685,belem,PA
CUST_007280,UNIQ_007280,80668,aracaju,SE
CUST_007281,UNIQ_007281,16400,recife,PE
CUST_007282,UNIQ_007282,85148,florianopolis,SC
CUST_007283,UNIQ_007283,38207,joao pessoa,PB
CUST_007284,UNIQ_007284,46016,teresina,PI
CUST_007285,UNIQ_007285,46287,curitiba,PR
CUST_007286,UNIQ_007286,98006,aracaju,SE
CUST_007287,UNIQ_007287,89249,rio de janeiro,RJ
CUST_007288,UNIQ_007288,33758,natal,RN
CUST_007289,UNIQ_007289,45740,belem,PA
CUST_007290,UNIQ_007290,63370,sao paulo,SP
CUST_007291,UNIQ_007291,12453,manaus,AM
CUST_007292,UNIQ_007292,96142,teresina,PI
CUST_007293,UNIQ_007293,46014,fortaleza,CE
CUST_007294,UNIQ_007294,70613,porto alegre,RS
CUST_007295,UNIQ_007295,93211,porto velho,RO
CUST_007296,UNIQ_007296,22733,goiania,GO
CUST_007297,UNIQ_007297,39468,recife,PE
CUST_007298,UNIQ_007298,52547,sao paulo,SP
CUST_007299,UNIQ_007299,18352,recife,PE
CUST_007300,UNIQ_007300,47726,porto velho,RO
CUST_007301,UNIQ_007301,70377,porto velho,RO
CUST_007302,UNIQ_007302,65150,cuiaba,MT
CUST_007303,UNIQ_007303,53090,porto velho,RO
CUST_007304,UNIQ_007304,60992,maceio,AL
CUST_007305,UNIQ_007305,83093,joao pessoa,PB
CUST_007306,UNIQ_007306,54951,sao paulo,SP
CUST_007307,UNIQ_007307,51896,goiania,GO
CUST_007308,UNIQ_007308,68246,florianopolis,SC
CUST_007309,UNIQ_007309,70548,fortaleza,CE
CUST_007310,UNIQ_007310,37608,joao pessoa,PB
CUST_007311,UNIQ_007311,32283,maceio,AL
CUST_007312,UNIQ_007312,43514,natal,RN
CUST_007313,UNIQ_007313,14229,natal,RN
CUST_007314,UNIQ_007314,20303,cuiaba,MT
CUST_007315,UNIQ_007315,83574,joao pessoa,PB
CUST_007316,UNIQ_007316,20891,florianopolis,SC
CUST_007317,UNIQ_007317,79414,manaus,AM
CUST_007318,UNIQ_007318,49850,florianopolis,SC
CUST_007319,UNIQ_007319,51331,belem,PA
CUST_007320,UNIQ_007320,98408,campo grande,MS
CUST_007321,UNIQ_007321,13875,campo grande,MS
CUST_007322,UNIQ_007322,91902,fortaleza,CE
CUST_007323,UNIQ_007323,31854,cuiaba,MT
CUST_007324,UNIQ_007324,56088,porto velho,RO
CUST_007325,UNIQ_007325,66561,cuiaba,MT
CUST_007326,UNIQ_007326,13068,teresina,PI
CUST_007327,UNIQ_007327,82933,belem,PA
CUST_007328,UNIQ_007328,40765,joao pessoa,PB
CUST_007329,UNIQ_007329,80463,natal,RN
CUST_007330,UNIQ_007330,59601,fortaleza,CE
CUST_007331,UNIQ_007331,26186,porto velho,RO
CUST_007332,UNIQ_007332,61871,salvador,BA
CUST_007333,UNIQ_007333,37696,manaus,AM
CUST_007334,UNIQ_007334,84808,salvador,BA
CUST_007335,UNIQ_007335,33412,belem,PA
CUST_007336,UNIQ_007336,62575,curitiba,PR
CUST_007337,UNIQ_007337,63545,maceio,AL
CUST_007338,UNIQ_007338,38541,florianopolis,SC
CUST_007339,UNIQ_007339,88544,teresina,PI
CUST_007340,UNIQ_007340,51864,porto alegre,RS
CUST_007341,UNIQ_007341,92611,florianopolis,SC
CUST_007342,UNIQ_007342,97062,salvador,BA
CUST_007343,UNIQ_007343,75838,goiania,GO
CUST_007344,UNIQ_007344,79796,maceio,AL
CUST_007345,UNIQ_007345,39504,natal,RN
CUST_007346,UNIQ_007346,74858,natal,RN
CUST_007347,UNIQ_007347,47523,campo grande,MS
CUST_007348,UNIQ_007348,30574,campo grande,MS
CUST_007349,UNIQ_007349,62435,curitiba,PR
CUST_007350,UNIQ_007350,10437,belem,PA
CUST_007351,UNIQ_007351,53785,maceio,AL
CUST_007352,UNIQ_007352,96008,campo grande,MS
CUST_007353,UNIQ_007353,99568,curitiba,PR
CUST_007354,UNIQ_007354,60246,salvador,BA
CUST_007355,UNIQ_007355,95603,cuiaba,MT
CUST_007356,UNIQ_007356,64823,teresina,PI
CUST_007357,UNIQ_007357,34756,teresina,PI
CUST_007358,UNIQ_007358,91117,sao paulo,SP
CUST_007359,UNIQ_007359,28162,recife,PE
CUST_007360,UNIQ_007360,91254,porto velho,RO
CUST_007361,UNIQ_007361,20552,aracaju,SE
CUST_007362,UNIQ_007362,84787,porto velho,RO
CUST_007363,UNIQ_007363,12992,teresina,PI
CUST_007364,UNIQ_007364,89929,goiania,GO
CUST_007365,UNIQ_007365,31818,recife,PE
CUST_007366,UNIQ_007366,91984,cuiaba,MT
CUST_007367,UNIQ_007367,99700,joao pessoa,PB
CUST_007368,UNIQ_007368,58535,belo horizonte,MG
CUST_007369,UNIQ_007369,88819,sao paulo,SP
CUST_007370,UNIQ_007370,82359,natal,RN
CUST_007371,UNIQ_007371,35301,aracaju,SE
CUST_007372,UNIQ_007372,70000,curitiba,PR
CUST_007373,UNIQ_007373,41367,florianopolis,SC
CUST_007374,UNIQ_007374,71888,curitiba,PR
CUST_007375,UNIQ_007375,52300,manaus,AM
CUST_007376,UNIQ_007376,48401,fortaleza,CE
CUST_007377,UNIQ_007377,14048,belo horizonte,MG
CUST_007378,UNIQ_007378,85707,manaus,AM
CUST_007379,UNIQ_007379,70187,campo grande,MS
CUST_007380,UNIQ_007380,99610,recife,PE
CUST_007381,UNIQ_007381,68150,porto velho,RO
CUST_007382,UNIQ_007382,33183,recife,PE
CUST_007383,UNIQ_007383,75564,campo grande,MS
CUST_007384,UNIQ_007384,89168,salvador,BA
CUST_007385,UNIQ_007385,30875,goiania,GO
CUST_007386,UNIQ_007386,70583,recife,PE
CUST_007387,UNIQ_007387,10902,belo horizonte,MG
CUST_007388,UNIQ_007388,99394,rio de janeiro,RJ
CUST_007389,UNIQ_007389,78126,teresina,PI
CUST_007390,UNIQ_007390,60504,joao pessoa,PB
CUST_007391,UNIQ_007391,64668,belo horizonte,MG
CUST_007392,UNIQ_007392,80430,porto alegre,RS
CUST_007393,UNIQ_007393,89557,salvador,BA
CUST_007394,UNIQ_007394,13109,maceio,AL
CUST_007395,UNIQ_007395,73020,campo grande,MS
CUST_007396,UNIQ_007396,48399,rio de janeiro,RJ
CUST_007397,UNIQ_007397,15230,natal,RN
CUST_007398,UNIQ_007398,62354,florianopolis,SC
CUST_007399,UNIQ_007399,92479,aracaju,SE
CUST_007400,UNIQ_007400,66175,campo grande,MS
CUST_007401,UNIQ_007401,23582,salvador,BA
CUST_007402,UNIQ_007402,44406,fortaleza,CE
CUST_007403,UNIQ_007403,24651,cuiaba,MT
CUST_007404,UNIQ_007404,58033,curitiba,PR
CUST_007405,UNIQ_007405,96053,teresina,PI
CUST_007406,UNIQ_007406,28605,goiania,GO
CUST_007407,UNIQ_007407,73254,recife,PE
CUST_007408,UNIQ_007408,44669,manaus,AM
CUST_007409,UNIQ_007409,53257,salvador,BA
CUST_007410,UNIQ_007410,70062,belo horizonte,MG
CUST_007411,UNIQ_007411,42077,joao pessoa,PB
CUST_007412,UNIQ_007412,54884,porto alegre,RS
CUST_007413,UNIQ_007413,68284,belem,PA
CUST_007414,UNIQ_007414,69031,goiania,GO
CUST_007415,UNIQ_007415,84479,porto alegre,RS
CUST_007416,UNIQ_007416,87912,porto alegre,RS
CUST_007417,UNIQ_007417,28352,rio de janeiro,RJ
CUST_007418,UNIQ_007418,78390,fortaleza,CE
CUST_007419,UNIQ_007419,13400,belem,PA
CUST_007420,UNIQ_007420,58608,recife,PE
CUST_007421,UNIQ_007421,57542,cuiaba,MT
CUST_007422,UNIQ_007422,50194,belem,PA
CUST_007423,UNIQ_007423,84401,curitiba,PR
CUST_007424,UNIQ_007424,72296,belem,PA
CUST_007425,UNIQ_007425,98247,campo grande,MS
CUST_007426,UNIQ_007426,30242,belem,PA
CUST_007427,UNIQ_007427,29205,fortaleza,CE
CUST_007428,UNIQ_007428,48316,porto velho,RO
CUST_007429,UNIQ_007429,43725,natal,RN
CUST_007430,UNIQ_007430,13670,recife,PE
CUST_007431,UNIQ_007431,86445,manaus,AM
CUST_007432,UNIQ_007432,29446,belem,PA
CUST_007433,UNIQ_007433,11581,cuiaba,MT
CUST_007434,UNIQ_007434,57731,porto alegre,RS
CUST_007435,UNIQ_007435,77740,aracaju,SE
CUST_007436,UNIQ_007436,72517,natal,RN
CUST_007437,UNIQ_007437,32335,porto velho,RO
CUST_007438,UNIQ_007438,94390,florianopolis,SC
CUST_007439,UNIQ_007439,86957,fortaleza,CE
CUST_007440,UNIQ_007440,51195,aracaju,SE
CUST_007441,UNIQ_007441,59068,aracaju,SE
CUST_007442,UNIQ_007442,73602,natal,RN
CUST_007443,UNIQ_007443,78843,curitiba,PR
CUST_007444,UNIQ_007444,32988,joao pessoa,PB
CUST_007445,UNIQ_007445,59790,joao pessoa,PB
CUST_007446,UNIQ_007446,97653,sao paulo,SP
CUST_007447,UNIQ_007447,54874,belo horizonte,MG
CUST_007448,UNIQ_007448,50541,recife,PE
CUST_007449,UNIQ_007449,39400,manaus,AM
CUST_007450,UNIQ_007450,46479,fortaleza,CE
CUST_007451,UNIQ_007451,25675,porto velho,RO
CUST_007452,UNIQ_007452,56727,manaus,AM
CUST_007453,UNIQ_007453,70204,joao pessoa,PB
CUST_007454,UNIQ_007454,93707,cuiaba,MT
CUST_007455,UNIQ_007455,78697,sao paulo,SP
CUST_007456,UNIQ_007456,36546,recife,PE
CUST_007457,UNIQ_007457,97063,florianopolis,SC
CUST_007458,UNIQ_007458,62231,rio de janeiro,RJ
CUST_007459,UNIQ_007459,53190,salvador,BA
CUST_007460,UNIQ_007460,18807,aracaju,SE
CUST_007461,UNIQ_007461,82520,porto alegre,RS
CUST_007462,UNIQ_007462,80481,maceio,AL
CUST_007463,UNIQ_007463,17336,belo horizonte,MG
CUST_007464,UNIQ_007464,84278,campo grande,MS
CUST_007465,UNIQ_007465,42502,aracaju,SE
CUST_007466,UNIQ_007466,43563,recife,PE
CUST_007467,UNIQ_007467,95302,curitiba,PR
CUST_007468,UNIQ_007468,39928,recife,PE
CUST_007469,UNIQ_007469,33256,campo grande,MS
CUST_007470,UNIQ_007470,89840,rio de janeiro,RJ
CUST_007471,UNIQ_007471,82348,porto alegre,RS
CUST_007472,UNIQ_007472,21974,porto alegre,RS
CUST_007473,UNIQ_007473,18345,manaus,AM
CUST_007474,UNIQ_007474,78492,fortaleza,CE
CUST_007475,UNIQ_007475,17977,belem,PA
CUST_007476,UNIQ_007476,39830,manaus,AM
CUST_007477,UNIQ_007477,86765,recife,PE
CUST_007478,UNIQ_007478,72558,cuiaba,MT
CUST_007479,UNIQ_007479,22880,campo grande,MS
CUST_007480,UNIQ_007480,16695,maceio,AL
CUST_007481,UNIQ_007481,93087,goiania,GO
CUST_007482,UNIQ_007482,35745,belo horizonte,MG
CUST_007483,UNIQ_007483,25257,joao pessoa,PB
CUST_007484,UNIQ_007484,20929,campo grande,MS
CUST_007485,UNIQ_007485,35873,joao pessoa,PB
CUST_007486,UNIQ_007486,81089,salvador,BA
CUST_007487,UNIQ_007487,38179,cuiaba,MT
CUST_007488,UNIQ_007488,73862,porto velho,RO
CUST_007489,UNIQ_007489,84623,belem,PA
CUST_007490,UNIQ_007490,86246,sao paulo,SP
CUST_007491,UNIQ_007491,24617,teresina,PI
CUST_007492,UNIQ_007492,94230,campo grande,MS
CUST_007493,UNIQ_007493,87193,manaus,AM
CUST_007494,UNIQ_007494,69802,porto velho,RO
CUST_007495,UNIQ_007495,42997,sao paulo,SP
CUST_007496,UNIQ_007496,88820,teresina,PI
CUST_007497,UNIQ_007497,74566,porto alegre,RS
CUST_007498,UNIQ_007498,53075,curitiba,PR
CUST_007499,UNIQ_007499,73344,aracaju,SE
CUST_007500,UNIQ_007500,47192,aracaju,SE
CUST_007501,UNIQ_007501,44629,belem,PA
CUST_007502,UNIQ_007502,42639,maceio,AL
CUST_007503,UNIQ_007503,46082,goiania,GO
CUST_007504,UNIQ_007504,75937,maceio,AL
CUST_007505,UNIQ_007505,92040,belem,PA
CUST_007506,UNIQ_007506,24610,campo grande,MS
CUST_007507,UNIQ_007507,73908,curitiba,PR
CUST_007508,UNIQ_007508,51839,sao paulo,SP
CUST_007509,UNIQ_007509,71670,aracaju,SE
CUST_007510,UNIQ_007510,31381,joao pessoa,PB
CUST_007511,UNIQ_007511,18593,curitiba,PR
CUST_007512,UNIQ_007512,98208,teresina,PI
CUST_007513,UNIQ_007513,22395,belem,PA
CUST_007514,UNIQ_007514,54883,campo grande,MS
CUST_007515,UNIQ_007515,33941,maceio,AL
CUST_007516,UNIQ_007516,24249,manaus,AM
CUST_007517,UNIQ_007517,37946,recife,PE
CUST_007518,UNIQ_007518,75769,belem,PA
CUST_007519,UNIQ_007519,51945,belem,PA
CUST_007520,UNIQ_007520,71849,aracaju,SE
CUST_007521,UNIQ_007521,99751,salvador,BA
CUST_007522,UNIQ_007522,89891,belem,PA
CUST_007523,UNIQ_007523,84843,manaus,AM
CUST_007524,UNIQ_007524,52436,fortaleza,CE
CUST_007525,UNIQ_007525,35153,curitiba,PR
CUST_007526,UNIQ_007526,32515,natal,RN
CUST_007527,UNIQ_007527,89970,curitiba,PR
CUST_007528,UNIQ_007528,52687,curitiba,PR
CUST_007529,UNIQ_007529,72098,aracaju,SE
CUST_007530,UNIQ_007530,64645,porto velho,RO
CUST_007531,UNIQ_007531,39979,porto alegre,RS
CUST_007532,UNIQ_007532,71863,porto alegre,RS
CUST_007533,UNIQ_007533,58600,belem,PA
CUST_007534,UNIQ_007534,50138,fortaleza,CE
CUST_007535,UNIQ_007535,56390,goiania,GO
CUST_007536,UNIQ_007536,68944,goiania,GO
CUST_007537,UNIQ_007537,65744,belem,PA
CUST_007538,UNIQ_007538,61582,cuiaba,MT
CUST_007539,UNIQ_007539,10743,teresina,PI
CUST_007540,UNIQ_007540,17249,natal,RN
CUST_007541,UNIQ_007541,56348,teresina,PI
CUST_007542,UNIQ_007542,69885,fortaleza,CE
CUST_007543,UNIQ_007543,12553,porto alegre,RS
CUST_007544,UNIQ_007544,37342,manaus,AM
CUST_007545,UNIQ_007545,48639,porto alegre,RS
CUST_007546,UNIQ_007546,13103,florianopolis,SC
CUST_007547,UNIQ_007547,66033,goiania,GO
CUST_007548,UNIQ_007548,52688,natal,RN
CUST_007549,UNIQ_007549,83396,maceio,AL
CUST_007550,UNIQ_007550,38177,manaus,AM
CUST_007551,UNIQ_007551,75921,porto velho,RO
CUST_007552,UNIQ_007552,45908,campo grande,MS
CUST_007553,UNIQ_007553,19755,salvador,BA
CUST_007554,UNIQ_007554,31026,recife,PE
CUST_007555,UNIQ_007555,72872,goiania,GO
CUST_007556,UNIQ_007556,71587,cuiaba,MT
CUST_007557,UNIQ_007557,96431,rio de janeiro,RJ
CUST_007558,UNIQ_007558,73837,natal,RN
CUST_007559,UNIQ_007559,46718,recife,PE
CUST_007560,UNIQ_007560,86823,porto velho,RO
CUST_007561,UNIQ_007561,17774,natal,RN
CUST_007562,UNIQ_007562,17355,salvador,BA
CUST_007563,UNIQ_007563,46181,goiania,GO
CUST_007564,UNIQ_007564,58424,maceio,AL
CUST_007565,UNIQ_007565,47255,campo grande,MS
CUST_007566,UNIQ_007566,71845,salvador,BA
CUST_007567,UNIQ_007567,19697,fortaleza,CE
CUST_007568,UNIQ_007568,64234,goiania,GO
CUST_007569,UNIQ_007569,29715,fortaleza,CE
CUST_007570,UNIQ_007570,49171,cuiaba,MT
CUST_007571,UNIQ_007571,36213,cuiaba,MT
CUST_007572,UNIQ_007572,21535,maceio,AL
CUST_007573,UNIQ_007573,42142,campo grande,MS
CUST_007574,UNIQ_007574,85069,goiania,GO
CUST_007575,UNIQ_007575,96598,maceio,AL
CUST_007576,UNIQ_007576,82964,porto alegre,RS
CUST_007577,UNIQ_007577,48196,aracaju,SE
CUST_007578,UNIQ_007578,28411,sao paulo,SP
CUST_007579,UNIQ_007579,51151,belo horizonte,MG
CUST_007580,UNIQ_007580,68437,florianopolis,SC
CUST_007581,UNIQ_007581,34135,manaus,AM
CUST_007582,UNIQ_007582,71384,goiania,GO
CUST_007583,UNIQ_007583,70398,recife,PE
CUST_007584,UNIQ_007584,53648,florianopolis,SC
CUST_007585,UNIQ_007585,98823,manaus,AM
CUST_007586,UNIQ_007586,43470,porto alegre,RS
CUST_007587,UNIQ_007587,13032,porto velho,RO
CUST_007588,UNIQ_007588,25622,fortaleza,CE
CUST_007589,UNIQ_007589,66011,teresina,PI
CUST_007590,UNIQ_007590,73747,natal,RN
CUST_007591,UNIQ_007591,79258,rio de janeiro,RJ
CUST_007592,UNIQ_007592,77143,rio de janeiro,RJ
CUST_007593,UNIQ_007593,12123,florianopolis,SC
CUST_007594,UNIQ_007594,67305,cuiaba,MT
CUST_007595,UNIQ_007595,76088,rio de janeiro,RJ
CUST_007596,UNIQ_007596,80622,goiania,GO
CUST_007597,UNIQ_007597,47047,joao pessoa,PB
CUST_007598,UNIQ_007598,53745,cuiaba,MT
CUST_007599,UNIQ_007599,19902,belo horizonte,MG
CUST_007600,UNIQ_007600,22077,cuiaba,MT
CUST_007601,UNIQ_007601,24723,maceio,AL
CUST_007602,UNIQ_007602,30738,maceio,AL
CUST_007603,UNIQ_007603,21498,aracaju,SE
CUST_007604,UNIQ_007604,71400,cuiaba,MT
CUST_007605,UNIQ_007605,95219,porto velho,RO
CUST_007606,UNIQ_007606,19579,manaus,AM
CUST_007607,UNIQ_007607,46289,teresina,PI
CUST_007608,UNIQ_007608,69151,campo grande,MS
CUST_007609,UNIQ_007609,95254,fortaleza,CE
CUST_007610,UNIQ_007610,19571,goiania,GO
CUST_007611,UNIQ_007611,94913,curitiba,PR
CUST_007612,UNIQ_007612,54539,cuiaba,MT
CUST_007613,UNIQ_007613,79168,campo grande,MS
CUST_007614,UNIQ_007614,12815,teresina,PI
CUST_007615,UNIQ_007615,85332,natal,RN
CUST_007616,UNIQ_007616,10832,belem,PA
CUST_007617,UNIQ_007617,61111,porto velho,RO
CUST_007618,UNIQ_007618,11119,sao paulo,SP
CUST_007619,UNIQ_007619,52255,recife,PE
CUST_007620,UNIQ_007620,29725,teresina,PI
CUST_007621,UNIQ_007621,39214,porto alegre,RS
CUST_007622,UNIQ_007622,98413,cuiaba,MT
CUST_007623,UNIQ_007623,79778,goiania,GO
CUST_007624,UNIQ_007624,95670,campo grande,MS
CUST_007625,UNIQ_007625,85292,manaus,AM
CUST_007626,UNIQ_007626,85609,florianopolis,SC
CUST_007627,UNIQ_007627,34752,fortaleza,CE
CUST_007628,UNIQ_007628,37019,fortaleza,CE
CUST_007629,UNIQ_007629,33800,belem,PA
CUST_007630,UNIQ_007630,13437,salvador,BA
CUST_007631,UNIQ_007631,88895,maceio,AL
CUST_007632,UNIQ_007632,26688,rio de janeiro,RJ
CUST_007633,UNIQ_007633,55681,maceio,AL
CUST_007634,UNIQ_007634,52920,belo horizonte,MG
CUST_007635,UNIQ_007635,40160,goiania,GO
CUST_007636,UNIQ_007636,36437,manaus,AM
CUST_007637,UNIQ_007637,31402,belem,PA
CUST_007638,UNIQ_007638,45530,teresina,PI
CUST_007639,UNIQ_007639,38473,recife,PE
CUST_007640,UNIQ_007640,13577,florianopolis,SC
CUST_007641,UNIQ_007641,67624,fortaleza,CE
CUST_007642,UNIQ_007642,59166,salvador,BA
CUST_007643,UNIQ_007643,68189,sao paulo,SP
CUST_007644,UNIQ_007644,59861,manaus,AM
CUST_007645,UNIQ_007645,68564,rio de janeiro,RJ
CUST_007646,UNIQ_007646,62321,campo grande,MS
CUST_007647,UNIQ_007647,36952,manaus,AM
CUST_007648,UNIQ_007648,87360,natal,RN
CUST_007649,UNIQ_007649,22170,salvador,BA
CUST_007650,UNIQ_007650,76414,curitiba,PR
CUST_007651,UNIQ_007651,77698,cuiaba,MT
CUST_007652,UNIQ_007652,31349,salvador,BA
CUST_007653,UNIQ_007653,25775,manaus,AM
CUST_007654,UNIQ_007654,89278,joao pessoa,PB
CUST_007655,UNIQ_007655,51534,florianopolis,SC
CUST_007656,UNIQ_007656,35032,teresina,PI
CUST_007657,UNIQ_007657,21900,manaus,AM
CUST_007658,UNIQ_007658,57167,aracaju,SE
CUST_007659,UNIQ_007659,43460,joao pessoa,PB
CUST_007660,UNIQ_007660,24679,aracaju,SE
CUST_007661,UNIQ_007661,12116,campo grande,MS
CUST_007662,UNIQ_007662,59811,sao paulo,SP
CUST_007663,UNIQ_007663,62469,teresina,PI
CUST_007664,UNIQ_007664,56488,salvador,BA
CUST_007665,UNIQ_007665,50629,florianopolis,SC
CUST_007666,UNIQ_007666,66904,belo horizonte,MG
CUST_007667,UNIQ_007667,40062,belem,PA
CUST_007668,UNIQ_007668,95253,belo horizonte,MG
CUST_007669,UNIQ_007669,71782,natal,RN
CUST_007670,UNIQ_007670,46007,sao paulo,SP
CUST_007671,UNIQ_007671,15946,goiania,GO
CUST_007672,UNIQ_007672,42636,fortaleza,CE
CUST_007673,UNIQ_007673,84000,curitiba,PR
CUST_007674,UNIQ_007674,26770,sao paulo,SP
CUST_007675,UNIQ_007675,30415,aracaju,SE
CUST_007676,UNIQ_007676,71579,fortaleza,CE
CUST_007677,UNIQ_007677,18019,rio de janeiro,RJ
CUST_007678,UNIQ_007678,37502,porto velho,RO
CUST_007679,UNIQ_007679,58719,belem,PA
CUST_007680,UNIQ_007680,64378,porto velho,RO
CUST_007681,UNIQ_007681,64950,curitiba,PR
CUST_007682,UNIQ_007682,32890,curitiba,PR
CUST_007683,UNIQ_007683,29841,aracaju,SE
CUST_007684,UNIQ_007684,57850,curitiba,PR
CUST_007685,UNIQ_007685,31282,salvador,BA
CUST_007686,UNIQ_007686,75215,sao paulo,SP
CUST_007687,UNIQ_007687,50116,manaus,AM
CUST_007688,UNIQ_007688,91960,natal,RN
CUST_007689,UNIQ_007689,44757,florianopolis,SC
CUST_007690,UNIQ_007690,52083,porto velho,RO
CUST_007691,UNIQ_007691,13385,sao paulo,SP
CUST_007692,UNIQ_007692,13735,goiania,GO
CUST_007693,UNIQ_007693,14485,joao pessoa,PB
CUST_007694,UNIQ_007694,63432,fortaleza,CE
CUST_007695,UNIQ_007695,80710,rio de janeiro,RJ
CUST_007696,UNIQ_007696,88447,natal,RN
CUST_007697,UNIQ_007697,32248,aracaju,SE
CUST_007698,UNIQ_007698,23122,curitiba,PR
CUST_007699,UNIQ_007699,55700,sao paulo,SP
CUST_007700,UNIQ_007700,22074,recife,PE
CUST_007701,UNIQ_007701,18693,teresina,PI
CUST_007702,UNIQ_007702,72349,salvador,BA
CUST_007703,UNIQ_007703,64404,campo grande,MS
CUST_007704,UNIQ_007704,67726,maceio,AL
CUST_007705,UNIQ_007705,89071,fortaleza,CE
CUST_007706,UNIQ_007706,50819,sao paulo,SP
CUST_007707,UNIQ_007707,71536,joao pessoa,PB
CUST_007708,UNIQ_007708,26803,porto alegre,RS
CUST_007709,UNIQ_007709,96032,goiania,GO
CUST_007710,UNIQ_007710,57917,maceio,AL
CUST_007711,UNIQ_007711,97612,porto velho,RO
CUST_007712,UNIQ_007712,72624,salvador,BA
CUST_007713,UNIQ_007713,84873,joao pessoa,PB
CUST_007714,UNIQ_007714,26493,manaus,AM
CUST_007715,UNIQ_007715,77467,recife,PE
CUST_007716,UNIQ_007716,28690,fortaleza,CE
CUST_007717,UNIQ_007717,96403,recife,PE
CUST_007718,UNIQ_007718,22424,belo horizonte,MG
CUST_007719,UNIQ_007719,47001,natal,RN
CUST_007720,UNIQ_007720,23792,porto velho,RO
CUST_007721,UNIQ_007721,39651,recife,PE
CUST_007722,UNIQ_007722,34199,porto alegre,RS
CUST_007723,UNIQ_007723,53073,belem,PA
CUST_007724,UNIQ_007724,97602,campo grande,MS
CUST_007725,UNIQ_007725,78146,cuiaba,MT
CUST_007726,UNIQ_007726,85650,aracaju,SE
CUST_007727,UNIQ_007727,27263,porto alegre,RS
CUST_007728,UNIQ_007728,65315,goiania,GO
CUST_007729,UNIQ_007729,96665,florianopolis,SC
CUST_007730,UNIQ_007730,85938,fortaleza,CE
CUST_007731,UNIQ_007731,60466,rio de janeiro,RJ
CUST_007732,UNIQ_007732,35938,rio de janeiro,RJ
CUST_007733,UNIQ_007733,11877,curitiba,PR
CUST_007734,UNIQ_007734,93182,fortaleza,CE
CUST_007735,UNIQ_007735,41172,rio de janeiro,RJ
CUST_007736,UNIQ_007736,62004,curitiba,PR
CUST_007737,UNIQ_007737,11535,goiania,GO
CUST_007738,UNIQ_007738,73016,cuiaba,MT
CUST_007739,UNIQ_007739,55075,joao pessoa,PB
CUST_007740,UNIQ_007740,92406,manaus,AM
CUST_007741,UNIQ_007741,63170,cuiaba,MT
CUST_007742,UNIQ_007742,38159,campo grande,MS
CUST_007743,UNIQ_007743,91436,campo grande,MS
CUST_007744,UNIQ_007744,81549,porto alegre,RS
CUST_007745,UNIQ_007745,25442,campo grande,MS
CUST_007746,UNIQ_007746,95912,porto alegre,RS
CUST_007747,UNIQ_007747,54217,aracaju,SE
CUST_007748,UNIQ_007748,34421,goiania,GO
CUST_007749,UNIQ_007749,54693,porto alegre,RS
CUST_007750,UNIQ_007750,81945,joao pessoa,PB
CUST_007751,UNIQ_007751,96933,campo grande,MS
CUST_007752,UNIQ_007752,97557,salvador,BA
CUST_007753,UNIQ_007753,78035,goiania,GO
CUST_007754,UNIQ_007754,18272,porto alegre,RS
CUST_007755,UNIQ_007755,65904,florianopolis,SC
CUST_007756,UNIQ_007756,81213,sao paulo,SP
CUST_007757,UNIQ_007757,22397,fortaleza,CE
CUST_007758,UNIQ_007758,69956,recife,PE
CUST_007759,UNIQ_007759,25765,salvador,BA
CUST_007760,UNIQ_007760,48759,maceio,AL
CUST_007761,UNIQ_007761,55563,fortaleza,CE
CUST_007762,UNIQ_007762,69318,belem,PA
CUST_007763,UNIQ_007763,82521,teresina,PI
CUST_007764,UNIQ_007764,76155,belo horizonte,MG
CUST_007765,UNIQ_007765,62108,curitiba,PR
CUST_007766,UNIQ_007766,35543,aracaju,SE
CUST_007767,UNIQ_007767,99204,fortaleza,CE
CUST_007768,UNIQ_007768,12191,recife,PE
CUST_007769,UNIQ_007769,56391,manaus,AM
CUST_007770,UNIQ_007770,88765,aracaju,SE
CUST_007771,UNIQ_007771,83778,fortaleza,CE
CUST_007772,UNIQ_007772,78818,aracaju,SE
CUST_007773,UNIQ_007773,79881,rio de janeiro,RJ
CUST_007774,UNIQ_007774,80707,florianopolis,SC
CUST_007775,UNIQ_007775,79582,recife,PE
CUST_007776,UNIQ_007776,59082,curitiba,PR
CUST_007777,UNIQ_007777,23125,curitiba,PR
CUST_007778,UNIQ_007778,93218,curitiba,PR
CUST_007779,UNIQ_007779,39656,porto velho,RO
CUST_007780,UNIQ_007780,80886,fortaleza,CE
CUST_007781,UNIQ_007781,65576,porto velho,RO
CUST_007782,UNIQ_007782,46493,manaus,AM
CUST_007783,UNIQ_007783,62543,rio de janeiro,RJ
CUST_007784,UNIQ_007784,61088,belem,PA
CUST_007785,UNIQ_007785,65215,aracaju,SE
CUST_007786,UNIQ_007786,71342,joao pessoa,PB
CUST_007787,UNIQ_007787,27841,goiania,GO
CUST_007788,UNIQ_007788,10046,belem,PA
CUST_007789,UNIQ_007789,42942,belo horizonte,MG
CUST_007790,UNIQ_007790,97571,maceio,AL
CUST_007791,UNIQ_007791,37361,belem,PA
CUST_007792,UNIQ_007792,87854,porto velho,RO
CUST_007793,UNIQ_007793,17762,belo horizonte,MG
CUST_007794,UNIQ_007794,28389,teresina,PI
CUST_007795,UNIQ_007795,73036,fortaleza,CE
CUST_007796,UNIQ_007796,41780,curitiba,PR
CUST_007797,UNIQ_007797,30898,natal,RN
CUST_007798,UNIQ_007798,61249,teresina,PI
CUST_007799,UNIQ_007799,35345,cuiaba,MT
CUST_007800,UNIQ_007800,55928,recife,PE
CUST_007801,UNIQ_007801,39662,belo horizonte,MG
CUST_007802,UNIQ_007802,28407,porto alegre,RS
CUST_007803,UNIQ_007803,26183,natal,RN
CUST_007804,UNIQ_007804,98121,cuiaba,MT
CUST_007805,UNIQ_007805,36978,fortaleza,CE
CUST_007806,UNIQ_007806,28665,campo grande,MS
CUST_007807,UNIQ_007807,52922,porto alegre,RS
CUST_007808,UNIQ_007808,93460,sao paulo,SP
CUST_007809,UNIQ_007809,78238,salvador,BA
CUST_007810,UNIQ_007810,78713,belem,PA
CUST_007811,UNIQ_007811,92384,salvador,BA
CUST_007812,UNIQ_007812,71749,porto velho,RO
CUST_007813,UNIQ_007813,96562,recife,PE
CUST_007814,UNIQ_007814,49167,campo grande,MS
CUST_007815,UNIQ_007815,80943,salvador,BA
CUST_007816,UNIQ_007816,69554,porto velho,RO
CUST_007817,UNIQ_007817,19227,fortaleza,CE
CUST_007818,UNIQ_007818,45665,goiania,GO
CUST_007819,UNIQ_007819,60004,rio de janeiro,RJ
CUST_007820,UNIQ_007820,24789,porto alegre,RS
CUST_007821,UNIQ_007821,65824,campo grande,MS
CUST_007822,UNIQ_007822,32079,cuiaba,MT
CUST_007823,UNIQ_007823,48155,joao pessoa,PB
CUST_007824,UNIQ_007824,78529,recife,PE
CUST_007825,UNIQ_007825,21609,salvador,BA
CUST_007826,UNIQ_007826,88518,porto velho,RO
CUST_007827,UNIQ_007827,41626,florianopolis,SC
CUST_007828,UNIQ_007828,66685,joao pessoa,PB
CUST_007829,UNIQ_007829,17425,teresina,PI
CUST_007830,UNIQ_007830,46726,salvador,BA
CUST_007831,UNIQ_007831,42986,porto alegre,RS
CUST_007832,UNIQ_007832,53100,aracaju,SE
CUST_007833,UNIQ_007833,97422,teresina,PI
CUST_007834,UNIQ_007834,56748,porto alegre,RS
CUST_007835,UNIQ_007835,11694,belo horizonte,MG
CUST_007836,UNIQ_007836,73641,salvador,BA
CUST_007837,UNIQ_007837,86779,recife,PE
CUST_007838,UNIQ_007838,39017,joao pessoa,PB
CUST_007839,UNIQ_007839,66854,cuiaba,MT
CUST_007840,UNIQ_007840,23626,porto alegre,RS
CUST_007841,UNIQ_007841,83488,joao pessoa,PB
CUST_007842,UNIQ_007842,84136,porto velho,RO
CUST_007843,UNIQ_007843,89511,natal,RN
CUST_007844,UNIQ_007844,97498,aracaju,SE
CUST_007845,UNIQ_007845,15518,natal,RN
CUST_007846,UNIQ_007846,24129,porto velho,RO
CUST_007847,UNIQ_007847,94237,cuiaba,MT
CUST_007848,UNIQ_007848,85448,salvador,BA
CUST_007849,UNIQ_007849,25397,salvador,BA
CUST_007850,UNIQ_007850,57277,recife,PE
CUST_007851,UNIQ_007851,98160,cuiaba,MT
CUST_007852,UNIQ_007852,65290,porto velho,RO
CUST_007853,UNIQ_007853,15225,natal,RN
CUST_007854,UNIQ_007854,94815,florianopolis,SC
CUST_007855,UNIQ_007855,70390,campo grande,MS
CUST_007856,UNIQ_007856,78519,cuiaba,MT
CUST_007857,UNIQ_007857,62257,rio de janeiro,RJ
CUST_007858,UNIQ_007858,97696,teresina,PI
CUST_007859,UNIQ_007859,38316,sao paulo,SP
CUST_007860,UNIQ_007860,33689,cuiaba,MT
CUST_007861,UNIQ_007861,92643,sao paulo,SP
CUST_007862,UNIQ_007862,22950,goiania,GO
CUST_007863,UNIQ_007863,64020,belem,PA
CUST_007864,UNIQ_007864,69850,sao paulo,SP
CUST_007865,UNIQ_007865,57000,porto alegre,RS
CUST_007866,UNIQ_007866,56186,florianopolis,SC
CUST_007867,UNIQ_007867,46258,recife,PE
CUST_007868,UNIQ_007868,16265,campo grande,MS
CUST_007869,UNIQ_007869,70057,goiania,GO
CUST_007870,UNIQ_007870,31049,porto alegre,RS
CUST_007871,UNIQ_007871,83200,manaus,AM
CUST_007872,UNIQ_007872,94972,maceio,AL
CUST_007873,UNIQ_007873,62601,goiania,GO
CUST_007874,UNIQ_007874,32551,florianopolis,SC
CUST_007875,UNIQ_007875,21648,joao pessoa,PB
CUST_007876,UNIQ_007876,56111,goiania,GO
CUST_007877,UNIQ_007877,80547,porto velho,RO
CUST_007878,UNIQ_007878,51488,recife,PE
CUST_007879,UNIQ_007879,23277,belem,PA
CUST_007880,UNIQ_007880,93814,belo horizonte,MG
CUST_007881,UNIQ_007881,51015,natal,RN
CUST_007882,UNIQ_007882,75168,porto velho,RO
CUST_007883,UNIQ_007883,60160,curitiba,PR
CUST_007884,UNIQ_007884,44692,manaus,AM
CUST_007885,UNIQ_007885,55953,joao pessoa,PB
CUST_007886,UNIQ_007886,67379,goiania,GO
CUST_007887,UNIQ_007887,30868,florianopolis,SC
CUST_007888,UNIQ_007888,52304,curitiba,PR
CUST_007889,UNIQ_007889,24611,sao paulo,SP
CUST_007890,UNIQ_007890,86263,manaus,AM
CUST_007891,UNIQ_007891,76338,belem,PA
CUST_007892,UNIQ_007892,48824,maceio,AL
CUST_007893,UNIQ_007893,80550,maceio,AL
CUST_007894,UNIQ_007894,62162,curitiba,PR
CUST_007895,UNIQ_007895,19952,porto velho,RO
CUST_007896,UNIQ_007896,22237,manaus,AM
CUST_007897,UNIQ_007897,88377,belo horizonte,MG
CUST_007898,UNIQ_007898,44520,natal,RN
CUST_007899,UNIQ_007899,54585,fortaleza,CE
CUST_007900,UNIQ_007900,56373,maceio,AL
CUST_007901,UNIQ_007901,27436,natal,RN
CUST_007902,UNIQ_007902,23582,natal,RN
CUST_007903,UNIQ_007903,90402,belem,PA
CUST_007904,UNIQ_007904,20775,cuiaba,MT
CUST_007905,UNIQ_007905,39468,goiania,GO
CUST_007906,UNIQ_007906,15344,campo grande,MS
CUST_007907,UNIQ_007907,81825,recife,PE
CUST_007908,UNIQ_007908,97493,fortaleza,CE
CUST_007909,UNIQ_007909,13454,porto alegre,RS
CUST_007910,UNIQ_007910,39421,joao pessoa,PB
CUST_007911,UNIQ_007911,42158,recife,PE
CUST_007912,UNIQ_007912,67718,recife,PE
CUST_007913,UNIQ_007913,29054,manaus,AM
CUST_007914,UNIQ_007914,48901,sao paulo,SP
CUST_007915,UNIQ_007915,12722,recife,PE
CUST_007916,UNIQ_007916,73343,porto velho,RO
CUST_007917,UNIQ_007917,64332,campo grande,MS
CUST_007918,UNIQ_007918,82250,maceio,AL
CUST_007919,UNIQ_007919,35197,cuiaba,MT
CUST_007920,UNIQ_007920,34386,teresina,PI
CUST_007921,UNIQ_007921,86139,aracaju,SE
CUST_007922,UNIQ_007922,92215,natal,RN
CUST_007923,UNIQ_007923,60738,cuiaba,MT
CUST_007924,UNIQ_007924,57706,porto alegre,RS
CUST_007925,UNIQ_007925,66533,porto alegre,RS
CUST_007926,UNIQ_007926,57777,florianopolis,SC
CUST_007927,UNIQ_007927,51963,recife,PE
CUST_007928,UNIQ_007928,56802,maceio,AL
CUST_007929,UNIQ_007929,27628,belo horizonte,MG
CUST_007930,UNIQ_007930,42361,goiania,GO
CUST_007931,UNIQ_007931,85885,maceio,AL
CUST_007932,UNIQ_007932,22664,fortaleza,CE
CUST_007933,UNIQ_007933,72355,aracaju,SE
CUST_007934,UNIQ_007934,51089,maceio,AL
CUST_007935,UNIQ_007935,89179,salvador,BA
CUST_007936,UNIQ_007936,55657,recife,PE
CUST_007937,UNIQ_007937,39355,maceio,AL
CUST_007938,UNIQ_007938,45275,campo grande,MS
CUST_007939,UNIQ_007939,16973,cuiaba,MT
CUST_007940,UNIQ_007940,91108,campo grande,MS
CUST_007941,UNIQ_007941,75160,campo grande,MS
CUST_007942,UNIQ_007942,67171,cuiaba,MT
CUST_007943,UNIQ_007943,32458,belo horizonte,MG
CUST_007944,UNIQ_007944,83394,sao paulo,SP
CUST_007945,UNIQ_007945,83268,campo grande,MS
CUST_007946,UNIQ_007946,55561,rio de janeiro,RJ
CUST_007947,UNIQ_007947,29382,joao pessoa,PB
CUST_007948,UNIQ_007948,99392,belo horizonte,MG
CUST_007949,UNIQ_007949,18573,florianopolis,SC
CUST_007950,UNIQ_007950,84678,porto alegre,RS
CUST_007951,UNIQ_007951,13614,porto alegre,RS
CUST_007952,UNIQ_007952,74331,porto velho,RO
CUST_007953,UNIQ_007953,27479,teresina,PI
CUST_007954,UNIQ_007954,38207,natal,RN
CUST_007955,UNIQ_007955,50609,campo grande,MS
CUST_007956,UNIQ_007956,98430,maceio,AL
CUST_007957,UNIQ_007957,53323,belem,PA
CUST_007958,UNIQ_007958,84692,recife,PE
CUST_007959,UNIQ_007959,63364,aracaju,SE
CUST_007960,UNIQ_007960,80728,fortaleza,CE
CUST_007961,UNIQ_007961,51216,cuiaba,MT
CUST_007962,UNIQ_007962,89900,sao paulo,SP
CUST_007963,UNIQ_007963,56969,rio de janeiro,RJ
CUST_007964,UNIQ_007964,25687,cuiaba,MT
CUST_007965,UNIQ_007965,90458,belo horizonte,MG
CUST_007966,UNIQ_007966,79438,belo horizonte,MG
CUST_007967,UNIQ_007967,31129,teresina,PI
CUST_007968,UNIQ_007968,42610,manaus,AM
CUST_007969,UNIQ_007969,33506,porto velho,RO
CUST_007970,UNIQ_007970,13864,curitiba,PR
CUST_007971,UNIQ_007971,25663,joao pessoa,PB
CUST_007972,UNIQ_007972,21679,goiania,GO
CUST_007973,UNIQ_007973,62894,salvador,BA
CUST_007974,UNIQ_007974,99830,cuiaba,MT
CUST_007975,UNIQ_007975,63421,natal,RN
CUST_007976,UNIQ_007976,72181,natal,RN
CUST_007977,UNIQ_007977,54996,fortaleza,CE
CUST_007978,UNIQ_007978,22564,curitiba,PR
CUST_007979,UNIQ_007979,56551,belem,PA
CUST_007980,UNIQ_007980,66408,curitiba,PR
CUST_007981,UNIQ_007981,75494,porto alegre,RS
CUST_007982,UNIQ_007982,34191,belo horizonte,MG
CUST_007983,UNIQ_007983,62615,porto alegre,RS
CUST_007984,UNIQ_007984,39706,manaus,AM
CUST_007985,UNIQ_007985,94833,florianopolis,SC
CUST_007986,UNIQ_007986,54527,belo horizonte,MG
CUST_007987,UNIQ_007987,22324,campo grande,MS
CUST_007988,UNIQ_007988,43786,aracaju,SE
CUST_007989,UNIQ_007989,89450,sao paulo,SP
CUST_007990,UNIQ_007990,83023,rio de janeiro,RJ
CUST_007991,UNIQ_007991,99484,rio de janeiro,RJ
CUST_007992,UNIQ_007992,22516,florianopolis,SC
CUST_007993,UNIQ_007993,10226,curitiba,PR
CUST_007994,UNIQ_007994,11648,aracaju,SE
CUST_007995,UNIQ_007995,52842,sao paulo,SP
CUST_007996,UNIQ_007996,50142,natal,RN
CUST_007997,UNIQ_007997,84459,sao paulo,SP
CUST_007998,UNIQ_007998,59130,cuiaba,MT
CUST_007999,UNIQ_007999,32595,belo horizonte,MG
CUST_008000,UNIQ_008000,93424,manaus,AM
CUST_008001,UNIQ_008001,75300,porto velho,RO
CUST_008002,UNIQ_008002,80151,curitiba,PR
CUST_008003,UNIQ_008003,55252,manaus,AM
CUST_008004,UNIQ_008004,99545,salvador,BA
CUST_008005,UNIQ_008005,88606,fortaleza,CE
CUST_008006,UNIQ_008006,85233,florianopolis,SC
CUST_008007,UNIQ_008007,67763,curitiba,PR
CUST_008008,UNIQ_008008,76496,curitiba,PR
CUST_008009,UNIQ_008009,68340,fortaleza,CE
CUST_008010,UNIQ_008010,91537,sao paulo,SP
CUST_008011,UNIQ_008011,80462,rio de janeiro,RJ
CUST_008012,UNIQ_008012,50850,salvador,BA
CUST_008013,UNIQ_008013,24126,belem,PA
CUST_008014,UNIQ_008014,99526,florianopolis,SC
CUST_008015,UNIQ_008015,87346,curitiba,PR
CUST_008016,UNIQ_008016,31939,aracaju,SE
CUST_008017,UNIQ_008017,75228,salvador,BA
CUST_008018,UNIQ_008018,89102,manaus,AM
CUST_008019,UNIQ_008019,90372,fortaleza,CE
CUST_008020,UNIQ_008020,69594,goiania,GO
CUST_008021,UNIQ_008021,60966,maceio,AL
CUST_008022,UNIQ_008022,25254,campo grande,MS
CUST_008023,UNIQ_008023,18580,maceio,AL
CUST_008024,UNIQ_008024,42272,goiania,GO
CUST_008025,UNIQ_008025,28531,florianopolis,SC
CUST_008026,UNIQ_008026,74325,recife,PE
CUST_008027,UNIQ_008027,62990,manaus,AM
CUST_008028,UNIQ_008028,56965,rio de janeiro,RJ
CUST_008029,UNIQ_008029,72970,rio de janeiro,RJ
CUST_008030,UNIQ_008030,22947,cuiaba,MT
CUST_008031,UNIQ_008031,21921,aracaju,SE
CUST_008032,UNIQ_008032,79119,goiania,GO
CUST_008033,UNIQ_008033,85377,cuiaba,MT
CUST_008034,UNIQ_008034,78376,maceio,AL
CUST_008035,UNIQ_008035,81615,natal,RN
CUST_008036,UNIQ_008036,47035,manaus,AM
CUST_008037,UNIQ_008037,27757,goiania,GO
CUST_008038,UNIQ_008038,35957,campo grande,MS
CUST_008039,UNIQ_008039,92095,belem,PA
CUST_008040,UNIQ_008040,62984,teresina,PI
CUST_008041,UNIQ_008041,59422,teresina,PI
CUST_008042,UNIQ_008042,74286,belo horizonte,MG
CUST_008043,UNIQ_008043,74387,sao paulo,SP
CUST_008044,UNIQ_008044,52141,salvador,BA
CUST_008045,UNIQ_008045,73452,maceio,AL
CUST_008046,UNIQ_008046,60961,porto velho,RO
CUST_008047,UNIQ_008047,75223,belem,PA
CUST_008048,UNIQ_008048,99660,belem,PA
CUST_008049,UNIQ_008049,79147,rio de janeiro,RJ
CUST_008050,UNIQ_008050,34651,rio de janeiro,RJ
CUST_008051,UNIQ_008051,50254,belo horizonte,MG
CUST_008052,UNIQ_008052,84878,cuiaba,MT
CUST_008053,UNIQ_008053,32722,maceio,AL
CUST_008054,UNIQ_008054,16285,goiania,GO
CUST_008055,UNIQ_008055,13665,maceio,AL
CUST_008056,UNIQ_008056,49707,rio de janeiro,RJ
CUST_008057,UNIQ_008057,34672,natal,RN
CUST_008058,UNIQ_008058,80485,florianopolis,SC
CUST_008059,UNIQ_008059,99674,rio de janeiro,RJ
CUST_008060,UNIQ_008060,76633,teresina,PI
CUST_008061,UNIQ_008061,33368,aracaju,SE
CUST_008062,UNIQ_008062,58604,aracaju,SE
CUST_008063,UNIQ_008063,38114,rio de janeiro,RJ
CUST_008064,UNIQ_008064,69930,salvador,BA
CUST_008065,UNIQ_008065,39041,curitiba,PR
CUST_008066,UNIQ_008066,19563,goiania,GO
CUST_008067,UNIQ_008067,74916,manaus,AM
CUST_008068,UNIQ_008068,84861,manaus,AM
CUST_008069,UNIQ_008069,12043,porto velho,RO
CUST_008070,UNIQ_008070,60002,rio de janeiro,RJ
CUST_008071,UNIQ_008071,25247,manaus,AM
CUST_008072,UNIQ_008072,10621,belem,PA
CUST_008073,UNIQ_008073,96454,recife,PE
CUST_008074,UNIQ_008074,33207,goiania,GO
CUST_008075,UNIQ_008075,39933,natal,RN
CUST_008076,UNIQ_008076,62685,florianopolis,SC
CUST_008077,UNIQ_008077,30437,rio de janeiro,RJ
CUST_008078,UNIQ_008078,88479,fortaleza,CE
CUST_008079,UNIQ_008079,91495,recife,PE
CUST_008080,UNIQ_008080,65422,porto alegre,RS
CUST_008081,UNIQ_008081,92076,cuiaba,MT
CUST_008082,UNIQ_008082,36853,belem,PA
CUST_008083,UNIQ_008083,63635,porto alegre,RS
CUST_008084,UNIQ_008084,64511,sao paulo,SP
CUST_008085,UNIQ_008085,59431,teresina,PI
CUST_008086,UNIQ_008086,34837,porto alegre,RS
CUST_008087,UNIQ_008087,43216,joao pessoa,PB
CUST_008088,UNIQ_008088,11367,porto velho,RO
CUST_008089,UNIQ_008089,15478,natal,RN
CUST_008090,UNIQ_008090,26893,campo grande,MS
CUST_008091,UNIQ_008091,19243,recife,PE
CUST_008092,UNIQ_008092,25109,salvador,BA
CUST_008093,UNIQ_008093,74033,curitiba,PR
CUST_008094,UNIQ_008094,34033,belo horizonte,MG
CUST_008095,UNIQ_008095,52910,maceio,AL
CUST_008096,UNIQ_008096,43619,curitiba,PR
CUST_008097,UNIQ_008097,47330,natal,RN
CUST_008098,UNIQ_008098,47544,maceio,AL
CUST_008099,UNIQ_008099,84725,belem,PA
CUST_008100,UNIQ_008100,24220,porto alegre,RS
CUST_008101,UNIQ_008101,61761,salvador,BA
CUST_008102,UNIQ_008102,21338,manaus,AM
CUST_008103,UNIQ_008103,75269,maceio,AL
CUST_008104,UNIQ_008104,26661,manaus,AM
CUST_008105,UNIQ_008105,14678,aracaju,SE
CUST_008106,UNIQ_008106,72759,joao pessoa,PB
CUST_008107,UNIQ_008107,24602,salvador,BA
CUST_008108,UNIQ_008108,14984,recife,PE
CUST_008109,UNIQ_008109,34179,natal,RN
CUST_008110,UNIQ_008110,18834,belo horizonte,MG
CUST_008111,UNIQ_008111,67140,recife,PE
CUST_008112,UNIQ_008112,58614,porto velho,RO
CUST_008113,UNIQ_008113,28711,campo grande,MS
CUST_008114,UNIQ_008114,88250,campo grande,MS
CUST_008115,UNIQ_008115,96884,rio de janeiro,RJ
CUST_008116,UNIQ_008116,34768,aracaju,SE
CUST_008117,UNIQ_008117,51670,manaus,AM
CUST_008118,UNIQ_008118,84553,rio de janeiro,RJ
CUST_008119,UNIQ_008119,30016,sao paulo,SP
CUST_008120,UNIQ_008120,42873,goiania,GO
CUST_008121,UNIQ_008121,55890,curitiba,PR
CUST_008122,UNIQ_008122,36299,campo grande,MS
CUST_008123,UNIQ_008123,61290,rio de janeiro,RJ
CUST_008124,UNIQ_008124,30066,natal,RN
CUST_008125,UNIQ_008125,76269,belem,PA
CUST_008126,UNIQ_008126,39522,belo horizonte,MG
CUST_008127,UNIQ_008127,92210,curitiba,PR
CUST_008128,UNIQ_008128,54025,manaus,AM
CUST_008129,UNIQ_008129,13317,campo grande,MS
CUST_008130,UNIQ_008130,19094,campo grande,MS
CUST_008131,UNIQ_008131,88860,recife,PE
CUST_008132,UNIQ_008132,47723,aracaju,SE
CUST_008133,UNIQ_008133,31115,maceio,AL
CUST_008134,UNIQ_008134,81712,fortaleza,CE
CUST_008135,UNIQ_008135,17433,goiania,GO
CUST_008136,UNIQ_008136,99753,salvador,BA
CUST_008137,UNIQ_008137,63729,belo horizonte,MG
CUST_008138,UNIQ_008138,80028,aracaju,SE
CUST_008139,UNIQ_008139,91079,sao paulo,SP
CUST_008140,UNIQ_008140,52160,curitiba,PR
CUST_008141,UNIQ_008141,15037,florianopolis,SC
CUST_008142,UNIQ_008142,23604,fortaleza,CE
CUST_008143,UNIQ_008143,10773,recife,PE
CUST_008144,UNIQ_008144,10448,natal,RN
CUST_008145,UNIQ_008145,17656,cuiaba,MT
CUST_008146,UNIQ_008146,84311,natal,RN
CUST_008147,UNIQ_008147,39428,salvador,BA
CUST_008148,UNIQ_008148,83877,rio de janeiro,RJ
CUST_008149,UNIQ_008149,19689,maceio,AL
CUST_008150,UNIQ_008150,95047,sao paulo,SP
CUST_008151,UNIQ_008151,84906,joao pessoa,PB
CUST_008152,UNIQ_008152,47023,natal,RN
CUST_008153,UNIQ_008153,60694,porto velho,RO
CUST_008154,UNIQ_008154,41151,campo grande,MS
CUST_008155,UNIQ_008155,90295,joao pessoa,PB
CUST_008156,UNIQ_008156,55239,porto alegre,RS
CUST_008157,UNIQ_008157,72800,campo grande,MS
CUST_008158,UNIQ_008158,69535,fortaleza,CE
CUST_008159,UNIQ_008159,57203,maceio,AL
CUST_008160,UNIQ_008160,28927,recife,PE
CUST_008161,UNIQ_008161,93505,belem,PA
CUST_008162,UNIQ_008162,60915,curitiba,PR
CUST_008163,UNIQ_008163,31013,porto alegre,RS
CUST_008164,UNIQ_008164,12744,florianopolis,SC
CUST_008165,UNIQ_008165,49302,teresina,PI
CUST_008166,UNIQ_008166,15577,fortaleza,CE
CUST_008167,UNIQ_008167,63788,campo grande,MS
CUST_008168,UNIQ_008168,39751,maceio,AL
CUST_008169,UNIQ_008169,26387,natal,RN
CUST_008170,UNIQ_008170,37276,florianopolis,SC
CUST_008171,UNIQ_008171,65199,natal,RN
CUST_008172,UNIQ_008172,70369,teresina,PI
CUST_008173,UNIQ_008173,68181,campo grande,MS
CUST_008174,UNIQ_008174,70754,natal,RN
CUST_008175,UNIQ_008175,54276,florianopolis,SC
CUST_008176,UNIQ_008176,97211,goiania,GO
CUST_008177,UNIQ_008177,27447,natal,RN
CUST_008178,UNIQ_008178,36989,aracaju,SE
CUST_008179,UNIQ_008179,38437,recife,PE
CUST_008180,UNIQ_008180,84499,manaus,AM
CUST_008181,UNIQ_008181,96419,manaus,AM
CUST_008182,UNIQ_008182,57633,porto velho,RO
CUST_008183,UNIQ_008183,81854,campo grande,MS
CUST_008184,UNIQ_008184,59127,teresina,PI
CUST_008185,UNIQ_008185,37985,belem,PA
CUST_008186,UNIQ_008186,28524,natal,RN
CUST_008187,UNIQ_008187,24240,joao pessoa,PB
CUST_008188,UNIQ_008188,95490,maceio,AL
CUST_008189,UNIQ_008189,49363,campo grande,MS
CUST_008190,UNIQ_008190,64017,porto velho,RO
CUST_008191,UNIQ_008191,36137,rio de janeiro,RJ
CUST_008192,UNIQ_008192,54260,manaus,AM
CUST_008193,UNIQ_008193,30541,maceio,AL
CUST_008194,UNIQ_008194,77829,natal,RN
CUST_008195,UNIQ_008195,33634,teresina,PI
CUST_008196,UNIQ_008196,13124,campo grande,MS
CUST_008197,UNIQ_008197,60589,manaus,AM
CUST_008198,UNIQ_008198,97424,cuiaba,MT
CUST_008199,UNIQ_008199,45824,curitiba,PR
CUST_008200,UNIQ_008200,30428,cuiaba,MT
CUST_008201,UNIQ_008201,85375,natal,RN
CUST_008202,UNIQ_008202,29750,manaus,AM
CUST_008203,UNIQ_008203,51483,teresina,PI
CUST_008204,UNIQ_008204,42204,campo grande,MS
CUST_008205,UNIQ_008205,73790,fortaleza,CE
CUST_008206,UNIQ_008206,90000,goiania,GO
CUST_008207,UNIQ_008207,79545,porto velho,RO
CUST_008208,UNIQ_008208,98629,rio de janeiro,RJ
CUST_008209,UNIQ_008209,18566,salvador,BA
CUST_008210,UNIQ_008210,12813,belo horizonte,MG
CUST_008211,UNIQ_008211,16914,sao paulo,SP
CUST_008212,UNIQ_008212,21789,goiania,GO
CUST_008213,UNIQ_008213,56752,goiania,GO
CUST_008214,UNIQ_008214,29739,manaus,AM
CUST_008215,UNIQ_008215,50312,manaus,AM
CUST_008216,UNIQ_008216,57571,belo horizonte,MG
CUST_008217,UNIQ_008217,51353,porto velho,RO
CUST_008218,UNIQ_008218,68538,cuiaba,MT
CUST_008219,UNIQ_008219,54383,joao pessoa,PB
CUST_008220,UNIQ_008220,47976,curitiba,PR
CUST_008221,UNIQ_008221,23303,belem,PA
CUST_008222,UNIQ_008222,30946,maceio,AL
CUST_008223,UNIQ_008223,31398,fortaleza,CE
CUST_008224,UNIQ_008224,25524,teresina,PI
CUST_008225,UNIQ_008225,91040,maceio,AL
CUST_008226,UNIQ_008226,30746,teresina,PI
CUST_008227,UNIQ_008227,82393,maceio,AL
CUST_008228,UNIQ_008228,46861,joao pessoa,PB
CUST_008229,UNIQ_008229,24858,recife,PE
CUST_008230,UNIQ_008230,68314,fortaleza,CE
CUST_008231,UNIQ_008231,15161,salvador,BA
CUST_008232,UNIQ_008232,59931,fortaleza,CE
CUST_008233,UNIQ_008233,59724,joao pessoa,PB
CUST_008234,UNIQ_008234,32342,joao pessoa,PB
CUST_008235,UNIQ_008235,86831,sao paulo,SP
CUST_008236,UNIQ_008236,67794,florianopolis,SC
CUST_008237,UNIQ_008237,84961,cuiaba,MT
CUST_008238,UNIQ_008238,68632,curitiba,PR
CUST_008239,UNIQ_008239,74456,sao paulo,SP
CUST_008240,UNIQ_008240,55066,cuiaba,MT
CUST_008241,UNIQ_008241,21142,goiania,GO
CUST_008242,UNIQ_008242,19029,florianopolis,SC
CUST_008243,UNIQ_008243,27687,curitiba,PR
CUST_008244,UNIQ_008244,49335,porto velho,RO
CUST_008245,UNIQ_008245,29593,natal,RN
CUST_008246,UNIQ_008246,97674,salvador,BA
CUST_008247,UNIQ_008247,93128,manaus,AM
CUST_008248,UNIQ_008248,48318,goiania,GO
CUST_008249,UNIQ_008249,56492,belo horizonte,MG
CUST_008250,UNIQ_008250,74847,porto velho,RO
CUST_008251,UNIQ_008251,91508,sao paulo,SP
CUST_008252,UNIQ_008252,64753,cuiaba,MT
CUST_008253,UNIQ_008253,57869,curitiba,PR
CUST_008254,UNIQ_008254,35168,porto alegre,RS
CUST_008255,UNIQ_008255,46732,aracaju,SE
CUST_008256,UNIQ_008256,13072,aracaju,SE
CUST_008257,UNIQ_008257,51755,joao pessoa,PB
CUST_008258,UNIQ_008258,16817,curitiba,PR
CUST_008259,UNIQ_008259,50191,recife,PE
CUST_008260,UNIQ_008260,68842,porto alegre,RS
CUST_008261,UNIQ_008261,54239,teresina,PI
CUST_008262,UNIQ_008262,45761,rio de janeiro,RJ
CUST_008263,UNIQ_008263,96430,campo grande,MS
CUST_008264,UNIQ_008264,53636,belo horizonte,MG
CUST_008265,UNIQ_008265,14112,maceio,AL
CUST_008266,UNIQ_008266,91811,fortaleza,CE
CUST_008267,UNIQ_008267,85189,sao paulo,SP
CUST_008268,UNIQ_008268,49676,sao paulo,SP
CUST_008269,UNIQ_008269,36167,natal,RN
CUST_008270,UNIQ_008270,59809,joao pessoa,PB
CUST_008271,UNIQ_008271,14716,natal,RN
CUST_008272,UNIQ_008272,59170,porto alegre,RS
CUST_008273,UNIQ_008273,58076,goiania,GO
CUST_008274,UNIQ_008274,65641,aracaju,SE
CUST_008275,UNIQ_008275,54843,teresina,PI
CUST_008276,UNIQ_008276,55382,fortaleza,CE
CUST_008277,UNIQ_008277,82401,porto alegre,RS
CUST_008278,UNIQ_008278,74071,manaus,AM
CUST_008279,UNIQ_008279,44953,belem,PA
CUST_008280,UNIQ_008280,68965,belo horizonte,MG
CUST_008281,UNIQ_008281,97323,belo horizonte,MG
CUST_008282,UNIQ_008282,76688,goiania,GO
CUST_008283,UNIQ_008283,13015,salvador,BA
CUST_008284,UNIQ_008284,24031,fortaleza,CE
CUST_008285,UNIQ_008285,19753,recife,PE
CUST_008286,UNIQ_008286,58940,curitiba,PR
CUST_008287,UNIQ_008287,30185,belo horizonte,MG
CUST_008288,UNIQ_008288,41056,cuiaba,MT
CUST_008289,UNIQ_008289,19884,belo horizonte,MG
CUST_008290,UNIQ_008290,11762,sao paulo,SP
CUST_008291,UNIQ_008291,90931,goiania,GO
CUST_008292,UNIQ_008292,30479,belo horizonte,MG
CUST_008293,UNIQ_008293,92067,cuiaba,MT
CUST_008294,UNIQ_008294,92706,campo grande,MS
CUST_008295,UNIQ_008295,97154,goiania,GO
CUST_008296,UNIQ_008296,90290,salvador,BA
CUST_008297,UNIQ_008297,17361,salvador,BA
CUST_008298,UNIQ_008298,36151,fortaleza,CE
CUST_008299,UNIQ_008299,34323,belo horizonte,MG
CUST_008300,UNIQ_008300,22004,belo horizonte,MG
CUST_008301,UNIQ_008301,66750,sao paulo,SP
CUST_008302,UNIQ_008302,37553,recife,PE
CUST_008303,UNIQ_008303,20408,rio de janeiro,RJ
CUST_008304,UNIQ_008304,51996,natal,RN
CUST_008305,UNIQ_008305,35249,aracaju,SE
CUST_008306,UNIQ_008306,35860,joao pessoa,PB
CUST_008307,UNIQ_008307,89358,joao pessoa,PB
CUST_008308,UNIQ_008308,71500,curitiba,PR
CUST_008309,UNIQ_008309,98625,belem,PA
CUST_008310,UNIQ_008310,18030,cuiaba,MT
CUST_008311,UNIQ_008311,34238,campo grande,MS
CUST_008312,UNIQ_008312,10827,aracaju,SE
CUST_008313,UNIQ_008313,33049,belo horizonte,MG
CUST_008314,UNIQ_008314,44506,manaus,AM
CUST_008315,UNIQ_008315,81040,fortaleza,CE
CUST_008316,UNIQ_008316,34817,cuiaba,MT
CUST_008317,UNIQ_008317,19932,salvador,BA
CUST_008318,UNIQ_008318,34516,manaus,AM
CUST_008319,UNIQ_008319,39847,goiania,GO
CUST_008320,UNIQ_008320,61729,curitiba,PR
CUST_008321,UNIQ_008321,48891,cuiaba,MT
CUST_008322,UNIQ_008322,64038,porto velho,RO
CUST_008323,UNIQ_008323,93964,aracaju,SE
CUST_008324,UNIQ_008324,38607,belem,PA
CUST_008325,UNIQ_008325,42892,teresina,PI
CUST_008326,UNIQ_008326,41558,florianopolis,SC
CUST_008327,UNIQ_008327,10915,aracaju,SE
CUST_008328,UNIQ_008328,46890,porto alegre,RS
CUST_008329,UNIQ_008329,18474,curitiba,PR
CUST_008330,UNIQ_008330,18229,rio de janeiro,RJ
CUST_008331,UNIQ_008331,55118,joao pessoa,PB
CUST_008332,UNIQ_008332,91244,rio de janeiro,RJ
CUST_008333,UNIQ_008333,20479,teresina,PI
CUST_008334,UNIQ_008334,11572,campo grande,MS
CUST_008335,UNIQ_008335,51733,belo horizonte,MG
CUST_008336,UNIQ_008336,57379,cuiaba,MT
CUST_008337,UNIQ_008337,98892,porto velho,RO
CUST_008338,UNIQ_008338,84606,belo horizonte,MG
CUST_008339,UNIQ_008339,51820,porto alegre,RS
CUST_008340,UNIQ_008340,56938,campo grande,MS
CUST_008341,UNIQ_008341,58554,joao pessoa,PB
CUST_008342,UNIQ_008342,49353,joao pessoa,PB
CUST_008343,UNIQ_008343,51087,joao pessoa,PB
CUST_008344,UNIQ_008344,34941,maceio,AL
CUST_008345,UNIQ_008345,86969,recife,PE
CUST_008346,UNIQ_008346,15596,curitiba,PR
CUST_008347,UNIQ_008347,63704,florianopolis,SC
CUST_008348,UNIQ_008348,70508,campo grande,MS
CUST_008349,UNIQ_008349,62853,goiania,GO
CUST_008350,UNIQ_008350,70868,campo grande,MS
CUST_008351,UNIQ_008351,30012,campo grande,MS
CUST_008352,UNIQ_008352,60536,fortaleza,CE
CUST_008353,UNIQ_008353,13208,teresina,PI
CUST_008354,UNIQ_008354,51513,fortaleza,CE
CUST_008355,UNIQ_008355,92862,natal,RN
CUST_008356,UNIQ_008356,62352,fortaleza,CE
CUST_008357,UNIQ_008357,11828,florianopolis,SC
CUST_008358,UNIQ_008358,96739,teresina,PI
CUST_008359,UNIQ_008359,29796,curitiba,PR
CUST_008360,UNIQ_008360,34105,cuiaba,MT
CUST_008361,UNIQ_008361,22431,manaus,AM
CUST_008362,UNIQ_008362,61287,sao paulo,SP
CUST_008363,UNIQ_008363,29647,joao pessoa,PB
CUST_008364,UNIQ_008364,54212,porto alegre,RS
CUST_008365,UNIQ_008365,12841,manaus,AM
CUST_008366,UNIQ_008366,61410,joao pessoa,PB
CUST_008367,UNIQ_008367,49783,curitiba,PR
CUST_008368,UNIQ_008368,46394,maceio,AL
CUST_008369,UNIQ_008369,34896,recife,PE
CUST_008370,UNIQ_008370,89537,joao pessoa,PB
CUST_008371,UNIQ_008371,66735,joao pessoa,PB
CUST_008372,UNIQ_008372,30948,teresina,PI
CUST_008373,UNIQ_008373,97266,joao pessoa,PB
CUST_008374,UNIQ_008374,56316,rio de janeiro,RJ
CUST_008375,UNIQ_008375,18769,salvador,BA
CUST_008376,UNIQ_008376,72482,goiania,GO
CUST_008377,UNIQ_008377,47921,porto velho,RO
CUST_008378,UNIQ_008378,40821,fortaleza,CE
CUST_008379,UNIQ_008379,74779,aracaju,SE
CUST_008380,UNIQ_008380,64571,manaus,AM
CUST_008381,UNIQ_008381,11699,joao pessoa,PB
CUST_008382,UNIQ_008382,92773,belem,PA
CUST_008383,UNIQ_008383,54378,curitiba,PR
CUST_008384,UNIQ_008384,99660,belem,PA
CUST_008385,UNIQ_008385,66229,porto velho,RO
CUST_008386,UNIQ_008386,25970,porto velho,RO
CUST_008387,UNIQ_008387,26964,porto velho,RO
CUST_008388,UNIQ_008388,46948,aracaju,SE
CUST_008389,UNIQ_008389,58936,goiania,GO
CUST_008390,UNIQ_008390,58439,fortaleza,CE
CUST_008391,UNIQ_008391,72065,cuiaba,MT
CUST_008392,UNIQ_008392,12321,belo horizonte,MG
CUST_008393,UNIQ_008393,58497,campo grande,MS
CUST_008394,UNIQ_008394,42258,teresina,PI
CUST_008395,UNIQ_008395,52755,manaus,AM
CUST_008396,UNIQ_008396,50964,recife,PE
CUST_008397,UNIQ_008397,46769,joao pessoa,PB
CUST_008398,UNIQ_008398,54663,maceio,AL
CUST_008399,UNIQ_008399,53392,cuiaba,MT
CUST_008400,UNIQ_008400,26663,manaus,AM
CUST_008401,UNIQ_008401,92926,goiania,GO
CUST_008402,UNIQ_008402,40005,cuiaba,MT
CUST_008403,UNIQ_008403,89873,cuiaba,MT
CUST_008404,UNIQ_008404,42649,recife,PE
CUST_008405,UNIQ_008405,83832,joao pessoa,PB
CUST_008406,UNIQ_008406,12542,joao pessoa,PB
CUST_008407,UNIQ_008407,76972,goiania,GO
CUST_008408,UNIQ_008408,60350,salvador,BA
CUST_008409,UNIQ_008409,91737,fortaleza,CE
CUST_008410,UNIQ_008410,20657,goiania,GO
CUST_008411,UNIQ_008411,74348,aracaju,SE
CUST_008412,UNIQ_008412,88983,campo grande,MS
CUST_008413,UNIQ_008413,18772,porto alegre,RS
CUST_008414,UNIQ_008414,61062,campo grande,MS
CUST_008415,UNIQ_008415,46203,manaus,AM
CUST_008416,UNIQ_008416,57681,fortaleza,CE
CUST_008417,UNIQ_008417,72094,rio de janeiro,RJ
CUST_008418,UNIQ_008418,39272,recife,PE
CUST_008419,UNIQ_008419,52888,sao paulo,SP
CUST_008420,UNIQ_008420,91350,florianopolis,SC
CUST_008421,UNIQ_008421,83646,joao pessoa,PB
CUST_008422,UNIQ_008422,45750,fortaleza,CE
CUST_008423,UNIQ_008423,73530,goiania,GO
CUST_008424,UNIQ_008424,89268,goiania,GO
CUST_008425,UNIQ_008425,36222,maceio,AL
CUST_008426,UNIQ_008426,88326,manaus,AM
CUST_008427,UNIQ_008427,25776,porto velho,RO
CUST_008428,UNIQ_008428,17938,belem,PA
CUST_008429,UNIQ_008429,78616,manaus,AM
CUST_008430,UNIQ_008430,47022,aracaju,SE
CUST_008431,UNIQ_008431,59284,recife,PE
CUST_008432,UNIQ_008432,11430,teresina,PI
CUST_008433,UNIQ_008433,44208,belem,PA
CUST_008434,UNIQ_008434,28882,manaus,AM
CUST_008435,UNIQ_008435,13313,belem,PA
CUST_008436,UNIQ_008436,95411,sao paulo,SP
CUST_008437,UNIQ_008437,20316,teresina,PI
CUST_008438,UNIQ_008438,70940,florianopolis,SC
CUST_008439,UNIQ_008439,68547,fortaleza,CE
CUST_008440,UNIQ_008440,82779,natal,RN
CUST_008441,UNIQ_008441,87836,curitiba,PR
CUST_008442,UNIQ_008442,51168,campo grande,MS
CUST_008443,UNIQ_008443,45855,salvador,BA
CUST_008444,UNIQ_008444,46169,campo grande,MS
CUST_008445,UNIQ_008445,89500,manaus,AM
CUST_008446,UNIQ_008446,47324,campo grande,MS
CUST_008447,UNIQ_008447,86871,curitiba,PR
CUST_008448,UNIQ_008448,52310,fortaleza,CE
CUST_008449,UNIQ_008449,26241,sao paulo,SP
CUST_008450,UNIQ_008450,52799,rio de janeiro,RJ
CUST_008451,UNIQ_008451,72534,maceio,AL
CUST_008452,UNIQ_008452,28579,florianopolis,SC
CUST_008453,UNIQ_008453,59155,goiania,GO
CUST_008454,UNIQ_008454,13337,maceio,AL
CUST_008455,UNIQ_008455,94715,teresina,PI
CUST_008456,UNIQ_008456,61843,goiania,GO
CUST_008457,UNIQ_008457,52809,curitiba,PR
CUST_008458,UNIQ_008458,14526,porto velho,RO
CUST_008459,UNIQ_008459,52469,belem,PA
CUST_008460,UNIQ_008460,84518,cuiaba,MT
CUST_008461,UNIQ_008461,77070,rio de janeiro,RJ
CUST_008462,UNIQ_008462,27284,rio de janeiro,RJ
CUST_008463,UNIQ_008463,18372,joao pessoa,PB
CUST_008464,UNIQ_008464,28338,belo horizonte,MG
CUST_008465,UNIQ_008465,23402,fortaleza,CE
CUST_008466,UNIQ_008466,31414,aracaju,SE
CUST_008467,UNIQ_008467,22040,recife,PE
CUST_008468,UNIQ_008468,56803,florianopolis,SC
CUST_008469,UNIQ_008469,20637,goiania,GO
CUST_008470,UNIQ_008470,55032,teresina,PI
CUST_008471,UNIQ_008471,74547,belo horizonte,MG
CUST_008472,UNIQ_008472,81448,natal,RN
CUST_008473,UNIQ_008473,78770,rio de janeiro,RJ
CUST_008474,UNIQ_008474,94124,teresina,PI
CUST_008475,UNIQ_008475,30314,natal,RN
CUST_008476,UNIQ_008476,21727,maceio,AL
CUST_008477,UNIQ_008477,68785,manaus,AM
CUST_008478,UNIQ_008478,25105,curitiba,PR
CUST_008479,UNIQ_008479,39805,porto alegre,RS
CUST_008480,UNIQ_008480,17407,recife,PE
CUST_008481,UNIQ_008481,13175,maceio,AL
CUST_008482,UNIQ_008482,94266,rio de janeiro,RJ
CUST_008483,UNIQ_008483,72743,recife,PE
CUST_008484,UNIQ_008484,15528,rio de janeiro,RJ
CUST_008485,UNIQ_008485,40495,recife,PE
CUST_008486,UNIQ_008486,28045,fortaleza,CE
CUST_008487,UNIQ_008487,51872,aracaju,SE
CUST_008488,UNIQ_008488,60793,goiania,GO
CUST_008489,UNIQ_008489,12523,natal,RN
CUST_008490,UNIQ_008490,47963,aracaju,SE
CUST_008491,UNIQ_008491,13081,joao pessoa,PB
CUST_008492,UNIQ_008492,82093,teresina,PI
CUST_008493,UNIQ_008493,15259,belo horizonte,MG
CUST_008494,UNIQ_008494,87289,manaus,AM
CUST_008495,UNIQ_008495,37372,rio de janeiro,RJ
CUST_008496,UNIQ_008496,86380,recife,PE
CUST_008497,UNIQ_008497,10937,joao pessoa,PB
CUST_008498,UNIQ_008498,20567,florianopolis,SC
CUST_008499,UNIQ_008499,58249,cuiaba,MT
CUST_008500,UNIQ_008500,31519,aracaju,SE
CUST_008501,UNIQ_008501,37889,natal,RN
CUST_008502,UNIQ_008502,80284,fortaleza,CE
CUST_008503,UNIQ_008503,92271,sao paulo,SP
CUST_008504,UNIQ_008504,46885,porto velho,RO
CUST_008505,UNIQ_008505,82910,porto alegre,RS
CUST_008506,UNIQ_008506,76962,florianopolis,SC
CUST_008507,UNIQ_008507,30953,natal,RN
CUST_008508,UNIQ_008508,89641,manaus,AM
CUST_008509,UNIQ_008509,53841,porto alegre,RS
CUST_008510,UNIQ_008510,52868,manaus,AM
CUST_008511,UNIQ_008511,61463,porto alegre,RS
CUST_008512,UNIQ_008512,95257,salvador,BA
CUST_008513,UNIQ_008513,69198,belem,PA
CUST_008514,UNIQ_008514,68398,sao paulo,SP
CUST_008515,UNIQ_008515,95381,porto velho,RO
CUST_008516,UNIQ_008516,63174,aracaju,SE
CUST_008517,UNIQ_008517,34226,manaus,AM
CUST_008518,UNIQ_008518,15460,salvador,BA
CUST_008519,UNIQ_008519,23989,natal,RN
CUST_008520,UNIQ_008520,36233,manaus,AM
CUST_008521,UNIQ_008521,49139,cuiaba,MT
CUST_008522,UNIQ_008522,87759,manaus,AM
CUST_008523,UNIQ_008523,57308,belem,PA
CUST_008524,UNIQ_008524,17126,campo grande,MS
CUST_008525,UNIQ_008525,84297,recife,PE
CUST_008526,UNIQ_008526,38417,porto alegre,RS
CUST_008527,UNIQ_008527,13121,aracaju,SE
CUST_008528,UNIQ_008528,11620,belem,PA
CUST_008529,UNIQ_008529,33713,manaus,AM
CUST_008530,UNIQ_008530,37047,goiania,GO
CUST_008531,UNIQ_008531,60930,joao pessoa,PB
CUST_008532,UNIQ_008532,70015,goiania,GO
CUST_008533,UNIQ_008533,88880,natal,RN
CUST_008534,UNIQ_008534,74445,curitiba,PR
CUST_008535,UNIQ_008535,83509,joao pessoa,PB
CUST_008536,UNIQ_008536,47400,porto velho,RO
CUST_008537,UNIQ_008537,20180,recife,PE
CUST_008538,UNIQ_008538,24058,porto velho,RO
CUST_008539,UNIQ_008539,14089,sao paulo,SP
CUST_008540,UNIQ_008540,16557,porto velho,RO
CUST_008541,UNIQ_008541,45944,sao paulo,SP
CUST_008542,UNIQ_008542,49773,sao paulo,SP
CUST_008543,UNIQ_008543,59993,campo grande,MS
CUST_008544,UNIQ_008544,30904,cuiaba,MT
CUST_008545,UNIQ_008545,17017,salvador,BA
CUST_008546,UNIQ_008546,38220,florianopolis,SC
CUST_008547,UNIQ_008547,65465,manaus,AM
CUST_008548,UNIQ_008548,19974,florianopolis,SC
CUST_008549,UNIQ_008549,64720,porto alegre,RS
CUST_008550,UNIQ_008550,48989,sao paulo,SP
CUST_008551,UNIQ_008551,25738,rio de janeiro,RJ
CUST_008552,UNIQ_008552,28591,belem,PA
CUST_008553,UNIQ_008553,69890,porto alegre,RS
CUST_008554,UNIQ_008554,25771,manaus,AM
CUST_008555,UNIQ_008555,72456,sao paulo,SP
CUST_008556,UNIQ_008556,11880,curitiba,PR
CUST_008557,UNIQ_008557,21284,salvador,BA
CUST_008558,UNIQ_008558,69669,recife,PE
CUST_008559,UNIQ_008559,83065,cuiaba,MT
CUST_008560,UNIQ_008560,45398,porto alegre,RS
CUST_008561,UNIQ_008561,83823,sao paulo,SP
CUST_008562,UNIQ_008562,18294,joao pessoa,PB
CUST_008563,UNIQ_008563,38242,fortaleza,CE
CUST_008564,UNIQ_008564,62106,belo horizonte,MG
CUST_008565,UNIQ_008565,13918,natal,RN
CUST_008566,UNIQ_008566,75198,rio de janeiro,RJ
CUST_008567,UNIQ_008567,71040,teresina,PI
CUST_008568,UNIQ_008568,32940,teresina,PI
CUST_008569,UNIQ_008569,85597,sao paulo,SP
CUST_008570,UNIQ_008570,96063,rio de janeiro,RJ
CUST_008571,UNIQ_008571,46808,belo horizonte,MG
CUST_008572,UNIQ_008572,72805,belem,PA
CUST_008573,UNIQ_008573,45033,manaus,AM
CUST_008574,UNIQ_008574,97981,sao paulo,SP
CUST_008575,UNIQ_008575,34650,porto alegre,RS
CUST_008576,UNIQ_008576,68718,recife,PE
CUST_008577,UNIQ_008577,95220,sao paulo,SP
CUST_008578,UNIQ_008578,83821,rio de janeiro,RJ
CUST_008579,UNIQ_008579,83261,teresina,PI
CUST_008580,UNIQ_008580,40345,joao pessoa,PB
CUST_008581,UNIQ_008581,47554,rio de janeiro,RJ
CUST_008582,UNIQ_008582,21588,florianopolis,SC
CUST_008583,UNIQ_008583,58142,porto velho,RO
CUST_008584,UNIQ_008584,71928,campo grande,MS
CUST_008585,UNIQ_008585,31482,maceio,AL
CUST_008586,UNIQ_008586,96324,florianopolis,SC
CUST_008587,UNIQ_008587,82223,florianopolis,SC
CUST_008588,UNIQ_008588,29096,maceio,AL
CUST_008589,UNIQ_008589,93796,goiania,GO
CUST_008590,UNIQ_008590,63346,florianopolis,SC
CUST_008591,UNIQ_008591,86049,curitiba,PR
CUST_008592,UNIQ_008592,58773,natal,RN
CUST_008593,UNIQ_008593,55539,campo grande,MS
CUST_008594,UNIQ_008594,29350,belem,PA
CUST_008595,UNIQ_008595,98566,joao pessoa,PB
CUST_008596,UNIQ_008596,63454,maceio,AL
CUST_008597,UNIQ_008597,66585,florianopolis,SC
CUST_008598,UNIQ_008598,88925,belo horizonte,MG
CUST_008599,UNIQ_008599,28040,porto alegre,RS
CUST_008600,UNIQ_008600,57011,goiania,GO
CUST_008601,UNIQ_008601,69083,campo grande,MS
CUST_008602,UNIQ_008602,99173,maceio,AL
CUST_008603,UNIQ_008603,15604,curitiba,PR
CUST_008604,UNIQ_008604,76368,goiania,GO
CUST_008605,UNIQ_008605,88484,fortaleza,CE
CUST_008606,UNIQ_008606,80806,goiania,GO
CUST_008607,UNIQ_008607,85195,curitiba,PR
CUST_008608,UNIQ_008608,36976,fortaleza,CE
CUST_008609,UNIQ_008609,20714,natal,RN
CUST_008610,UNIQ_008610,24664,teresina,PI
CUST_008611,UNIQ_008611,81302,aracaju,SE
CUST_008612,UNIQ_008612,78100,rio de janeiro,RJ
CUST_008613,UNIQ_008613,85427,salvador,BA
CUST_008614,UNIQ_008614,43386,sao paulo,SP
CUST_008615,UNIQ_008615,97115,maceio,AL
CUST_008616,UNIQ_008616,39724,curitiba,PR
CUST_008617,UNIQ_008617,74117,goiania,GO
CUST_008618,UNIQ_008618,52662,salvador,BA
CUST_008619,UNIQ_008619,81886,florianopolis,SC
CUST_008620,UNIQ_008620,78566,natal,RN
CUST_008621,UNIQ_008621,38714,natal,RN
CUST_008622,UNIQ_008622,56023,cuiaba,MT
CUST_008623,UNIQ_008623,23949,teresina,PI
CUST_008624,UNIQ_008624,93947,recife,PE
CUST_008625,UNIQ_008625,30408,campo grande,MS
CUST_008626,UNIQ_008626,10078,manaus,AM
CUST_008627,UNIQ_008627,24129,aracaju,SE
CUST_008628,UNIQ_008628,28920,joao pessoa,PB
CUST_008629,UNIQ_008629,50180,belo horizonte,MG
CUST_008630,UNIQ_008630,63230,recife,PE
CUST_008631,UNIQ_008631,37426,belem,PA
CUST_008632,UNIQ_008632,93656,maceio,AL
CUST_008633,UNIQ_008633,35035,salvador,BA
CUST_008634,UNIQ_008634,12125,sao paulo,SP
CUST_008635,UNIQ_008635,48769,sao paulo,SP
CUST_008636,UNIQ_008636,37143,salvador,BA
CUST_008637,UNIQ_008637,99192,curitiba,PR
CUST_008638,UNIQ_008638,18784,belo horizonte,MG
CUST_008639,UNIQ_008639,69323,porto alegre,RS
CUST_008640,UNIQ_008640,65301,salvador,BA
CUST_008641,UNIQ_008641,96715,florianopolis,SC
CUST_008642,UNIQ_008642,11385,natal,RN
CUST_008643,UNIQ_008643,49349,porto velho,RO
CUST_008644,UNIQ_008644,60822,goiania,GO
CUST_008645,UNIQ_008645,37321,florianopolis,SC
CUST_008646,UNIQ_008646,66167,belem,PA
CUST_008647,UNIQ_008647,87291,porto velho,RO
CUST_008648,UNIQ_008648,93259,joao pessoa,PB
CUST_008649,UNIQ_008649,87769,porto velho,RO
CUST_008650,UNIQ_008650,99013,rio de janeiro,RJ
CUST_008651,UNIQ_008651,14131,joao pessoa,PB
CUST_008652,UNIQ_008652,51894,joao pessoa,PB
CUST_008653,UNIQ_008653,14068,florianopolis,SC
CUST_008654,UNIQ_008654,72075,porto alegre,RS
CUST_008655,UNIQ_008655,80650,natal,RN
CUST_008656,UNIQ_008656,65404,salvador,BA
CUST_008657,UNIQ_008657,91295,cuiaba,MT
CUST_008658,UNIQ_008658,99764,florianopolis,SC
CUST_008659,UNIQ_008659,13581,joao pessoa,PB
CUST_008660,UNIQ_008660,15068,natal,RN
CUST_008661,UNIQ_008661,21380,joao pessoa,PB
CUST_008662,UNIQ_008662,43050,joao pessoa,PB
CUST_008663,UNIQ_008663,22065,maceio,AL
CUST_008664,UNIQ_008664,42163,belo horizonte,MG
CUST_008665,UNIQ_008665,69596,salvador,BA
CUST_008666,UNIQ_008666,54221,natal,RN
CUST_008667,UNIQ_008667,89116,recife,PE
CUST_008668,UNIQ_008668,14501,joao pessoa,PB
CUST_008669,UNIQ_008669,50607,goiania,GO
CUST_008670,UNIQ_008670,69139,maceio,AL
CUST_008671,UNIQ_008671,90441,manaus,AM
CUST_008672,UNIQ_008672,22445,teresina,PI
CUST_008673,UNIQ_008673,99630,sao paulo,SP
CUST_008674,UNIQ_008674,87781,fortaleza,CE
CUST_008675,UNIQ_008675,76361,sao paulo,SP
CUST_008676,UNIQ_008676,19057,campo grande,MS
CUST_008677,UNIQ_008677,33754,aracaju,SE
CUST_008678,UNIQ_008678,46010,campo grande,MS
CUST_008679,UNIQ_008679,60879,cuiaba,MT
CUST_008680,UNIQ_008680,95682,maceio,AL
CUST_008681,UNIQ_008681,43187,rio de janeiro,RJ
CUST_008682,UNIQ_008682,25423,cuiaba,MT
CUST_008683,UNIQ_008683,74369,aracaju,SE
CUST_008684,UNIQ_008684,69208,curitiba,PR
CUST_008685,UNIQ_008685,31331,belem,PA
CUST_008686,UNIQ_008686,48048,rio de janeiro,RJ
CUST_008687,UNIQ_008687,53439,porto velho,RO
CUST_008688,UNIQ_008688,24375,teresina,PI
CUST_008689,UNIQ_008689,20069,fortaleza,CE
CUST_008690,UNIQ_008690,73195,manaus,AM
CUST_008691,UNIQ_008691,42642,joao pessoa,PB
CUST_008692,UNIQ_008692,60764,sao paulo,SP
CUST_008693,UNIQ_008693,59377,curitiba,PR
CUST_008694,UNIQ_008694,49620,rio de janeiro,RJ
CUST_008695,UNIQ_008695,39284,curitiba,PR
CUST_008696,UNIQ_008696,99526,goiania,GO
CUST_008697,UNIQ_008697,74664,cuiaba,MT
CUST_008698,UNIQ_008698,68283,recife,PE
CUST_008699,UNIQ_008699,23308,salvador,BA
CUST_008700,UNIQ_008700,28245,curitiba,PR
CUST_008701,UNIQ_008701,89325,fortaleza,CE
CUST_008702,UNIQ_008702,13103,cuiaba,MT
CUST_008703,UNIQ_008703,75030,campo grande,MS
CUST_008704,UNIQ_008704,66357,florianopolis,SC
CUST_008705,UNIQ_008705,78835,sao paulo,SP
CUST_008706,UNIQ_008706,93208,florianopolis,SC
CUST_008707,UNIQ_008707,23936,maceio,AL
CUST_008708,UNIQ_008708,72083,teresina,PI
CUST_008709,UNIQ_008709,46556,rio de janeiro,RJ
CUST_008710,UNIQ_008710,83044,teresina,PI
CUST_008711,UNIQ_008711,18773,teresina,PI
CUST_008712,UNIQ_008712,21435,belo horizonte,MG
CUST_008713,UNIQ_008713,97123,porto alegre,RS
CUST_008714,UNIQ_008714,72210,florianopolis,SC
CUST_008715,UNIQ_008715,76468,natal,RN
CUST_008716,UNIQ_008716,28025,recife,PE
CUST_008717,UNIQ_008717,13160,salvador,BA
CUST_008718,UNIQ_008718,21321,curitiba,PR
CUST_008719,UNIQ_008719,34483,cuiaba,MT
CUST_008720,UNIQ_008720,68471,manaus,AM
CUST_008721,UNIQ_008721,58931,maceio,AL
CUST_008722,UNIQ_008722,44472,maceio,AL
CUST_008723,UNIQ_008723,18758,joao pessoa,PB
CUST_008724,UNIQ_008724,86299,curitiba,PR
CUST_008725,UNIQ_008725,25184,teresina,PI
CUST_008726,UNIQ_008726,15210,maceio,AL
CUST_008727,UNIQ_008727,36535,recife,PE
CUST_008728,UNIQ_008728,49366,fortaleza,CE
CUST_008729,UNIQ_008729,61211,fortaleza,CE
CUST_008730,UNIQ_008730,58740,sao paulo,SP
CUST_008731,UNIQ_008731,76872,rio de janeiro,RJ
CUST_008732,UNIQ_008732,24778,sao paulo,SP
CUST_008733,UNIQ_008733,97282,aracaju,SE
CUST_008734,UNIQ_008734,86752,porto alegre,RS
CUST_008735,UNIQ_008735,11160,aracaju,SE
CUST_008736,UNIQ_008736,27964,belem,PA
CUST_008737,UNIQ_008737,41939,goiania,GO
CUST_008738,UNIQ_008738,37991,joao pessoa,PB
CUST_008739,UNIQ_008739,97036,manaus,AM
CUST_008740,UNIQ_008740,72688,joao pessoa,PB
CUST_008741,UNIQ_008741,38065,joao pessoa,PB
CUST_008742,UNIQ_008742,32599,salvador,BA
CUST_008743,UNIQ_008743,82487,natal,RN
CUST_008744,UNIQ_008744,19295,maceio,AL
CUST_008745,UNIQ_008745,97435,fortaleza,CE
CUST_008746,UNIQ_008746,76829,fortaleza,CE
CUST_008747,UNIQ_008747,18912,fortaleza,CE
CUST_008748,UNIQ_008748,77290,joao pessoa,PB
CUST_008749,UNIQ_008749,84207,belo horizonte,MG
CUST_008750,UNIQ_008750,42383,curitiba,PR
CUST_008751,UNIQ_008751,92001,teresina,PI
CUST_008752,UNIQ_008752,39536,florianopolis,SC
CUST_008753,UNIQ_008753,63266,porto alegre,RS
CUST_008754,UNIQ_008754,66606,rio de janeiro,RJ
CUST_008755,UNIQ_008755,52006,rio de janeiro,RJ
CUST_008756,UNIQ_008756,13626,natal,RN
CUST_008757,UNIQ_008757,98035,manaus,AM
CUST_008758,UNIQ_008758,61219,florianopolis,SC
CUST_008759,UNIQ_008759,89486,campo grande,MS
CUST_008760,UNIQ_008760,26688,recife,PE
CUST_008761,UNIQ_008761,90595,joao pessoa,PB
CUST_008762,UNIQ_008762,63284,aracaju,SE
CUST_008763,UNIQ_008763,41632,curitiba,PR
CUST_008764,UNIQ_008764,78322,porto velho,RO
CUST_008765,UNIQ_008765,75160,belem,PA
CUST_008766,UNIQ_008766,66720,belo horizonte,MG
CUST_008767,UNIQ_008767,14051,porto velho,RO
CUST_008768,UNIQ_008768,18694,teresina,PI
CUST_008769,UNIQ_008769,21120,maceio,AL
CUST_008770,UNIQ_008770,94069,fortaleza,CE
CUST_008771,UNIQ_008771,58433,rio de janeiro,RJ
CUST_008772,UNIQ_008772,61546,porto alegre,RS
CUST_008773,UNIQ_008773,70883,porto alegre,RS
CUST_008774,UNIQ_008774,49779,goiania,GO
CUST_008775,UNIQ_008775,89337,maceio,AL
CUST_008776,UNIQ_008776,50388,goiania,GO
CUST_008777,UNIQ_008777,77035,joao pessoa,PB
CUST_008778,UNIQ_008778,60606,joao pessoa,PB
CUST_008779,UNIQ_008779,83424,cuiaba,MT
CUST_008780,UNIQ_008780,88556,porto velho,RO
CUST_008781,UNIQ_008781,27991,cuiaba,MT
CUST_008782,UNIQ_008782,54181,joao pessoa,PB
CUST_008783,UNIQ_008783,74182,belo horizonte,MG
CUST_008784,UNIQ_008784,79827,goiania,GO
CUST_008785,UNIQ_008785,90788,aracaju,SE
CUST_008786,UNIQ_008786,42976,belo horizonte,MG
CUST_008787,UNIQ_008787,45553,porto alegre,RS
CUST_008788,UNIQ_008788,87913,belem,PA
CUST_008789,UNIQ_008789,39863,aracaju,SE
CUST_008790,UNIQ_008790,52488,goiania,GO
CUST_008791,UNIQ_008791,84188,recife,PE
CUST_008792,UNIQ_008792,55680,manaus,AM
CUST_008793,UNIQ_008793,35145,belem,PA
CUST_008794,UNIQ_008794,77852,goiania,GO
CUST_008795,UNIQ_008795,46506,teresina,PI
CUST_008796,UNIQ_008796,88349,porto alegre,RS
CUST_008797,UNIQ_008797,97776,teresina,PI
CUST_008798,UNIQ_008798,90354,manaus,AM
CUST_008799,UNIQ_008799,48668,fortaleza,CE
CUST_008800,UNIQ_008800,99912,manaus,AM
CUST_008801,UNIQ_008801,81142,florianopolis,SC
CUST_008802,UNIQ_008802,52092,maceio,AL
CUST_008803,UNIQ_008803,70645,manaus,AM
CUST_008804,UNIQ_008804,78172,cuiaba,MT
CUST_008805,UNIQ_008805,25363,curitiba,PR
CUST_008806,UNIQ_008806,93701,belem,PA
CUST_008807,UNIQ_008807,36965,recife,PE
CUST_008808,UNIQ_008808,93026,porto velho,RO
CUST_008809,UNIQ_008809,33996,goiania,GO
CUST_008810,UNIQ_008810,59151,joao pessoa,PB
CUST_008811,UNIQ_008811,61331,recife,PE
CUST_008812,UNIQ_008812,45486,joao pessoa,PB
CUST_008813,UNIQ_008813,70172,cuiaba,MT
CUST_008814,UNIQ_008814,54747,maceio,AL
CUST_008815,UNIQ_008815,43387,fortaleza,CE
CUST_008816,UNIQ_008816,19443,porto velho,RO
CUST_008817,UNIQ_008817,26309,porto alegre,RS
CUST_008818,UNIQ_008818,82179,natal,RN
CUST_008819,UNIQ_008819,10428,natal,RN
CUST_008820,UNIQ_008820,34763,belo horizonte,MG
CUST_008821,UNIQ_008821,74887,porto alegre,RS
CUST_008822,UNIQ_008822,82174,campo grande,MS
CUST_008823,UNIQ_008823,46318,cuiaba,MT
CUST_008824,UNIQ_008824,84377,aracaju,SE
CUST_008825,UNIQ_008825,36108,teresina,PI
CUST_008826,UNIQ_008826,16683,porto alegre,RS
CUST_008827,UNIQ_008827,92327,teresina,PI
CUST_008828,UNIQ_008828,88023,joao pessoa,PB
CUST_008829,UNIQ_008829,72438,salvador,BA
CUST_008830,UNIQ_008830,60709,teresina,PI
CUST_008831,UNIQ_008831,25655,goiania,GO
CUST_008832,UNIQ_008832,33737,fortaleza,CE
CUST_008833,UNIQ_008833,57360,salvador,BA
CUST_008834,UNIQ_008834,15378,rio de janeiro,RJ
CUST_008835,UNIQ_008835,46353,belo horizonte,MG
CUST_008836,UNIQ_008836,81891,salvador,BA
CUST_008837,UNIQ_008837,45181,maceio,AL
CUST_008838,UNIQ_008838,22568,fortaleza,CE
CUST_008839,UNIQ_008839,36855,teresina,PI
CUST_008840,UNIQ_008840,96546,rio de janeiro,RJ
CUST_008841,UNIQ_008841,17848,cuiaba,MT
CUST_008842,UNIQ_008842,24605,sao paulo,SP
CUST_008843,UNIQ_008843,91836,goiania,GO
CUST_008844,UNIQ_008844,47249,porto alegre,RS
CUST_008845,UNIQ_008845,41546,teresina,PI
CUST_008846,UNIQ_008846,38893,recife,PE
CUST_008847,UNIQ_008847,89123,porto velho,RO
CUST_008848,UNIQ_008848,44961,cuiaba,MT
CUST_008849,UNIQ_008849,56340,maceio,AL
CUST_008850,UNIQ_008850,29884,recife,PE
CUST_008851,UNIQ_008851,82575,sao paulo,SP
CUST_008852,UNIQ_008852,51512,cuiaba,MT
CUST_008853,UNIQ_008853,32523,recife,PE
CUST_008854,UNIQ_008854,36626,natal,RN
CUST_008855,UNIQ_008855,90779,maceio,AL
CUST_008856,UNIQ_008856,31023,sao paulo,SP
CUST_008857,UNIQ_008857,84873,belo horizonte,MG
CUST_008858,UNIQ_008858,45353,porto velho,RO
CUST_008859,UNIQ_008859,26326,joao pessoa,PB
CUST_008860,UNIQ_008860,42269,salvador,BA
CUST_008861,UNIQ_008861,38963,teresina,PI
CUST_008862,UNIQ_008862,70228,recife,PE
CUST_008863,UNIQ_008863,31711,porto velho,RO
CUST_008864,UNIQ_008864,38880,curitiba,PR
CUST_008865,UNIQ_008865,24075,porto alegre,RS
CUST_008866,UNIQ_008866,41296,sao paulo,SP
CUST_008867,UNIQ_008867,67041,belem,PA
CUST_008868,UNIQ_008868,88606,cuiaba,MT
CUST_008869,UNIQ_008869,68479,natal,RN
CUST_008870,UNIQ_008870,40432,manaus,AM
CUST_008871,UNIQ_008871,20747,salvador,BA
CUST_008872,UNIQ_008872,68213,teresina,PI
CUST_008873,UNIQ_008873,29711,campo grande,MS
CUST_008874,UNIQ_008874,90616,natal,RN
CUST_008875,UNIQ_008875,13018,natal,RN
CUST_008876,UNIQ_008876,45615,maceio,AL
CUST_008877,UNIQ_008877,98252,manaus,AM
CUST_008878,UNIQ_008878,67232,joao pessoa,PB
CUST_008879,UNIQ_008879,54864,aracaju,SE
CUST_008880,UNIQ_008880,12715,goiania,GO
CUST_008881,UNIQ_008881,76526,joao pessoa,PB
CUST_008882,UNIQ_008882,60842,porto velho,RO
CUST_008883,UNIQ_008883,89502,campo grande,MS
CUST_008884,UNIQ_008884,58884,manaus,AM
CUST_008885,UNIQ_008885,20139,fortaleza,CE
CUST_008886,UNIQ_008886,99558,porto velho,RO
CUST_008887,UNIQ_008887,32070,natal,RN
CUST_008888,UNIQ_008888,37149,natal,RN
CUST_008889,UNIQ_008889,51184,manaus,AM
CUST_008890,UNIQ_008890,63097,florianopolis,SC
CUST_008891,UNIQ_008891,42606,porto alegre,RS
CUST_008892,UNIQ_008892,40263,belem,PA
CUST_008893,UNIQ_008893,88700,natal,RN
CUST_008894,UNIQ_008894,13181,joao pessoa,PB
CUST_008895,UNIQ_008895,41991,cuiaba,MT
CUST_008896,UNIQ_008896,69276,belo horizonte,MG
CUST_008897,UNIQ_008897,60969,sao paulo,SP
CUST_008898,UNIQ_008898,55243,cuiaba,MT
CUST_008899,UNIQ_008899,59934,florianopolis,SC
CUST_008900,UNIQ_008900,74350,sao paulo,SP
CUST_008901,UNIQ_008901,68369,teresina,PI
CUST_008902,UNIQ_008902,21725,teresina,PI
CUST_008903,UNIQ_008903,43413,teresina,PI
CUST_008904,UNIQ_008904,39957,florianopolis,SC
CUST_008905,UNIQ_008905,58050,porto alegre,RS
CUST_008906,UNIQ_008906,72721,porto alegre,RS
CUST_008907,UNIQ_008907,32091,curitiba,PR
CUST_008908,UNIQ_008908,86741,recife,PE
CUST_008909,UNIQ_008909,88525,aracaju,SE
CUST_008910,UNIQ_008910,35652,aracaju,SE
CUST_008911,UNIQ_008911,59996,rio de janeiro,RJ
CUST_008912,UNIQ_008912,16288,florianopolis,SC
CUST_008913,UNIQ_008913,21792,recife,PE
CUST_008914,UNIQ_008914,22108,curitiba,PR
CUST_008915,UNIQ_008915,82459,porto velho,RO
CUST_008916,UNIQ_008916,42819,rio de janeiro,RJ
CUST_008917,UNIQ_008917,78846,belo horizonte,MG
CUST_008918,UNIQ_008918,69388,porto alegre,RS
CUST_008919,UNIQ_008919,48424,fortaleza,CE
CUST_008920,UNIQ_008920,67133,fortaleza,CE
CUST_008921,UNIQ_008921,34382,porto alegre,RS
CUST_008922,UNIQ_008922,63669,recife,PE
CUST_008923,UNIQ_008923,31840,belem,PA
CUST_008924,UNIQ_008924,18752,aracaju,SE
CUST_008925,UNIQ_008925,22094,recife,PE
CUST_008926,UNIQ_008926,16834,porto velho,RO
CUST_008927,UNIQ_008927,95802,cuiaba,MT
CUST_008928,UNIQ_008928,47780,curitiba,PR
CUST_008929,UNIQ_008929,71636,maceio,AL
CUST_008930,UNIQ_008930,32010,teresina,PI
CUST_008931,UNIQ_008931,12252,recife,PE
CUST_008932,UNIQ_008932,88988,manaus,AM
CUST_008933,UNIQ_008933,18831,belo horizonte,MG
CUST_008934,UNIQ_008934,45264,salvador,BA
CUST_008935,UNIQ_008935,79986,curitiba,PR
CUST_008936,UNIQ_008936,70625,salvador,BA
CUST_008937,UNIQ_008937,58356,maceio,AL
CUST_008938,UNIQ_008938,30017,curitiba,PR
CUST_008939,UNIQ_008939,34485,maceio,AL
CUST_008940,UNIQ_008940,11146,recife,PE
CUST_008941,UNIQ_008941,32517,goiania,GO
CUST_008942,UNIQ_008942,77272,porto alegre,RS
CUST_008943,UNIQ_008943,75655,sao paulo,SP
CUST_008944,UNIQ_008944,17451,aracaju,SE
CUST_008945,UNIQ_008945,27688,natal,RN
CUST_008946,UNIQ_008946,16336,curitiba,PR
CUST_008947,UNIQ_008947,30435,joao pessoa,PB
CUST_008948,UNIQ_008948,41709,fortaleza,CE
CUST_008949,UNIQ_008949,58128,porto velho,RO
CUST_008950,UNIQ_008950,46605,cuiaba,MT
CUST_008951,UNIQ_008951,42216,campo grande,MS
CUST_008952,UNIQ_008952,32956,campo grande,MS
CUST_008953,UNIQ_008953,42534,salvador,BA
CUST_008954,UNIQ_008954,93903,curitiba,PR
CUST_008955,UNIQ_008955,15540,porto velho,RO
CUST_008956,UNIQ_008956,59469,belo horizonte,MG
CUST_008957,UNIQ_008957,10075,fortaleza,CE
CUST_008958,UNIQ_008958,70394,belem,PA
CUST_008959,UNIQ_008959,74219,aracaju,SE
CUST_008960,UNIQ_008960,82130,natal,RN
CUST_008961,UNIQ_008961,62939,maceio,AL
CUST_008962,UNIQ_008962,71160,aracaju,SE
CUST_008963,UNIQ_008963,56391,aracaju,SE
CUST_008964,UNIQ_008964,85690,porto velho,RO
CUST_008965,UNIQ_008965,42955,natal,RN
CUST_008966,UNIQ_008966,63435,aracaju,SE
CUST_008967,UNIQ_008967,75949,curitiba,PR
CUST_008968,UNIQ_008968,26546,joao pessoa,PB
CUST_008969,UNIQ_008969,37117,rio de janeiro,RJ
CUST_008970,UNIQ_008970,88616,belo horizonte,MG
CUST_008971,UNIQ_008971,49117,florianopolis,SC
CUST_008972,UNIQ_008972,89219,salvador,BA
CUST_008973,UNIQ_008973,60144,teresina,PI
CUST_008974,UNIQ_008974,49258,natal,RN
CUST_008975,UNIQ_008975,13129,florianopolis,SC
CUST_008976,UNIQ_008976,73861,goiania,GO
CUST_008977,UNIQ_008977,12102,manaus,AM
CUST_008978,UNIQ_008978,67086,manaus,AM
CUST_008979,UNIQ_008979,68974,fortaleza,CE
CUST_008980,UNIQ_008980,28329,cuiaba,MT
CUST_008981,UNIQ_008981,61951,belem,PA
CUST_008982,UNIQ_008982,28653,recife,PE
CUST_008983,UNIQ_008983,39762,sao paulo,SP
CUST_008984,UNIQ_008984,43150,campo grande,MS
CUST_008985,UNIQ_008985,62329,joao pessoa,PB
CUST_008986,UNIQ_008986,70975,campo grande,MS
CUST_008987,UNIQ_008987,36829,florianopolis,SC
CUST_008988,UNIQ_008988,27093,campo grande,MS
CUST_008989,UNIQ_008989,16730,teresina,PI
CUST_008990,UNIQ_008990,29075,recife,PE
CUST_008991,UNIQ_008991,48721,salvador,BA
CUST_008992,UNIQ_008992,16962,florianopolis,SC
CUST_008993,UNIQ_008993,70960,florianopolis,SC
CUST_008994,UNIQ_008994,95646,natal,RN
CUST_008995,UNIQ_008995,20239,teresina,PI
CUST_008996,UNIQ_008996,48528,porto velho,RO
CUST_008997,UNIQ_008997,77182,florianopolis,SC
CUST_008998,UNIQ_008998,72535,maceio,AL
CUST_008999,UNIQ_008999,72843,rio de janeiro,RJ
CUST_009000,UNIQ_009000,56200,belo horizonte,MG
CUST_009001,UNIQ_009001,35359,goiania,GO
CUST_009002,UNIQ_009002,76416,belem,PA
CUST_009003,UNIQ_009003,11449,curitiba,PR
CUST_009004,UNIQ_009004,29128,salvador,BA
CUST_009005,UNIQ_009005,45338,maceio,AL
CUST_009006,UNIQ_009006,13235,rio de janeiro,RJ
CUST_009007,UNIQ_009007,38664,aracaju,SE
CUST_009008,UNIQ_009008,58662,aracaju,SE
CUST_009009,UNIQ_009009,68767,sao paulo,SP
CUST_009010,UNIQ_009010,53783,natal,RN
CUST_009011,UNIQ_009011,70331,porto velho,RO
CUST_009012,UNIQ_009012,91496,florianopolis,SC
CUST_009013,UNIQ_009013,47345,goiania,GO
CUST_009014,UNIQ_009014,16673,florianopolis,SC
CUST_009015,UNIQ_009015,86758,aracaju,SE
CUST_009016,UNIQ_009016,67461,salvador,BA
CUST_009017,UNIQ_009017,66807,joao pessoa,PB
CUST_009018,UNIQ_009018,14739,aracaju,SE
CUST_009019,UNIQ_009019,84232,maceio,AL
CUST_009020,UNIQ_009020,18819,aracaju,SE
CUST_009021,UNIQ_009021,59535,fortaleza,CE
CUST_009022,UNIQ_009022,96588,goiania,GO
CUST_009023,UNIQ_009023,93257,campo grande,MS
CUST_009024,UNIQ_009024,28868,porto alegre,RS
CUST_009025,UNIQ_009025,35733,fortaleza,CE
CUST_009026,UNIQ_009026,90854,belo horizonte,MG
CUST_009027,UNIQ_009027,46144,natal,RN
CUST_009028,UNIQ_009028,38866,natal,RN
CUST_009029,UNIQ_009029,15768,rio de janeiro,RJ
CUST_009030,UNIQ_009030,11587,belem,PA
CUST_009031,UNIQ_009031,35492,fortaleza,CE
CUST_009032,UNIQ_009032,84618,teresina,PI
CUST_009033,UNIQ_009033,64734,manaus,AM
CUST_009034,UNIQ_009034,65956,fortaleza,CE
CUST_009035,UNIQ_009035,84473,maceio,AL
CUST_009036,UNIQ_009036,37605,porto alegre,RS
CUST_009037,UNIQ_009037,18680,sao paulo,SP
CUST_009038,UNIQ_009038,14910,curitiba,PR
CUST_009039,UNIQ_009039,73263,porto alegre,RS
CUST_009040,UNIQ_009040,38717,belo horizonte,MG
CUST_009041,UNIQ_009041,31706,campo grande,MS
CUST_009042,UNIQ_009042,24973,joao pessoa,PB
CUST_009043,UNIQ_009043,97741,belo horizonte,MG
CUST_009044,UNIQ_009044,54923,campo grande,MS
CUST_009045,UNIQ_009045,58774,porto velho,RO
CUST_009046,UNIQ_009046,43827,joao pessoa,PB
CUST_009047,UNIQ_009047,83212,cuiaba,MT
CUST_009048,UNIQ_009048,53332,maceio,AL
CUST_009049,UNIQ_009049,79036,goiania,GO
CUST_009050,UNIQ_009050,97523,fortaleza,CE
CUST_009051,UNIQ_009051,78163,cuiaba,MT
CUST_009052,UNIQ_009052,87837,porto alegre,RS
CUST_009053,UNIQ_009053,39648,recife,PE
CUST_009054,UNIQ_009054,66868,sao paulo,SP
CUST_009055,UNIQ_009055,45676,joao pessoa,PB
CUST_009056,UNIQ_009056,76694,goiania,GO
CUST_009057,UNIQ_009057,75388,belem,PA
CUST_009058,UNIQ_009058,16722,natal,RN
CUST_009059,UNIQ_009059,49366,cuiaba,MT
CUST_009060,UNIQ_009060,23958,porto alegre,RS
CUST_009061,UNIQ_009061,82746,fortaleza,CE
CUST_009062,UNIQ_009062,38698,recife,PE
CUST_009063,UNIQ_009063,70862,recife,PE
CUST_009064,UNIQ_009064,22923,fortaleza,CE
CUST_009065,UNIQ_009065,76301,maceio,AL
CUST_009066,UNIQ_009066,64086,florianopolis,SC
CUST_009067,UNIQ_009067,64957,natal,RN
CUST_009068,UNIQ_009068,53412,cuiaba,MT
CUST_009069,UNIQ_009069,20633,belem,PA
CUST_009070,UNIQ_009070,31292,recife,PE
CUST_009071,UNIQ_009071,73068,porto velho,RO
CUST_009072,UNIQ_009072,51150,belo horizonte,MG
CUST_009073,UNIQ_009073,67098,rio de janeiro,RJ
CUST_009074,UNIQ_009074,66645,natal,RN
CUST_009075,UNIQ_009075,64293,fortaleza,CE
CUST_009076,UNIQ_009076,14010,joao pessoa,PB
CUST_009077,UNIQ_009077,58546,goiania,GO
CUST_009078,UNIQ_009078,50371,salvador,BA
CUST_009079,UNIQ_009079,73769,recife,PE
CUST_009080,UNIQ_009080,61949,joao pessoa,PB
CUST_009081,UNIQ_009081,38053,cuiaba,MT
CUST_009082,UNIQ_009082,66374,natal,RN
CUST_009083,UNIQ_009083,47547,recife,PE
CUST_009084,UNIQ_009084,90028,recife,PE
CUST_009085,UNIQ_009085,54054,curitiba,PR
CUST_009086,UNIQ_009086,88378,curitiba,PR
CUST_009087,UNIQ_009087,87784,goiania,GO
CUST_009088,UNIQ_009088,20863,natal,RN
CUST_009089,UNIQ_009089,20760,salvador,BA
CUST_009090,UNIQ_009090,11112,belo horizonte,MG
CUST_009091,UNIQ_009091,80827,fortaleza,CE
CUST_009092,UNIQ_009092,74572,teresina,PI
CUST_009093,UNIQ_009093,94930,belo horizonte,MG
CUST_009094,UNIQ_009094,16731,fortaleza,CE
CUST_009095,UNIQ_009095,71762,sao paulo,SP
CUST_009096,UNIQ_009096,14284,curitiba,PR
CUST_009097,UNIQ_009097,48197,fortaleza,CE
CUST_009098,UNIQ_009098,98963,florianopolis,SC
CUST_009099,UNIQ_009099,97301,florianopolis,SC
CUST_009100,UNIQ_009100,21471,cuiaba,MT
CUST_009101,UNIQ_009101,31655,rio de janeiro,RJ
CUST_009102,UNIQ_009102,53272,belem,PA
CUST_009103,UNIQ_009103,15104,salvador,BA
CUST_009104,UNIQ_009104,20793,cuiaba,MT
CUST_009105,UNIQ_009105,90525,rio de janeiro,RJ
CUST_009106,UNIQ_009106,35198,sao paulo,SP
CUST_009107,UNIQ_009107,61231,curitiba,PR
CUST_009108,UNIQ_009108,24095,joao pessoa,PB
CUST_009109,UNIQ_009109,87774,porto alegre,RS
CUST_009110,UNIQ_009110,90666,belem,PA
CUST_009111,UNIQ_009111,19395,aracaju,SE
CUST_009112,UNIQ_009112,47282,porto velho,RO
CUST_009113,UNIQ_009113,18512,fortaleza,CE
CUST_009114,UNIQ_009114,89451,campo grande,MS
CUST_009115,UNIQ_009115,30629,porto alegre,RS
CUST_009116,UNIQ_009116,22598,aracaju,SE
CUST_009117,UNIQ_009117,89493,joao pessoa,PB
CUST_009118,UNIQ_009118,47184,recife,PE
CUST_009119,UNIQ_009119,61562,rio de janeiro,RJ
CUST_009120,UNIQ_009120,97164,goiania,GO
CUST_009121,UNIQ_009121,71952,curitiba,PR
CUST_009122,UNIQ_009122,57022,campo grande,MS
CUST_009123,UNIQ_009123,50160,aracaju,SE
CUST_009124,UNIQ_009124,95654,belem,PA
CUST_009125,UNIQ_009125,64784,natal,RN
CUST_009126,UNIQ_009126,50543,recife,PE
CUST_009127,UNIQ_009127,37596,goiania,GO
CUST_009128,UNIQ_009128,70461,recife,PE
CUST_009129,UNIQ_009129,30344,fortaleza,CE
CUST_009130,UNIQ_009130,20414,rio de janeiro,RJ
CUST_009131,UNIQ_009131,87028,rio de janeiro,RJ
CUST_009132,UNIQ_009132,29356,salvador,BA
CUST_009133,UNIQ_009133,68840,salvador,BA
CUST_009134,UNIQ_009134,29572,fortaleza,CE
CUST_009135,UNIQ_009135,47024,belo horizonte,MG
CUST_009136,UNIQ_009136,51936,goiania,GO
CUST_009137,UNIQ_009137,41359,cuiaba,MT
CUST_009138,UNIQ_009138,67060,joao pessoa,PB
CUST_009139,UNIQ_009139,26071,teresina,PI
CUST_009140,UNIQ_009140,87027,maceio,AL
CUST_009141,UNIQ_009141,37495,belem,PA
CUST_009142,UNIQ_009142,96007,joao pessoa,PB
CUST_009143,UNIQ_009143,57737,rio de janeiro,RJ
CUST_009144,UNIQ_009144,61222,curitiba,PR
CUST_009145,UNIQ_009145,55231,manaus,AM
CUST_009146,UNIQ_009146,16411,belo horizonte,MG
CUST_009147,UNIQ_009147,43053,rio de janeiro,RJ
CUST_009148,UNIQ_009148,34453,natal,RN
CUST_009149,UNIQ_009149,70752,joao pessoa,PB
CUST_009150,UNIQ_009150,52412,natal,RN
CUST_009151,UNIQ_009151,27419,campo grande,MS
CUST_009152,UNIQ_009152,65358,goiania,GO
CUST_009153,UNIQ_009153,84261,goiania,GO
CUST_009154,UNIQ_009154,10975,curitiba,PR
CUST_009155,UNIQ_009155,42846,curitiba,PR
CUST_009156,UNIQ_009156,22218,teresina,PI
CUST_009157,UNIQ_009157,53850,joao pessoa,PB
CUST_009158,UNIQ_009158,15508,fortaleza,CE
CUST_009159,UNIQ_009159,41460,fortaleza,CE
CUST_009160,UNIQ_009160,89157,aracaju,SE
CUST_009161,UNIQ_009161,46419,joao pessoa,PB
CUST_009162,UNIQ_009162,33660,manaus,AM
CUST_009163,UNIQ_009163,15039,teresina,PI
CUST_009164,UNIQ_009164,92776,sao paulo,SP
CUST_009165,UNIQ_009165,54952,florianopolis,SC
CUST_009166,UNIQ_009166,58892,porto velho,RO
CUST_009167,UNIQ_009167,10358,goiania,GO
CUST_009168,UNIQ_009168,73281,salvador,BA
CUST_009169,UNIQ_009169,36438,aracaju,SE
CUST_009170,UNIQ_009170,29373,manaus,AM
CUST_009171,UNIQ_009171,99175,goiania,GO
CUST_009172,UNIQ_009172,45841,aracaju,SE
CUST_009173,UNIQ_009173,61208,aracaju,SE
CUST_009174,UNIQ_009174,87396,aracaju,SE
CUST_009175,UNIQ_009175,90245,porto velho,RO
CUST_009176,UNIQ_009176,67008,manaus,AM
CUST_009177,UNIQ_009177,69631,rio de janeiro,RJ
CUST_009178,UNIQ_009178,81712,cuiaba,MT
CUST_009179,UNIQ_009179,80620,belem,PA
CUST_009180,UNIQ_009180,15834,campo grande,MS
CUST_009181,UNIQ_009181,53595,belem,PA
CUST_009182,UNIQ_009182,63390,sao paulo,SP
CUST_009183,UNIQ_009183,92187,cuiaba,MT
CUST_009184,UNIQ_009184,72195,belo horizonte,MG
CUST_009185,UNIQ_009185,70757,teresina,PI
CUST_009186,UNIQ_009186,84959,porto velho,RO
CUST_009187,UNIQ_009187,51311,recife,PE
CUST_009188,UNIQ_009188,39215,cuiaba,MT
CUST_009189,UNIQ_009189,44694,campo grande,MS
CUST_009190,UNIQ_009190,95466,belem,PA
CUST_009191,UNIQ_009191,40077,rio de janeiro,RJ
CUST_009192,UNIQ_009192,43310,cuiaba,MT
CUST_009193,UNIQ_009193,44782,natal,RN
CUST_009194,UNIQ_009194,79565,sao paulo,SP
CUST_009195,UNIQ_009195,15314,recife,PE
CUST_009196,UNIQ_009196,68884,recife,PE
CUST_009197,UNIQ_009197,62032,recife,PE
CUST_009198,UNIQ_009198,66362,sao paulo,SP
CUST_009199,UNIQ_009199,19975,rio de janeiro,RJ
CUST_009200,UNIQ_009200,80157,porto alegre,RS
CUST_009201,UNIQ_009201,64624,maceio,AL
CUST_009202,UNIQ_009202,75765,sao paulo,SP
CUST_009203,UNIQ_009203,88675,belem,PA
CUST_009204,UNIQ_009204,75095,rio de janeiro,RJ
CUST_009205,UNIQ_009205,37972,cuiaba,MT
CUST_009206,UNIQ_009206,96676,maceio,AL
CUST_009207,UNIQ_009207,47690,maceio,AL
CUST_009208,UNIQ_009208,40780,salvador,BA
CUST_009209,UNIQ_009209,83499,natal,RN
CUST_009210,UNIQ_009210,33230,goiania,GO
CUST_009211,UNIQ_009211,95996,maceio,AL
CUST_009212,UNIQ_009212,11862,manaus,AM
CUST_009213,UNIQ_009213,20443,teresina,PI
CUST_009214,UNIQ_009214,94783,goiania,GO
CUST_009215,UNIQ_009215,72896,recife,PE
CUST_009216,UNIQ_009216,23036,sao paulo,SP
CUST_009217,UNIQ_009217,43841,fortaleza,CE
CUST_009218,UNIQ_009218,96174,curitiba,PR
CUST_009219,UNIQ_009219,98055,belem,PA
CUST_009220,UNIQ_009220,64470,porto alegre,RS
CUST_009221,UNIQ_009221,65895,curitiba,PR
CUST_009222,UNIQ_009222,31483,manaus,AM
CUST_009223,UNIQ_009223,22793,florianopolis,SC
CUST_009224,UNIQ_009224,50565,belem,PA
CUST_009225,UNIQ_009225,81916,maceio,AL
CUST_009226,UNIQ_009226,19991,belo horizonte,MG
CUST_009227,UNIQ_009227,25917,fortaleza,CE
CUST_009228,UNIQ_009228,41398,sao paulo,SP
CUST_009229,UNIQ_009229,45396,belo horizonte,MG
CUST_009230,UNIQ_009230,24859,curitiba,PR
CUST_009231,UNIQ_009231,54240,campo grande,MS
CUST_009232,UNIQ_009232,75596,salvador,BA
CUST_009233,UNIQ_009233,70987,maceio,AL
CUST_009234,UNIQ_009234,26003,aracaju,SE
CUST_009235,UNIQ_009235,97555,joao pessoa,PB
CUST_009236,UNIQ_009236,46477,porto velho,RO
CUST_009237,UNIQ_009237,56695,belo horizonte,MG
CUST_009238,UNIQ_009238,56299,belo horizonte,MG
CUST_009239,UNIQ_009239,60840,curitiba,PR
CUST_009240,UNIQ_009240,81474,manaus,AM
CUST_009241,UNIQ_009241,12389,porto alegre,RS
CUST_009242,UNIQ_009242,21327,porto velho,RO
CUST_009243,UNIQ_009243,31271,belo horizonte,MG
CUST_009244,UNIQ_009244,54839,fortaleza,CE
CUST_009245,UNIQ_009245,78430,curitiba,PR
CUST_009246,UNIQ_009246,35450,maceio,AL
CUST_009247,UNIQ_009247,92781,joao pessoa,PB
CUST_009248,UNIQ_009248,13904,florianopolis,SC
CUST_009249,UNIQ_009249,61023,goiania,GO
CUST_009250,UNIQ_009250,23575,teresina,PI
CUST_009251,UNIQ_009251,62751,aracaju,SE
CUST_009252,UNIQ_009252,31957,manaus,AM
CUST_009253,UNIQ_009253,91405,manaus,AM
CUST_009254,UNIQ_009254,86854,joao pessoa,PB
CUST_009255,UNIQ_009255,39720,belo horizonte,MG
CUST_009256,UNIQ_009256,83067,joao pessoa,PB
CUST_009257,UNIQ_009257,60760,campo grande,MS
CUST_009258,UNIQ_009258,94217,goiania,GO
CUST_009259,UNIQ_009259,36098,florianopolis,SC
CUST_009260,UNIQ_009260,14768,rio de janeiro,RJ
CUST_009261,UNIQ_009261,34652,campo grande,MS
CUST_009262,UNIQ_009262,84834,sao paulo,SP
CUST_009263,UNIQ_009263,12244,florianopolis,SC
CUST_009264,UNIQ_009264,95028,florianopolis,SC
CUST_009265,UNIQ_009265,64464,goiania,GO
CUST_009266,UNIQ_009266,51309,sao paulo,SP
CUST_009267,UNIQ_009267,21170,campo grande,MS
CUST_009268,UNIQ_009268,22579,fortaleza,CE
CUST_009269,UNIQ_009269,78224,porto velho,RO
CUST_009270,UNIQ_009270,25269,maceio,AL
CUST_009271,UNIQ_009271,27795,cuiaba,MT
CUST_009272,UNIQ_009272,74794,joao pessoa,PB
CUST_009273,UNIQ_009273,82299,maceio,AL
CUST_009274,UNIQ_009274,25696,goiania,GO
CUST_009275,UNIQ_009275,14257,porto velho,RO
CUST_009276,UNIQ_009276,42248,goiania,GO
CUST_009277,UNIQ_009277,80396,belem,PA
CUST_009278,UNIQ_009278,48463,teresina,PI
CUST_009279,UNIQ_009279,23968,rio de janeiro,RJ
CUST_009280,UNIQ_009280,49348,rio de janeiro,RJ
CUST_009281,UNIQ_009281,43853,fortaleza,CE
CUST_009282,UNIQ_009282,30058,natal,RN
CUST_009283,UNIQ_009283,54556,porto alegre,RS
CUST_009284,UNIQ_009284,19751,teresina,PI
CUST_009285,UNIQ_009285,57682,aracaju,SE
CUST_009286,UNIQ_009286,75311,belo horizonte,MG
CUST_009287,UNIQ_009287,49298,belem,PA
CUST_009288,UNIQ_009288,12979,teresina,PI
CUST_009289,UNIQ_009289,47375,sao paulo,SP
CUST_009290,UNIQ_009290,34218,goiania,GO
CUST_009291,UNIQ_009291,28012,belo horizonte,MG
CUST_009292,UNIQ_009292,89024,aracaju,SE
CUST_009293,UNIQ_009293,23123,porto velho,RO
CUST_009294,UNIQ_009294,24860,florianopolis,SC
CUST_009295,UNIQ_009295,44629,salvador,BA
CUST_009296,UNIQ_009296,51721,goiania,GO
CUST_009297,UNIQ_009297,33936,salvador,BA
CUST_009298,UNIQ_009298,37827,cuiaba,MT
CUST_009299,UNIQ_009299,20333,cuiaba,MT
CUST_009300,UNIQ_009300,16432,recife,PE
CUST_009301,UNIQ_009301,50827,porto alegre,RS
CUST_009302,UNIQ_009302,80950,maceio,AL
CUST_009303,UNIQ_009303,81950,belo horizonte,MG
CUST_009304,UNIQ_009304,81573,cuiaba,MT
CUST_009305,UNIQ_009305,82399,belem,PA
CUST_009306,UNIQ_009306,23164,belem,PA
CUST_009307,UNIQ_009307,15339,natal,RN
CUST_009308,UNIQ_009308,65072,belem,PA
CUST_009309,UNIQ_009309,96231,belo horizonte,MG
CUST_009310,UNIQ_009310,45264,goiania,GO
CUST_009311,UNIQ_009311,27942,rio de janeiro,RJ
CUST_009312,UNIQ_009312,22362,belo horizonte,MG
CUST_009313,UNIQ_009313,10525,cuiaba,MT
CUST_009314,UNIQ_009314,72518,salvador,BA
CUST_009315,UNIQ_009315,71502,rio de janeiro,RJ
CUST_009316,UNIQ_009316,63213,florianopolis,SC
CUST_009317,UNIQ_009317,24010,maceio,AL
CUST_009318,UNIQ_009318,30815,porto alegre,RS
CUST_009319,UNIQ_009319,83556,cuiaba,MT
CUST_009320,UNIQ_009320,20749,recife,PE
CUST_009321,UNIQ_009321,32069,goiania,GO
CUST_009322,UNIQ_009322,94998,curitiba,PR
CUST_009323,UNIQ_009323,23614,cuiaba,MT
CUST_009324,UNIQ_009324,71645,sao paulo,SP
CUST_009325,UNIQ_009325,26601,manaus,AM
CUST_009326,UNIQ_009326,99449,curitiba,PR
CUST_009327,UNIQ_009327,41272,aracaju,SE
CUST_009328,UNIQ_009328,10692,teresina,PI
CUST_009329,UNIQ_009329,45823,aracaju,SE
CUST_009330,UNIQ_009330,34582,cuiaba,MT
CUST_009331,UNIQ_009331,81770,joao pessoa,PB
CUST_009332,UNIQ_009332,17781,recife,PE
CUST_009333,UNIQ_009333,37657,teresina,PI
CUST_009334,UNIQ_009334,97409,porto velho,RO
CUST_009335,UNIQ_009335,35227,natal,RN
CUST_009336,UNIQ_009336,48365,aracaju,SE
CUST_009337,UNIQ_009337,27853,florianopolis,SC
CUST_009338,UNIQ_009338,87433,natal,RN
CUST_009339,UNIQ_009339,85803,teresina,PI
CUST_009340,UNIQ_009340,45305,belem,PA
CUST_009341,UNIQ_009341,90790,recife,PE
CUST_009342,UNIQ_009342,65079,salvador,BA
CUST_009343,UNIQ_009343,94978,porto alegre,RS
CUST_009344,UNIQ_009344,75231,porto velho,RO
CUST_009345,UNIQ_009345,25022,sao paulo,SP
CUST_009346,UNIQ_009346,87429,natal,RN
CUST_009347,UNIQ_009347,43152,manaus,AM
CUST_009348,UNIQ_009348,85578,fortaleza,CE
CUST_009349,UNIQ_009349,93993,curitiba,PR
CUST_009350,UNIQ_009350,25725,cuiaba,MT
CUST_009351,UNIQ_009351,27360,recife,PE
CUST_009352,UNIQ_009352,40258,rio de janeiro,RJ
CUST_009353,UNIQ_009353,16103,recife,PE
CUST_009354,UNIQ_009354,99662,belo horizonte,MG
CUST_009355,UNIQ_009355,27427,natal,RN
CUST_009356,UNIQ_009356,46247,manaus,AM
CUST_009357,UNIQ_009357,85310,salvador,BA
CUST_009358,UNIQ_009358,95439,sao paulo,SP
CUST_009359,UNIQ_009359,24519,manaus,AM
CUST_009360,UNIQ_009360,64179,sao paulo,SP
CUST_009361,UNIQ_009361,54742,salvador,BA
CUST_009362,UNIQ_009362,68598,manaus,AM
CUST_009363,UNIQ_009363,29265,fortaleza,CE
CUST_009364,UNIQ_009364,58333,salvador,BA
CUST_009365,UNIQ_009365,63887,goiania,GO
CUST_009366,UNIQ_009366,96444,natal,RN
CUST_009367,UNIQ_009367,99170,aracaju,SE
CUST_009368,UNIQ_009368,68118,porto alegre,RS
CUST_009369,UNIQ_009369,93237,manaus,AM
CUST_009370,UNIQ_009370,37103,fortaleza,CE
CUST_009371,UNIQ_009371,56291,natal,RN
CUST_009372,UNIQ_009372,97275,manaus,AM
CUST_009373,UNIQ_009373,74213,recife,PE
CUST_009374,UNIQ_009374,45900,joao pessoa,PB
CUST_009375,UNIQ_009375,16413,teresina,PI
CUST_009376,UNIQ_009376,10400,porto alegre,RS
CUST_009377,UNIQ_009377,70762,teresina,PI
CUST_009378,UNIQ_009378,18048,curitiba,PR
CUST_009379,UNIQ_009379,70128,rio de janeiro,RJ
CUST_009380,UNIQ_009380,47889,aracaju,SE
CUST_009381,UNIQ_009381,64185,manaus,AM
CUST_009382,UNIQ_009382,47645,salvador,BA
CUST_009383,UNIQ_009383,47151,fortaleza,CE
CUST_009384,UNIQ_009384,33207,porto alegre,RS
CUST_009385,UNIQ_009385,11804,teresina,PI
CUST_009386,UNIQ_009386,79414,joao pessoa,PB
CUST_009387,UNIQ_009387,86871,belo horizonte,MG
CUST_009388,UNIQ_009388,55592,campo grande,MS
CUST_009389,UNIQ_009389,94443,belem,PA
CUST_009390,UNIQ_009390,68896,recife,PE
CUST_009391,UNIQ_009391,46125,manaus,AM
CUST_009392,UNIQ_009392,61196,joao pessoa,PB
CUST_009393,UNIQ_009393,31031,porto alegre,RS
CUST_009394,UNIQ_009394,38909,joao pessoa,PB
CUST_009395,UNIQ_009395,27496,campo grande,MS
CUST_009396,UNIQ_009396,40726,sao paulo,SP
CUST_009397,UNIQ_009397,60407,joao pessoa,PB
CUST_009398,UNIQ_009398,82318,recife,PE
CUST_009399,UNIQ_009399,94133,aracaju,SE
CUST_009400,UNIQ_009400,24394,fortaleza,CE
CUST_009401,UNIQ_009401,58605,porto alegre,RS
CUST_009402,UNIQ_009402,43398,aracaju,SE
CUST_009403,UNIQ_009403,45626,salvador,BA
CUST_009404,UNIQ_009404,50660,aracaju,SE
CUST_009405,UNIQ_009405,12660,natal,RN
CUST_009406,UNIQ_009406,84338,belo horizonte,MG
CUST_009407,UNIQ_009407,41617,salvador,BA
CUST_009408,UNIQ_009408,43043,belem,PA
CUST_009409,UNIQ_009409,97614,recife,PE
CUST_009410,UNIQ_009410,90425,maceio,AL
CUST_009411,UNIQ_009411,79457,cuiaba,MT
CUST_009412,UNIQ_009412,92250,curitiba,PR
CUST_009413,UNIQ_009413,79248,joao pessoa,PB
CUST_009414,UNIQ_009414,29542,sao paulo,SP
CUST_009415,UNIQ_009415,52909,sao paulo,SP
CUST_009416,UNIQ_009416,65014,maceio,AL
CUST_009417,UNIQ_009417,54734,cuiaba,MT
CUST_009418,UNIQ_009418,73048,sao paulo,SP
CUST_009419,UNIQ_009419,34559,manaus,AM
CUST_009420,UNIQ_009420,50152,salvador,BA
CUST_009421,UNIQ_009421,42921,teresina,PI
CUST_009422,UNIQ_009422,86833,porto alegre,RS
CUST_009423,UNIQ_009423,92424,manaus,AM
CUST_009424,UNIQ_009424,97796,natal,RN
CUST_009425,UNIQ_009425,84083,porto velho,RO
CUST_009426,UNIQ_009426,56777,cuiaba,MT
CUST_009427,UNIQ_009427,59797,salvador,BA
CUST_009428,UNIQ_009428,91870,joao pessoa,PB
CUST_009429,UNIQ_009429,42097,manaus,AM
CUST_009430,UNIQ_009430,16003,goiania,GO
CUST_009431,UNIQ_009431,56777,goiania,GO
CUST_009432,UNIQ_009432,41610,joao pessoa,PB
CUST_009433,UNIQ_009433,53703,maceio,AL
CUST_009434,UNIQ_009434,39829,joao pessoa,PB
CUST_009435,UNIQ_009435,83719,teresina,PI
CUST_009436,UNIQ_009436,19996,sao paulo,SP
CUST_009437,UNIQ_009437,84076,salvador,BA
CUST_009438,UNIQ_009438,40317,fortaleza,CE
CUST_009439,UNIQ_009439,15751,teresina,PI
CUST_009440,UNIQ_009440,71221,manaus,AM
CUST_009441,UNIQ_009441,80120,teresina,PI
CUST_009442,UNIQ_009442,23449,belo horizonte,MG
CUST_009443,UNIQ_009443,67839,maceio,AL
CUST_009444,UNIQ_009444,38931,fortaleza,CE
CUST_009445,UNIQ_009445,38635,manaus,AM
CUST_009446,UNIQ_009446,22695,florianopolis,SC
CUST_009447,UNIQ_009447,43614,rio de janeiro,RJ
CUST_009448,UNIQ_009448,87004,sao paulo,SP
CUST_009449,UNIQ_009449,25765,teresina,PI
CUST_009450,UNIQ_009450,94281,porto alegre,RS
CUST_009451,UNIQ_009451,68961,cuiaba,MT
CUST_009452,UNIQ_009452,22252,manaus,AM
CUST_009453,UNIQ_009453,41025,goiania,GO
CUST_009454,UNIQ_009454,25568,porto velho,RO
CUST_009455,UNIQ_009455,42809,belo horizonte,MG
CUST_009456,UNIQ_009456,80371,porto velho,RO
CUST_009457,UNIQ_009457,15789,recife,PE
CUST_009458,UNIQ_009458,46317,joao pessoa,PB
CUST_009459,UNIQ_009459,31893,maceio,AL
CUST_009460,UNIQ_009460,74166,sao paulo,SP
CUST_009461,UNIQ_009461,63976,manaus,AM
CUST_009462,UNIQ_009462,23119,goiania,GO
CUST_009463,UNIQ_009463,76021,belo horizonte,MG
CUST_009464,UNIQ_009464,40058,cuiaba,MT
CUST_009465,UNIQ_009465,46394,cuiaba,MT
CUST_009466,UNIQ_009466,65981,sao paulo,SP
CUST_009467,UNIQ_009467,56779,florianopolis,SC
CUST_009468,UNIQ_009468,82913,campo grande,MS
CUST_009469,UNIQ_009469,13525,curitiba,PR
CUST_009470,UNIQ_009470,92209,salvador,BA
CUST_009471,UNIQ_009471,12799,cuiaba,MT
CUST_009472,UNIQ_009472,35237,porto alegre,RS
CUST_009473,UNIQ_009473,30572,curitiba,PR
CUST_009474,UNIQ_009474,15925,recife,PE
CUST_009475,UNIQ_009475,35671,curitiba,PR
CUST_009476,UNIQ_009476,35905,manaus,AM
CUST_009477,UNIQ_009477,48666,fortaleza,CE
CUST_009478,UNIQ_009478,18031,campo grande,MS
CUST_009479,UNIQ_009479,39573,campo grande,MS
CUST_009480,UNIQ_009480,27631,porto velho,RO
CUST_009481,UNIQ_009481,25450,rio de janeiro,RJ
CUST_009482,UNIQ_009482,58056,manaus,AM
CUST_009483,UNIQ_009483,66599,belem,PA
CUST_009484,UNIQ_009484,18292,fortaleza,CE
CUST_009485,UNIQ_009485,72092,curitiba,PR
CUST_009486,UNIQ_009486,10999,natal,RN
CUST_009487,UNIQ_009487,59091,curitiba,PR
CUST_009488,UNIQ_009488,79865,rio de janeiro,RJ
CUST_009489,UNIQ_009489,99710,curitiba,PR
CUST_009490,UNIQ_009490,24224,teresina,PI
CUST_009491,UNIQ_009491,30648,belo horizonte,MG
CUST_009492,UNIQ_009492,19596,manaus,AM
CUST_009493,UNIQ_009493,64401,fortaleza,CE
CUST_009494,UNIQ_009494,66966,salvador,BA
CUST_009495,UNIQ_009495,31782,recife,PE
CUST_009496,UNIQ_009496,78191,porto alegre,RS
CUST_009497,UNIQ_009497,98754,maceio,AL
CUST_009498,UNIQ_009498,87553,aracaju,SE
CUST_009499,UNIQ_009499,53260,cuiaba,MT
CUST_009500,UNIQ_009500,30630,campo grande,MS
CUST_009501,UNIQ_009501,79841,porto velho,RO
CUST_009502,UNIQ_009502,38257,cuiaba,MT
CUST_009503,UNIQ_009503,65690,campo grande,MS
CUST_009504,UNIQ_009504,90078,curitiba,PR
CUST_009505,UNIQ_009505,46592,campo grande,MS
CUST_009506,UNIQ_009506,44108,goiania,GO
CUST_009507,UNIQ_009507,38068,porto velho,RO
CUST_009508,UNIQ_009508,35725,sao paulo,SP
CUST_009509,UNIQ_009509,48736,natal,RN
CUST_009510,UNIQ_009510,80182,natal,RN
CUST_009511,UNIQ_009511,21930,campo grande,MS
CUST_009512,UNIQ_009512,25118,cuiaba,MT
CUST_009513,UNIQ_009513,17050,fortaleza,CE
CUST_009514,UNIQ_009514,79932,recife,PE
CUST_009515,UNIQ_009515,83408,salvador,BA
CUST_009516,UNIQ_009516,61721,joao pessoa,PB
CUST_009517,UNIQ_009517,27723,cuiaba,MT
CUST_009518,UNIQ_009518,77889,rio de janeiro,RJ
CUST_009519,UNIQ_009519,80651,curitiba,PR
CUST_009520,UNIQ_009520,26571,recife,PE
CUST_009521,UNIQ_009521,16652,recife,PE
CUST_009522,UNIQ_009522,89547,aracaju,SE
CUST_009523,UNIQ_009523,19721,maceio,AL
CUST_009524,UNIQ_009524,80648,recife,PE
CUST_009525,UNIQ_009525,20953,maceio,AL
CUST_009526,UNIQ_009526,78822,goiania,GO
CUST_009527,UNIQ_009527,22260,maceio,AL
CUST_009528,UNIQ_009528,44228,porto alegre,RS
CUST_009529,UNIQ_009529,81946,goiania,GO
CUST_009530,UNIQ_009530,33371,fortaleza,CE
CUST_009531,UNIQ_009531,66062,rio de janeiro,RJ
CUST_009532,UNIQ_009532,36909,joao pessoa,PB
CUST_009533,UNIQ_009533,38902,fortaleza,CE
CUST_009534,UNIQ_009534,77889,belo horizonte,MG
CUST_009535,UNIQ_009535,91899,fortaleza,CE
CUST_009536,UNIQ_009536,19363,campo grande,MS
CUST_009537,UNIQ_009537,93080,teresina,PI
CUST_009538,UNIQ_009538,20506,maceio,AL
CUST_009539,UNIQ_009539,70410,goiania,GO
CUST_009540,UNIQ_009540,99304,curitiba,PR
CUST_009541,UNIQ_009541,54260,porto alegre,RS
CUST_009542,UNIQ_009542,14339,sao paulo,SP
CUST_009543,UNIQ_009543,13581,sao paulo,SP
CUST_009544,UNIQ_009544,13977,sao paulo,SP
CUST_009545,UNIQ_009545,52270,belo horizonte,MG
CUST_009546,UNIQ_009546,93498,curitiba,PR
CUST_009547,UNIQ_009547,20625,cuiaba,MT
CUST_009548,UNIQ_009548,34958,belo horizonte,MG
CUST_009549,UNIQ_009549,22879,joao pessoa,PB
CUST_009550,UNIQ_009550,80651,campo grande,MS
CUST_009551,UNIQ_009551,17503,florianopolis,SC
CUST_009552,UNIQ_009552,13387,porto velho,RO
CUST_009553,UNIQ_009553,56312,fortaleza,CE
CUST_009554,UNIQ_009554,59682,goiania,GO
CUST_009555,UNIQ_009555,76062,salvador,BA
CUST_009556,UNIQ_009556,48291,belem,PA
CUST_009557,UNIQ_009557,30876,porto alegre,RS
CUST_009558,UNIQ_009558,81535,belo horizonte,MG
CUST_009559,UNIQ_009559,88688,fortaleza,CE
CUST_009560,UNIQ_009560,80780,cuiaba,MT
CUST_009561,UNIQ_009561,47641,joao pessoa,PB
CUST_009562,UNIQ_009562,78448,joao pessoa,PB
CUST_009563,UNIQ_009563,29736,belo horizonte,MG
CUST_009564,UNIQ_009564,47876,curitiba,PR
CUST_009565,UNIQ_009565,91481,aracaju,SE
CUST_009566,UNIQ_009566,51171,rio de janeiro,RJ
CUST_009567,UNIQ_009567,71456,natal,RN
CUST_009568,UNIQ_009568,76472,rio de janeiro,RJ
CUST_009569,UNIQ_009569,71251,teresina,PI
CUST_009570,UNIQ_009570,15786,sao paulo,SP
CUST_009571,UNIQ_009571,16403,porto velho,RO
CUST_009572,UNIQ_009572,96774,sao paulo,SP
CUST_009573,UNIQ_009573,42192,porto alegre,RS
CUST_009574,UNIQ_009574,55265,natal,RN
CUST_009575,UNIQ_009575,21624,goiania,GO
CUST_009576,UNIQ_009576,77618,florianopolis,SC
CUST_009577,UNIQ_009577,79472,porto alegre,RS
CUST_009578,UNIQ_009578,63108,fortaleza,CE
CUST_009579,UNIQ_009579,83793,natal,RN
CUST_009580,UNIQ_009580,40907,salvador,BA
CUST_009581,UNIQ_009581,29565,teresina,PI
CUST_009582,UNIQ_009582,77067,porto alegre,RS
CUST_009583,UNIQ_009583,52158,recife,PE
CUST_009584,UNIQ_009584,96681,florianopolis,SC
CUST_009585,UNIQ_009585,57999,rio de janeiro,RJ
CUST_009586,UNIQ_009586,32313,belem,PA
CUST_009587,UNIQ_009587,59194,cuiaba,MT
CUST_009588,UNIQ_009588,82422,rio de janeiro,RJ
CUST_009589,UNIQ_009589,91922,rio de janeiro,RJ
CUST_009590,UNIQ_009590,16951,joao pessoa,PB
CUST_009591,UNIQ_009591,37252,teresina,PI
CUST_009592,UNIQ_009592,63763,recife,PE
CUST_009593,UNIQ_009593,90505,porto velho,RO
CUST_009594,UNIQ_009594,70296,maceio,AL
CUST_009595,UNIQ_009595,56540,porto velho,RO
CUST_009596,UNIQ_009596,91841,sao paulo,SP
CUST_009597,UNIQ_009597,34217,aracaju,SE
CUST_009598,UNIQ_009598,18456,fortaleza,CE
CUST_009599,UNIQ_009599,45102,rio de janeiro,RJ
CUST_009600,UNIQ_009600,26044,rio de janeiro,RJ
CUST_009601,UNIQ_009601,43136,natal,RN
CUST_009602,UNIQ_009602,26287,aracaju,SE
CUST_009603,UNIQ_009603,79375,maceio,AL
CUST_009604,UNIQ_009604,44289,sao paulo,SP
CUST_009605,UNIQ_009605,94381,porto alegre,RS
CUST_009606,UNIQ_009606,81758,curitiba,PR
CUST_009607,UNIQ_009607,75332,joao pessoa,PB
CUST_009608,UNIQ_009608,77589,recife,PE
CUST_009609,UNIQ_009609,59556,manaus,AM
CUST_009610,UNIQ_009610,79248,manaus,AM
CUST_009611,UNIQ_009611,62390,belo horizonte,MG
CUST_009612,UNIQ_009612,41749,porto alegre,RS
CUST_009613,UNIQ_009613,98211,fortaleza,CE
CUST_009614,UNIQ_009614,28546,belo horizonte,MG
CUST_009615,UNIQ_009615,91143,natal,RN
CUST_009616,UNIQ_009616,32396,belem,PA
CUST_009617,UNIQ_009617,84897,aracaju,SE
CUST_009618,UNIQ_009618,63430,belem,PA
CUST_009619,UNIQ_009619,30787,belem,PA
CUST_009620,UNIQ_009620,41813,sao paulo,SP
CUST_009621,UNIQ_009621,27106,teresina,PI
CUST_009622,UNIQ_009622,79248,florianopolis,SC
CUST_009623,UNIQ_009623,38032,teresina,PI
CUST_009624,UNIQ_009624,50577,salvador,BA
CUST_009625,UNIQ_009625,20769,porto alegre,RS
CUST_009626,UNIQ_009626,15344,campo grande,MS
CUST_009627,UNIQ_009627,48223,natal,RN
CUST_009628,UNIQ_009628,30535,natal,RN
CUST_009629,UNIQ_009629,58977,florianopolis,SC
CUST_009630,UNIQ_009630,15546,belem,PA
CUST_009631,UNIQ_009631,62858,curitiba,PR
CUST_009632,UNIQ_009632,98572,recife,PE
CUST_009633,UNIQ_009633,54555,florianopolis,SC
CUST_009634,UNIQ_009634,99546,maceio,AL
CUST_009635,UNIQ_009635,48513,curitiba,PR
CUST_009636,UNIQ_009636,13049,manaus,AM
CUST_009637,UNIQ_009637,71581,belo horizonte,MG
CUST_009638,UNIQ_009638,50334,natal,RN
CUST_009639,UNIQ_009639,46672,teresina,PI
CUST_009640,UNIQ_009640,77237,belem,PA
CUST_009641,UNIQ_009641,79514,cuiaba,MT
CUST_009642,UNIQ_009642,12948,aracaju,SE
CUST_009643,UNIQ_009643,24282,recife,PE
CUST_009644,UNIQ_009644,41646,florianopolis,SC
CUST_009645,UNIQ_009645,75663,maceio,AL
CUST_009646,UNIQ_009646,33390,aracaju,SE
CUST_009647,UNIQ_009647,53457,porto alegre,RS
CUST_009648,UNIQ_009648,71037,fortaleza,CE
CUST_009649,UNIQ_009649,18064,porto velho,RO
CUST_009650,UNIQ_009650,14920,goiania,GO
CUST_009651,UNIQ_009651,93765,belem,PA
CUST_009652,UNIQ_009652,48191,rio de janeiro,RJ
CUST_009653,UNIQ_009653,36822,recife,PE
CUST_009654,UNIQ_009654,37385,manaus,AM
CUST_009655,UNIQ_009655,35471,florianopolis,SC
CUST_009656,UNIQ_009656,43779,aracaju,SE
CUST_009657,UNIQ_009657,51297,cuiaba,MT
CUST_009658,UNIQ_009658,61736,salvador,BA
CUST_009659,UNIQ_009659,28535,recife,PE
CUST_009660,UNIQ_009660,21804,salvador,BA
CUST_009661,UNIQ_009661,88624,salvador,BA
CUST_009662,UNIQ_009662,78971,campo grande,MS
CUST_009663,UNIQ_009663,26223,campo grande,MS
CUST_009664,UNIQ_009664,16334,maceio,AL
CUST_009665,UNIQ_009665,36033,porto velho,RO
CUST_009666,UNIQ_009666,87767,recife,PE
CUST_009667,UNIQ_009667,92689,belo horizonte,MG
CUST_009668,UNIQ_009668,74563,manaus,AM
CUST_009669,UNIQ_009669,27656,manaus,AM
CUST_009670,UNIQ_009670,94414,natal,RN
CUST_009671,UNIQ_009671,39585,goiania,GO
CUST_009672,UNIQ_009672,63300,rio de janeiro,RJ
CUST_009673,UNIQ_009673,20071,rio de janeiro,RJ
CUST_009674,UNIQ_009674,90199,belo horizonte,MG
CUST_009675,UNIQ_009675,75099,aracaju,SE
CUST_009676,UNIQ_009676,61031,goiania,GO
CUST_009677,UNIQ_009677,70517,salvador,BA
CUST_009678,UNIQ_009678,63372,aracaju,SE
CUST_009679,UNIQ_009679,78743,maceio,AL
CUST_009680,UNIQ_009680,11398,sao paulo,SP
CUST_009681,UNIQ_009681,37355,curitiba,PR
CUST_009682,UNIQ_009682,13853,sao paulo,SP
CUST_009683,UNIQ_009683,23991,cuiaba,MT
CUST_009684,UNIQ_009684,64397,goiania,GO
CUST_009685,UNIQ_009685,82055,salvador,BA
CUST_009686,UNIQ_009686,88275,fortaleza,CE
CUST_009687,UNIQ_009687,11719,aracaju,SE
CUST_009688,UNIQ_009688,59452,recife,PE
CUST_009689,UNIQ_009689,71901,goiania,GO
CUST_009690,UNIQ_009690,44588,joao pessoa,PB
CUST_009691,UNIQ_009691,88128,belem,PA
CUST_009692,UNIQ_009692,64461,salvador,BA
CUST_009693,UNIQ_009693,91403,sao paulo,SP
CUST_009694,UNIQ_009694,61348,manaus,AM
CUST_009695,UNIQ_009695,89920,florianopolis,SC
CUST_009696,UNIQ_009696,27553,florianopolis,SC
CUST_009697,UNIQ_009697,19994,rio de janeiro,RJ
CUST_009698,UNIQ_009698,89127,belem,PA
CUST_009699,UNIQ_009699,26144,belo horizonte,MG
CUST_009700,UNIQ_009700,93792,aracaju,SE
CUST_009701,UNIQ_009701,47596,cuiaba,MT
CUST_009702,UNIQ_009702,80677,salvador,BA
CUST_009703,UNIQ_009703,39601,belem,PA
CUST_009704,UNIQ_009704,62035,recife,PE
CUST_009705,UNIQ_009705,72566,aracaju,SE
CUST_009706,UNIQ_009706,13457,goiania,GO
CUST_009707,UNIQ_009707,28257,cuiaba,MT
CUST_009708,UNIQ_009708,35520,teresina,PI
CUST_009709,UNIQ_009709,30667,curitiba,PR
CUST_009710,UNIQ_009710,89504,manaus,AM
CUST_009711,UNIQ_009711,76303,porto velho,RO
CUST_009712,UNIQ_009712,19633,fortaleza,CE
CUST_009713,UNIQ_009713,69151,recife,PE
CUST_009714,UNIQ_009714,53934,porto alegre,RS
CUST_009715,UNIQ_009715,64823,goiania,GO
CUST_009716,UNIQ_009716,22088,belo horizonte,MG
CUST_009717,UNIQ_009717,14781,porto alegre,RS
CUST_009718,UNIQ_009718,27046,belem,PA
CUST_009719,UNIQ_009719,80268,aracaju,SE
CUST_009720,UNIQ_009720,15616,teresina,PI
CUST_009721,UNIQ_009721,92638,florianopolis,SC
CUST_009722,UNIQ_009722,54235,sao paulo,SP
CUST_009723,UNIQ_009723,74536,recife,PE
CUST_009724,UNIQ_009724,66186,natal,RN
CUST_009725,UNIQ_009725,16076,teresina,PI
CUST_009726,UNIQ_009726,22580,aracaju,SE
CUST_009727,UNIQ_009727,26880,salvador,BA
CUST_009728,UNIQ_009728,12355,teresina,PI
CUST_009729,UNIQ_009729,35288,rio de janeiro,RJ
CUST_009730,UNIQ_009730,78191,rio de janeiro,RJ
CUST_009731,UNIQ_009731,57359,manaus,AM
CUST_009732,UNIQ_009732,62144,natal,RN
CUST_009733,UNIQ_009733,21584,porto velho,RO
CUST_009734,UNIQ_009734,60631,sao paulo,SP
CUST_009735,UNIQ_009735,99772,fortaleza,CE
CUST_009736,UNIQ_009736,19526,campo grande,MS
CUST_009737,UNIQ_009737,37899,goiania,GO
CUST_009738,UNIQ_009738,33004,salvador,BA
CUST_009739,UNIQ_009739,43295,manaus,AM
CUST_009740,UNIQ_009740,56634,goiania,GO
CUST_009741,UNIQ_009741,66333,rio de janeiro,RJ
CUST_009742,UNIQ_009742,82127,aracaju,SE
CUST_009743,UNIQ_009743,67178,curitiba,PR
CUST_009744,UNIQ_009744,24257,cuiaba,MT
CUST_009745,UNIQ_009745,92100,joao pessoa,PB
CUST_009746,UNIQ_009746,65636,joao pessoa,PB
CUST_009747,UNIQ_009747,94430,maceio,AL
CUST_009748,UNIQ_009748,91419,fortaleza,CE
CUST_009749,UNIQ_009749,78746,manaus,AM
CUST_009750,UNIQ_009750,48063,porto alegre,RS
CUST_009751,UNIQ_009751,25181,rio de janeiro,RJ
CUST_009752,UNIQ_009752,49846,recife,PE
CUST_009753,UNIQ_009753,10649,maceio,AL
CUST_009754,UNIQ_009754,68645,aracaju,SE
CUST_009755,UNIQ_009755,54906,manaus,AM
CUST_009756,UNIQ_009756,41119,belem,PA
CUST_009757,UNIQ_009757,97439,joao pessoa,PB
CUST_009758,UNIQ_009758,79285,maceio,AL
CUST_009759,UNIQ_009759,63406,fortaleza,CE
CUST_009760,UNIQ_009760,37782,rio de janeiro,RJ
CUST_009761,UNIQ_009761,94559,recife,PE
CUST_009762,UNIQ_009762,90544,florianopolis,SC
CUST_009763,UNIQ_009763,16999,salvador,BA
CUST_009764,UNIQ_009764,97428,salvador,BA
CUST_009765,UNIQ_009765,69183,florianopolis,SC
CUST_009766,UNIQ_009766,89387,sao paulo,SP
CUST_009767,UNIQ_009767,76505,rio de janeiro,RJ
CUST_009768,UNIQ_009768,83985,florianopolis,SC
CUST_009769,UNIQ_009769,18498,cuiaba,MT
CUST_009770,UNIQ_009770,47455,belem,PA
CUST_009771,UNIQ_009771,33826,cuiaba,MT
CUST_009772,UNIQ_009772,69389,sao paulo,SP
CUST_009773,UNIQ_009773,86401,porto alegre,RS
CUST_009774,UNIQ_009774,62803,curitiba,PR
CUST_009775,UNIQ_009775,85076,porto velho,RO
CUST_009776,UNIQ_009776,92046,porto velho,RO
CUST_009777,UNIQ_009777,91852,teresina,PI
CUST_009778,UNIQ_009778,59265,cuiaba,MT
CUST_009779,UNIQ_009779,82443,belem,PA
CUST_009780,UNIQ_009780,88683,porto velho,RO
CUST_009781,UNIQ_009781,21751,campo grande,MS
CUST_009782,UNIQ_009782,48738,aracaju,SE
CUST_009783,UNIQ_009783,80158,fortaleza,CE
CUST_009784,UNIQ_009784,85927,florianopolis,SC
CUST_009785,UNIQ_009785,93463,natal,RN
CUST_009786,UNIQ_009786,42532,cuiaba,MT
CUST_009787,UNIQ_009787,53300,fortaleza,CE
CUST_009788,UNIQ_009788,23493,cuiaba,MT
CUST_009789,UNIQ_009789,12788,belem,PA
CUST_009790,UNIQ_009790,50579,aracaju,SE
CUST_009791,UNIQ_009791,91105,cuiaba,MT
CUST_009792,UNIQ_009792,32953,manaus,AM
CUST_009793,UNIQ_009793,24202,manaus,AM
CUST_009794,UNIQ_009794,39232,curitiba,PR
CUST_009795,UNIQ_009795,28519,belem,PA
CUST_009796,UNIQ_009796,62980,teresina,PI
CUST_009797,UNIQ_009797,83380,cuiaba,MT
CUST_009798,UNIQ_009798,63453,rio de janeiro,RJ
CUST_009799,UNIQ_009799,13009,porto velho,RO
CUST_009800,UNIQ_009800,71994,maceio,AL
CUST_009801,UNIQ_009801,62165,fortaleza,CE
CUST_009802,UNIQ_009802,69923,salvador,BA
CUST_009803,UNIQ_009803,14000,teresina,PI
CUST_009804,UNIQ_009804,32795,campo grande,MS
CUST_009805,UNIQ_009805,50567,manaus,AM
CUST_009806,UNIQ_009806,39898,maceio,AL
CUST_009807,UNIQ_009807,89525,aracaju,SE
CUST_009808,UNIQ_009808,52700,recife,PE
CUST_009809,UNIQ_009809,57422,porto velho,RO
CUST_009810,UNIQ_009810,78184,recife,PE
CUST_009811,UNIQ_009811,96148,fortaleza,CE
CUST_009812,UNIQ_009812,12293,maceio,AL
CUST_009813,UNIQ_009813,10402,belem,PA
CUST_009814,UNIQ_009814,63408,florianopolis,SC
CUST_009815,UNIQ_009815,28672,salvador,BA
CUST_009816,UNIQ_009816,89954,cuiaba,MT
CUST_009817,UNIQ_009817,54740,teresina,PI
CUST_009818,UNIQ_009818,81991,sao paulo,SP
CUST_009819,UNIQ_009819,63245,fortaleza,CE
CUST_009820,UNIQ_009820,57018,cuiaba,MT
CUST_009821,UNIQ_009821,98677,maceio,AL
CUST_009822,UNIQ_009822,66904,fortaleza,CE
CUST_009823,UNIQ_009823,22254,porto alegre,RS
CUST_009824,UNIQ_009824,60126,maceio,AL
CUST_009825,UNIQ_009825,59584,cuiaba,MT
CUST_009826,UNIQ_009826,63336,florianopolis,SC
CUST_009827,UNIQ_009827,38394,belo horizonte,MG
CUST_009828,UNIQ_009828,83635,sao paulo,SP
CUST_009829,UNIQ_009829,65830,joao pessoa,PB
CUST_009830,UNIQ_009830,98081,salvador,BA
CUST_009831,UNIQ_009831,34941,fortaleza,CE
CUST_009832,UNIQ_009832,51116,aracaju,SE
CUST_009833,UNIQ_009833,54151,cuiaba,MT
CUST_009834,UNIQ_009834,43021,salvador,BA
CUST_009835,UNIQ_009835,45002,manaus,AM
CUST_009836,UNIQ_009836,80971,natal,RN
CUST_009837,UNIQ_009837,41536,fortaleza,CE
CUST_009838,UNIQ_009838,50729,cuiaba,MT
CUST_009839,UNIQ_009839,45638,aracaju,SE
CUST_009840,UNIQ_009840,13860,rio de janeiro,RJ
CUST_009841,UNIQ_009841,72707,curitiba,PR
CUST_009842,UNIQ_009842,10128,recife,PE
CUST_009843,UNIQ_009843,97518,sao paulo,SP
CUST_009844,UNIQ_009844,66917,aracaju,SE
CUST_009845,UNIQ_009845,61206,porto velho,RO
CUST_009846,UNIQ_009846,18205,natal,RN
CUST_009847,UNIQ_009847,25307,rio de janeiro,RJ
CUST_009848,UNIQ_009848,76047,natal,RN
CUST_009849,UNIQ_009849,19837,manaus,AM
CUST_009850,UNIQ_009850,97597,belo horizonte,MG
CUST_009851,UNIQ_009851,90201,manaus,AM
CUST_009852,UNIQ_009852,13340,goiania,GO
CUST_009853,UNIQ_009853,18679,rio de janeiro,RJ
CUST_009854,UNIQ_009854,79181,natal,RN
CUST_009855,UNIQ_009855,90224,rio de janeiro,RJ
CUST_009856,UNIQ_009856,20499,porto alegre,RS
CUST_009857,UNIQ_009857,92557,belem,PA
CUST_009858,UNIQ_009858,19589,porto velho,RO
CUST_009859,UNIQ_009859,17120,goiania,GO
CUST_009860,UNIQ_009860,63449,campo grande,MS
CUST_009861,UNIQ_009861,92514,curitiba,PR
CUST_009862,UNIQ_009862,35676,aracaju,SE
CUST_009863,UNIQ_009863,68106,cuiaba,MT
CUST_009864,UNIQ_009864,92179,teresina,PI
CUST_009865,UNIQ_009865,16592,fortaleza,CE
CUST_009866,UNIQ_009866,38902,florianopolis,SC
CUST_009867,UNIQ_009867,45405,porto alegre,RS
CUST_009868,UNIQ_009868,74915,sao paulo,SP
CUST_009869,UNIQ_009869,68024,campo grande,MS
CUST_009870,UNIQ_009870,46896,porto velho,RO
CUST_009871,UNIQ_009871,31274,natal,RN
CUST_009872,UNIQ_009872,68854,rio de janeiro,RJ
CUST_009873,UNIQ_009873,62850,fortaleza,CE
CUST_009874,UNIQ_009874,98000,teresina,PI
CUST_009875,UNIQ_009875,88159,fortaleza,CE
CUST_009876,UNIQ_009876,55160,fortaleza,CE
CUST_009877,UNIQ_009877,82805,sao paulo,SP
CUST_009878,UNIQ_009878,74499,belo horizonte,MG
CUST_009879,UNIQ_009879,60393,joao pessoa,PB
CUST_009880,UNIQ_009880,31098,rio de janeiro,RJ
CUST_009881,UNIQ_009881,88878,cuiaba,MT
CUST_009882,UNIQ_009882,44543,belo horizonte,MG
CUST_009883,UNIQ_009883,62072,sao paulo,SP
CUST_009884,UNIQ_009884,98425,aracaju,SE
CUST_009885,UNIQ_009885,44445,maceio,AL
CUST_009886,UNIQ_009886,35594,belo horizonte,MG
CUST_009887,UNIQ_009887,36563,manaus,AM
CUST_009888,UNIQ_009888,40423,campo grande,MS
CUST_009889,UNIQ_009889,27388,belo horizonte,MG
CUST_009890,UNIQ_009890,56907,goiania,GO
CUST_009891,UNIQ_009891,36557,curitiba,PR
CUST_009892,UNIQ_009892,62600,florianopolis,SC
CUST_009893,UNIQ_009893,71235,salvador,BA
CUST_009894,UNIQ_009894,20374,maceio,AL
CUST_009895,UNIQ_009895,11394,campo grande,MS
CUST_009896,UNIQ_009896,31531,manaus,AM
CUST_009897,UNIQ_009897,20301,salvador,BA
CUST_009898,UNIQ_009898,31414,porto velho,RO
CUST_009899,UNIQ_009899,59785,sao paulo,SP
CUST_009900,UNIQ_009900,38687,salvador,BA
CUST_009901,UNIQ_009901,41191,teresina,PI
CUST_009902,UNIQ_009902,97770,aracaju,SE
CUST_009903,UNIQ_009903,27348,goiania,GO
CUST_009904,UNIQ_009904,74978,campo grande,MS
CUST_009905,UNIQ_009905,85161,maceio,AL
CUST_009906,UNIQ_009906,59280,florianopolis,SC
CUST_009907,UNIQ_009907,34954,salvador,BA
CUST_009908,UNIQ_009908,68653,manaus,AM
CUST_009909,UNIQ_009909,97539,belo horizonte,MG
CUST_009910,UNIQ_009910,48892,maceio,AL
CUST_009911,UNIQ_009911,44681,belem,PA
CUST_009912,UNIQ_009912,16446,cuiaba,MT
CUST_009913,UNIQ_009913,85865,curitiba,PR
CUST_009914,UNIQ_009914,16263,goiania,GO
CUST_009915,UNIQ_009915,61850,fortaleza,CE
CUST_009916,UNIQ_009916,76881,belem,PA
CUST_009917,UNIQ_009917,22388,rio de janeiro,RJ
CUST_009918,UNIQ_009918,46096,teresina,PI
CUST_009919,UNIQ_009919,16933,belem,PA
CUST_009920,UNIQ_009920,69210,recife,PE
CUST_009921,UNIQ_009921,99397,manaus,AM
CUST_009922,UNIQ_009922,23318,porto alegre,RS
CUST_009923,UNIQ_009923,71656,natal,RN
CUST_009924,UNIQ_009924,24192,maceio,AL
CUST_009925,UNIQ_009925,70713,fortaleza,CE
CUST_009926,UNIQ_009926,97461,joao pessoa,PB
CUST_009927,UNIQ_009927,32323,aracaju,SE
CUST_009928,UNIQ_009928,19853,curitiba,PR
CUST_009929,UNIQ_009929,31165,sao paulo,SP
CUST_009930,UNIQ_009930,74431,belo horizonte,MG
CUST_009931,UNIQ_009931,80286,cuiaba,MT
CUST_009932,UNIQ_009932,23413,curitiba,PR
CUST_009933,UNIQ_009933,44222,manaus,AM
CUST_009934,UNIQ_009934,65032,aracaju,SE
CUST_009935,UNIQ_009935,85041,curitiba,PR
CUST_009936,UNIQ_009936,54582,maceio,AL
CUST_009937,UNIQ_009937,89494,joao pessoa,PB
CUST_009938,UNIQ_009938,40653,campo grande,MS
CUST_009939,UNIQ_009939,40360,teresina,PI
CUST_009940,UNIQ_009940,41854,maceio,AL
CUST_009941,UNIQ_009941,77541,salvador,BA
CUST_009942,UNIQ_009942,81239,curitiba,PR
CUST_009943,UNIQ_009943,63533,goiania,GO
CUST_009944,UNIQ_009944,54364,sao paulo,SP
CUST_009945,UNIQ_009945,85028,recife,PE
CUST_009946,UNIQ_009946,13003,campo grande,MS
CUST_009947,UNIQ_009947,87150,joao pessoa,PB
CUST_009948,UNIQ_009948,93447,maceio,AL
CUST_009949,UNIQ_009949,62793,teresina,PI
CUST_009950,UNIQ_009950,69450,salvador,BA
CUST_009951,UNIQ_009951,18007,joao pessoa,PB
CUST_009952,UNIQ_009952,75072,natal,RN
CUST_009953,UNIQ_009953,63095,recife,PE
CUST_009954,UNIQ_009954,29207,aracaju,SE
CUST_009955,UNIQ_009955,57852,sao paulo,SP
CUST_009956,UNIQ_009956,59298,sao paulo,SP
CUST_009957,UNIQ_009957,28825,maceio,AL
CUST_009958,UNIQ_009958,96364,belo horizonte,MG
CUST_009959,UNIQ_009959,33651,curitiba,PR
CUST_009960,UNIQ_009960,92467,recife,PE
CUST_009961,UNIQ_009961,52977,florianopolis,SC
CUST_009962,UNIQ_009962,21296,curitiba,PR
CUST_009963,UNIQ_009963,98964,natal,RN
CUST_009964,UNIQ_009964,11944,florianopolis,SC
CUST_009965,UNIQ_009965,80657,goiania,GO
CUST_009966,UNIQ_009966,23749,campo grande,MS
CUST_009967,UNIQ_009967,63075,porto alegre,RS
CUST_009968,UNIQ_009968,29705,cuiaba,MT
CUST_009969,UNIQ_009969,78529,belo horizonte,MG
CUST_009970,UNIQ_009970,19535,curitiba,PR
CUST_009971,UNIQ_009971,28185,cuiaba,MT
CUST_009972,UNIQ_009972,84431,goiania,GO
CUST_009973,UNIQ_009973,69863,natal,RN
CUST_009974,UNIQ_009974,15168,porto velho,RO
CUST_009975,UNIQ_009975,87415,maceio,AL
CUST_009976,UNIQ_009976,99373,maceio,AL
CUST_009977,UNIQ_009977,40830,porto alegre,RS
CUST_009978,UNIQ_009978,91715,teresina,PI
CUST_009979,UNIQ_009979,81022,porto velho,RO
CUST_009980,UNIQ_009980,81660,belem,PA
CUST_009981,UNIQ_009981,30753,sao paulo,SP
CUST_009982,UNIQ_009982,14952,fortaleza,CE
CUST_009983,UNIQ_009983,14444,goiania,GO
CUST_009984,UNIQ_009984,40120,porto velho,RO
CUST_009985,UNIQ_009985,66773,maceio,AL
CUST_009986,UNIQ_009986,42869,porto velho,RO
CUST_009987,UNIQ_009987,48255,aracaju,SE
CUST_009988,UNIQ_009988,49077,fortaleza,CE
CUST_009989,UNIQ_009989,54265,porto velho,RO
CUST_009990,UNIQ_009990,77135,porto velho,RO
CUST_009991,UNIQ_009991,92511,maceio,AL
CUST_009992,UNIQ_009992,94839,belo horizonte,MG
CUST_009993,UNIQ_009993,47167,belo horizonte,MG
CUST_009994,UNIQ_009994,69226,florianopolis,SC
CUST_009995,UNIQ_009995,76523,maceio,AL
CUST_009996,UNIQ_009996,14692,campo grande,MS
CUST_009997,UNIQ_009997,22014,campo grande,MS
CUST_009998,UNIQ_009998,33467,florianopolis,SC
CUST_009999,UNIQ_009999,81299,recife,PE
CUST_010000,UNIQ_010000,68665,natal,RN
CUST_010001,UNIQ_010001,72600,natal,RN
CUST_010002,UNIQ_010002,80683,manaus,AM
CUST_010003,UNIQ_010003,13436,curitiba,PR
CUST_010004,UNIQ_010004,69245,porto velho,RO
CUST_010005,UNIQ_010005,59866,porto alegre,RS
CUST_010006,UNIQ_010006,90481,belo horizonte,MG
CUST_010007,UNIQ_010007,92289,belo horizonte,MG
CUST_010008,UNIQ_010008,74867,campo grande,MS
CUST_010009,UNIQ_010009,79756,porto velho,RO
CUST_010010,UNIQ_010010,60393,joao pessoa,PB
CUST_010011,UNIQ_010011,29649,maceio,AL
CUST_010012,UNIQ_010012,85313,porto velho,RO
CUST_010013,UNIQ_010013,76296,teresina,PI
CUST_010014,UNIQ_010014,30173,joao pessoa,PB
CUST_010015,UNIQ_010015,51958,fortaleza,CE
CUST_010016,UNIQ_010016,85602,aracaju,SE
CUST_010017,UNIQ_010017,74737,manaus,AM
CUST_010018,UNIQ_010018,94319,rio de janeiro,RJ
CUST_010019,UNIQ_010019,51714,maceio,AL
CUST_010020,UNIQ_010020,10085,aracaju,SE
CUST_010021,UNIQ_010021,94351,natal,RN
CUST_010022,UNIQ_010022,99435,curitiba,PR
CUST_010023,UNIQ_010023,58323,recife,PE
CUST_010024,UNIQ_010024,45301,rio de janeiro,RJ
CUST_010025,UNIQ_010025,96975,sao paulo,SP
CUST_010026,UNIQ_010026,61138,florianopolis,SC
CUST_010027,UNIQ_010027,91204,natal,RN
CUST_010028,UNIQ_010028,99864,goiania,GO
CUST_010029,UNIQ_010029,84605,campo grande,MS
CUST_010030,UNIQ_010030,14015,rio de janeiro,RJ
CUST_010031,UNIQ_010031,32009,salvador,BA
CUST_010032,UNIQ_010032,81010,porto alegre,RS
CUST_010033,UNIQ_010033,54909,curitiba,PR
CUST_010034,UNIQ_010034,45169,florianopolis,SC
CUST_010035,UNIQ_010035,33927,porto alegre,RS
CUST_010036,UNIQ_010036,61534,aracaju,SE
CUST_010037,UNIQ_010037,87803,campo grande,MS
CUST_010038,UNIQ_010038,35704,natal,RN
CUST_010039,UNIQ_010039,56271,fortaleza,CE
CUST_010040,UNIQ_010040,48556,porto velho,RO
CUST_010041,UNIQ_010041,93663,curitiba,PR
CUST_010042,UNIQ_010042,93092,recife,PE
CUST_010043,UNIQ_010043,99591,fortaleza,CE
CUST_010044,UNIQ_010044,85504,maceio,AL
CUST_010045,UNIQ_010045,61299,porto alegre,RS
CUST_010046,UNIQ_010046,35502,recife,PE
CUST_010047,UNIQ_010047,85051,maceio,AL
CUST_010048,UNIQ_010048,54588,salvador,BA
CUST_010049,UNIQ_010049,31551,natal,RN
CUST_010050,UNIQ_010050,20434,porto alegre,RS
CUST_010051,UNIQ_010051,34458,goiania,GO
CUST_010052,UNIQ_010052,54287,maceio,AL
CUST_010053,UNIQ_010053,33317,joao pessoa,PB
CUST_010054,UNIQ_010054,60997,goiania,GO
CUST_010055,UNIQ_010055,85424,curitiba,PR
CUST_010056,UNIQ_010056,62907,curitiba,PR
CUST_010057,UNIQ_010057,39052,cuiaba,MT
CUST_010058,UNIQ_010058,55000,recife,PE
CUST_010059,UNIQ_010059,89683,aracaju,SE
CUST_010060,UNIQ_010060,23398,florianopolis,SC
CUST_010061,UNIQ_010061,76123,recife,PE
CUST_010062,UNIQ_010062,83391,salvador,BA
CUST_010063,UNIQ_010063,58395,natal,RN
CUST_010064,UNIQ_010064,13363,florianopolis,SC
CUST_010065,UNIQ_010065,78017,joao pessoa,PB
CUST_010066,UNIQ_010066,60630,porto alegre,RS
CUST_010067,UNIQ_010067,52516,maceio,AL
CUST_010068,UNIQ_010068,89938,sao paulo,SP
CUST_010069,UNIQ_010069,73932,goiania,GO
CUST_010070,UNIQ_010070,44302,belem,PA
CUST_010071,UNIQ_010071,10996,recife,PE
CUST_010072,UNIQ_010072,50189,manaus,AM
CUST_010073,UNIQ_010073,25725,porto velho,RO
CUST_010074,UNIQ_010074,85623,aracaju,SE
CUST_010075,UNIQ_010075,24836,belo horizonte,MG
CUST_010076,UNIQ_010076,88512,joao pessoa,PB
CUST_010077,UNIQ_010077,31602,joao pessoa,PB
CUST_010078,UNIQ_010078,36102,rio de janeiro,RJ
CUST_010079,UNIQ_010079,53727,aracaju,SE
CUST_010080,UNIQ_010080,40935,cuiaba,MT
CUST_010081,UNIQ_010081,14940,porto alegre,RS
CUST_010082,UNIQ_010082,57739,belo horizonte,MG
CUST_010083,UNIQ_010083,61711,manaus,AM
CUST_010084,UNIQ_010084,21561,belem,PA
CUST_010085,UNIQ_010085,48489,goiania,GO
CUST_010086,UNIQ_010086,24093,campo grande,MS
CUST_010087,UNIQ_010087,52960,goiania,GO
CUST_010088,UNIQ_010088,24053,manaus,AM
CUST_010089,UNIQ_010089,32742,manaus,AM
CUST_010090,UNIQ_010090,91183,florianopolis,SC
CUST_010091,UNIQ_010091,64982,manaus,AM
CUST_010092,UNIQ_010092,78750,joao pessoa,PB
CUST_010093,UNIQ_010093,41214,salvador,BA
CUST_010094,UNIQ_010094,68632,teresina,PI
CUST_010095,UNIQ_010095,16002,goiania,GO
CUST_010096,UNIQ_010096,91365,sao paulo,SP
CUST_010097,UNIQ_010097,29619,porto alegre,RS
CUST_010098,UNIQ_010098,47156,salvador,BA
CUST_010099,UNIQ_010099,14612,belo horizonte,MG
CUST_010100,UNIQ_010100,33242,florianopolis,SC
CUST_010101,UNIQ_010101,60191,campo grande,MS
CUST_010102,UNIQ_010102,79364,porto velho,RO
CUST_010103,UNIQ_010103,87559,salvador,BA
CUST_010104,UNIQ_010104,71982,aracaju,SE
CUST_010105,UNIQ_010105,17882,maceio,AL
CUST_010106,UNIQ_010106,27253,porto velho,RO
CUST_010107,UNIQ_010107,10881,joao pessoa,PB
CUST_010108,UNIQ_010108,57315,porto alegre,RS
CUST_010109,UNIQ_010109,40803,fortaleza,CE
CUST_010110,UNIQ_010110,79046,aracaju,SE
CUST_010111,UNIQ_010111,55654,maceio,AL
CUST_010112,UNIQ_010112,31337,natal,RN
CUST_010113,UNIQ_010113,53370,fortaleza,CE
CUST_010114,UNIQ_010114,66118,maceio,AL
CUST_010115,UNIQ_010115,17650,teresina,PI
CUST_010116,UNIQ_010116,86489,goiania,GO
CUST_010117,UNIQ_010117,64462,aracaju,SE
CUST_010118,UNIQ_010118,80636,campo grande,MS
CUST_010119,UNIQ_010119,46639,campo grande,MS
CUST_010120,UNIQ_010120,31966,belem,PA
CUST_010121,UNIQ_010121,74580,fortaleza,CE
CUST_010122,UNIQ_010122,76874,goiania,GO
CUST_010123,UNIQ_010123,97728,goiania,GO
CUST_010124,UNIQ_010124,80955,porto alegre,RS
CUST_010125,UNIQ_010125,87112,goiania,GO
CUST_010126,UNIQ_010126,57672,teresina,PI
CUST_010127,UNIQ_010127,90432,goiania,GO
CUST_010128,UNIQ_010128,33301,belem,PA
CUST_010129,UNIQ_010129,26894,aracaju,SE
CUST_010130,UNIQ_010130,90528,belem,PA
CUST_010131,UNIQ_010131,20876,salvador,BA
CUST_010132,UNIQ_010132,53554,teresina,PI
CUST_010133,UNIQ_010133,27842,sao paulo,SP
CUST_010134,UNIQ_010134,15164,sao paulo,SP
CUST_010135,UNIQ_010135,30439,rio de janeiro,RJ
CUST_010136,UNIQ_010136,58824,belem,PA
CUST_010137,UNIQ_010137,86851,recife,PE
CUST_010138,UNIQ_010138,19535,recife,PE
CUST_010139,UNIQ_010139,27187,recife,PE
CUST_010140,UNIQ_010140,52726,salvador,BA
CUST_010141,UNIQ_010141,19075,goiania,GO
CUST_010142,UNIQ_010142,10730,manaus,AM
CUST_010143,UNIQ_010143,54555,goiania,GO
CUST_010144,UNIQ_010144,14428,joao pessoa,PB
CUST_010145,UNIQ_010145,36750,aracaju,SE
CUST_010146,UNIQ_010146,82816,teresina,PI
CUST_010147,UNIQ_010147,99390,curitiba,PR
CUST_010148,UNIQ_010148,47212,salvador,BA
CUST_010149,UNIQ_010149,47272,belem,PA
CUST_010150,UNIQ_010150,78785,aracaju,SE
CUST_010151,UNIQ_010151,60209,porto velho,RO
CUST_010152,UNIQ_010152,86865,natal,RN
CUST_010153,UNIQ_010153,74307,porto velho,RO
CUST_010154,UNIQ_010154,75481,fortaleza,CE
CUST_010155,UNIQ_010155,65452,recife,PE
CUST_010156,UNIQ_010156,93535,campo grande,MS
CUST_010157,UNIQ_010157,48360,campo grande,MS
CUST_010158,UNIQ_010158,29622,teresina,PI
CUST_010159,UNIQ_010159,27004,sao paulo,SP
CUST_010160,UNIQ_010160,77543,florianopolis,SC
CUST_010161,UNIQ_010161,58343,curitiba,PR
CUST_010162,UNIQ_010162,37413,belem,PA
CUST_010163,UNIQ_010163,78921,belo horizonte,MG
CUST_010164,UNIQ_010164,32658,manaus,AM
CUST_010165,UNIQ_010165,23875,maceio,AL
CUST_010166,UNIQ_010166,34959,fortaleza,CE
CUST_010167,UNIQ_010167,26553,belo horizonte,MG
CUST_010168,UNIQ_010168,89505,manaus,AM
CUST_010169,UNIQ_010169,94560,fortaleza,CE
CUST_010170,UNIQ_010170,92170,sao paulo,SP
CUST_010171,UNIQ_010171,91797,belem,PA
CUST_010172,UNIQ_010172,17731,belo horizonte,MG
CUST_010173,UNIQ_010173,11063,natal,RN
CUST_010174,UNIQ_010174,78103,belo horizonte,MG
CUST_010175,UNIQ_010175,64443,recife,PE
CUST_010176,UNIQ_010176,74164,porto alegre,RS
CUST_010177,UNIQ_010177,36733,curitiba,PR
CUST_010178,UNIQ_010178,70710,maceio,AL
CUST_010179,UNIQ_010179,13175,florianopolis,SC
CUST_010180,UNIQ_010180,31634,maceio,AL
CUST_010181,UNIQ_010181,62956,joao pessoa,PB
CUST_010182,UNIQ_010182,21415,aracaju,SE
CUST_010183,UNIQ_010183,33192,campo grande,MS
CUST_010184,UNIQ_010184,55886,curitiba,PR
CUST_010185,UNIQ_010185,70851,joao pessoa,PB
CUST_010186,UNIQ_010186,44123,goiania,GO
CUST_010187,UNIQ_010187,83667,florianopolis,SC
CUST_010188,UNIQ_010188,73417,porto alegre,RS
CUST_010189,UNIQ_010189,59664,fortaleza,CE
CUST_010190,UNIQ_010190,84870,fortaleza,CE
CUST_010191,UNIQ_010191,52655,rio de janeiro,RJ
CUST_010192,UNIQ_010192,91082,fortaleza,CE
CUST_010193,UNIQ_010193,76968,belo horizonte,MG
CUST_010194,UNIQ_010194,60123,campo grande,MS
CUST_010195,UNIQ_010195,41600,maceio,AL
CUST_010196,UNIQ_010196,61445,salvador,BA
CUST_010197,UNIQ_010197,82007,rio de janeiro,RJ
CUST_010198,UNIQ_010198,67610,curitiba,PR
CUST_010199,UNIQ_010199,94596,salvador,BA
CUST_010200,UNIQ_010200,33009,joao pessoa,PB
CUST_010201,UNIQ_010201,69921,belo horizonte,MG
CUST_010202,UNIQ_010202,35994,manaus,AM
CUST_010203,UNIQ_010203,38478,campo grande,MS
CUST_010204,UNIQ_010204,95904,cuiaba,MT
CUST_010205,UNIQ_010205,34398,cuiaba,MT
CUST_010206,UNIQ_010206,52706,sao paulo,SP
CUST_010207,UNIQ_010207,32615,curitiba,PR
CUST_010208,UNIQ_010208,85582,fortaleza,CE
CUST_010209,UNIQ_010209,90584,cuiaba,MT
CUST_010210,UNIQ_010210,63993,manaus,AM
CUST_010211,UNIQ_010211,23213,curitiba,PR
CUST_010212,UNIQ_010212,52854,teresina,PI
CUST_010213,UNIQ_010213,19877,cuiaba,MT
CUST_010214,UNIQ_010214,40968,belem,PA
CUST_010215,UNIQ_010215,82175,maceio,AL
CUST_010216,UNIQ_010216,40992,fortaleza,CE
CUST_010217,UNIQ_010217,52611,curitiba,PR
CUST_010218,UNIQ_010218,42049,florianopolis,SC
CUST_010219,UNIQ_010219,80800,cuiaba,MT
CUST_010220,UNIQ_010220,51969,manaus,AM
CUST_010221,UNIQ_010221,50378,maceio,AL
CUST_010222,UNIQ_010222,64771,porto alegre,RS
CUST_010223,UNIQ_010223,74107,salvador,BA
CUST_010224,UNIQ_010224,74631,campo grande,MS
CUST_010225,UNIQ_010225,31176,recife,PE
CUST_010226,UNIQ_010226,47990,natal,RN
CUST_010227,UNIQ_010227,12563,recife,PE
CUST_010228,UNIQ_010228,53597,cuiaba,MT
CUST_010229,UNIQ_010229,43278,porto alegre,RS
CUST_010230,UNIQ_010230,75289,cuiaba,MT
CUST_010231,UNIQ_010231,25267,porto velho,RO
CUST_010232,UNIQ_010232,68566,curitiba,PR
CUST_010233,UNIQ_010233,86318,porto velho,RO
CUST_010234,UNIQ_010234,10352,campo grande,MS
CUST_010235,UNIQ_010235,84847,curitiba,PR
CUST_010236,UNIQ_010236,67690,curitiba,PR
CUST_010237,UNIQ_010237,31245,belo horizonte,MG
CUST_010238,UNIQ_010238,53399,rio de janeiro,RJ
CUST_010239,UNIQ_010239,97388,recife,PE
CUST_010240,UNIQ_010240,71408,porto velho,RO
CUST_010241,UNIQ_010241,75234,aracaju,SE
CUST_010242,UNIQ_010242,38080,salvador,BA
CUST_010243,UNIQ_010243,52844,joao pessoa,PB
CUST_010244,UNIQ_010244,85966,fortaleza,CE
CUST_010245,UNIQ_010245,78019,maceio,AL
CUST_010246,UNIQ_010246,27126,recife,PE
CUST_010247,UNIQ_010247,13680,fortaleza,CE
CUST_010248,UNIQ_010248,27657,salvador,BA
CUST_010249,UNIQ_010249,62052,florianopolis,SC
CUST_010250,UNIQ_010250,81824,rio de janeiro,RJ
CUST_010251,UNIQ_010251,32710,manaus,AM
CUST_010252,UNIQ_010252,15828,rio de janeiro,RJ
CUST_010253,UNIQ_010253,82641,porto alegre,RS
CUST_010254,UNIQ_010254,89505,joao pessoa,PB
CUST_010255,UNIQ_010255,77977,campo grande,MS
CUST_010256,UNIQ_010256,76311,aracaju,SE
CUST_010257,UNIQ_010257,67458,cuiaba,MT
CUST_010258,UNIQ_010258,99600,florianopolis,SC
CUST_010259,UNIQ_010259,58784,manaus,AM
CUST_010260,UNIQ_010260,56840,aracaju,SE
CUST_010261,UNIQ_010261,41037,curitiba,PR
CUST_010262,UNIQ_010262,61687,maceio,AL
CUST_010263,UNIQ_010263,15300,rio de janeiro,RJ
CUST_010264,UNIQ_010264,12272,manaus,AM
CUST_010265,UNIQ_010265,49597,porto alegre,RS
CUST_010266,UNIQ_010266,60836,recife,PE
CUST_010267,UNIQ_010267,85060,belo horizonte,MG
CUST_010268,UNIQ_010268,52039,cuiaba,MT
CUST_010269,UNIQ_010269,70321,salvador,BA
CUST_010270,UNIQ_010270,55467,belo horizonte,MG
CUST_010271,UNIQ_010271,37531,curitiba,PR
CUST_010272,UNIQ_010272,22264,cuiaba,MT
CUST_010273,UNIQ_010273,29557,sao paulo,SP
CUST_010274,UNIQ_010274,31951,cuiaba,MT
CUST_010275,UNIQ_010275,55645,cuiaba,MT
CUST_010276,UNIQ_010276,22120,sao paulo,SP
CUST_010277,UNIQ_010277,36062,belem,PA
CUST_010278,UNIQ_010278,46331,joao pessoa,PB
CUST_010279,UNIQ_010279,35277,aracaju,SE
CUST_010280,UNIQ_010280,90226,rio de janeiro,RJ
CUST_010281,UNIQ_010281,10643,manaus,AM
CUST_010282,UNIQ_010282,64471,cuiaba,MT
CUST_010283,UNIQ_010283,20832,joao pessoa,PB
CUST_010284,UNIQ_010284,87789,manaus,AM
CUST_010285,UNIQ_010285,22180,joao pessoa,PB
CUST_010286,UNIQ_010286,25095,porto velho,RO
CUST_010287,UNIQ_010287,62142,fortaleza,CE
CUST_010288,UNIQ_010288,93006,rio de janeiro,RJ
CUST_010289,UNIQ_010289,29895,fortaleza,CE
CUST_010290,UNIQ_010290,37164,salvador,BA
CUST_010291,UNIQ_010291,25476,curitiba,PR
CUST_010292,UNIQ_010292,63754,campo grande,MS
CUST_010293,UNIQ_010293,96531,campo grande,MS
CUST_010294,UNIQ_010294,17012,fortaleza,CE
CUST_010295,UNIQ_010295,89408,salvador,BA
CUST_010296,UNIQ_010296,25195,belo horizonte,MG
CUST_010297,UNIQ_010297,60145,salvador,BA
CUST_010298,UNIQ_010298,23697,natal,RN
CUST_010299,UNIQ_010299,33685,fortaleza,CE
CUST_010300,UNIQ_010300,25854,rio de janeiro,RJ
CUST_010301,UNIQ_010301,14183,porto velho,RO
CUST_010302,UNIQ_010302,27824,campo grande,MS
CUST_010303,UNIQ_010303,96732,goiania,GO
CUST_010304,UNIQ_010304,67361,aracaju,SE
CUST_010305,UNIQ_010305,35945,recife,PE
CUST_010306,UNIQ_010306,38061,porto velho,RO
CUST_010307,UNIQ_010307,48484,rio de janeiro,RJ
CUST_010308,UNIQ_010308,35224,cuiaba,MT
CUST_010309,UNIQ_010309,59844,teresina,PI
CUST_010310,UNIQ_010310,37315,goiania,GO
CUST_010311,UNIQ_010311,11757,maceio,AL
CUST_010312,UNIQ_010312,69682,curitiba,PR
CUST_010313,UNIQ_010313,78287,belem,PA
CUST_010314,UNIQ_010314,29612,salvador,BA
CUST_010315,UNIQ_010315,33086,belem,PA
CUST_010316,UNIQ_010316,21809,salvador,BA
CUST_010317,UNIQ_010317,12976,belem,PA
CUST_010318,UNIQ_010318,99527,maceio,AL
CUST_010319,UNIQ_010319,91965,natal,RN
CUST_010320,UNIQ_010320,28430,aracaju,SE
CUST_010321,UNIQ_010321,11145,goiania,GO
CUST_010322,UNIQ_010322,97152,cuiaba,MT
CUST_010323,UNIQ_010323,27646,goiania,GO
CUST_010324,UNIQ_010324,88161,fortaleza,CE
CUST_010325,UNIQ_010325,59227,belem,PA
CUST_010326,UNIQ_010326,12243,fortaleza,CE
CUST_010327,UNIQ_010327,35382,cuiaba,MT
CUST_010328,UNIQ_010328,55871,florianopolis,SC
CUST_010329,UNIQ_010329,18653,natal,RN
CUST_010330,UNIQ_010330,38130,sao paulo,SP
CUST_010331,UNIQ_010331,88145,cuiaba,MT
CUST_010332,UNIQ_010332,26803,florianopolis,SC
CUST_010333,UNIQ_010333,75084,cuiaba,MT
CUST_010334,UNIQ_010334,22736,sao paulo,SP
CUST_010335,UNIQ_010335,69471,recife,PE
CUST_010336,UNIQ_010336,28596,salvador,BA
CUST_010337,UNIQ_010337,35002,porto alegre,RS
CUST_010338,UNIQ_010338,57056,teresina,PI
CUST_010339,UNIQ_010339,52813,maceio,AL
CUST_010340,UNIQ_010340,58062,maceio,AL
CUST_010341,UNIQ_010341,50231,natal,RN
CUST_010342,UNIQ_010342,37788,fortaleza,CE
CUST_010343,UNIQ_010343,43994,sao paulo,SP
CUST_010344,UNIQ_010344,30469,belo horizonte,MG
CUST_010345,UNIQ_010345,28460,sao paulo,SP
CUST_010346,UNIQ_010346,17053,joao pessoa,PB
CUST_010347,UNIQ_010347,26136,teresina,PI
CUST_010348,UNIQ_010348,90511,florianopolis,SC
CUST_010349,UNIQ_010349,72824,curitiba,PR
CUST_010350,UNIQ_010350,83076,recife,PE
CUST_010351,UNIQ_010351,46428,joao pessoa,PB
CUST_010352,UNIQ_010352,31804,rio de janeiro,RJ
CUST_010353,UNIQ_010353,91189,porto velho,RO
CUST_010354,UNIQ_010354,68079,rio de janeiro,RJ
CUST_010355,UNIQ_010355,66521,belo horizonte,MG
CUST_010356,UNIQ_010356,87438,teresina,PI
CUST_010357,UNIQ_010357,64046,sao paulo,SP
CUST_010358,UNIQ_010358,27037,recife,PE
CUST_010359,UNIQ_010359,46883,fortaleza,CE
CUST_010360,UNIQ_010360,95209,aracaju,SE
CUST_010361,UNIQ_010361,54877,salvador,BA
CUST_010362,UNIQ_010362,44217,goiania,GO
CUST_010363,UNIQ_010363,99712,curitiba,PR
CUST_010364,UNIQ_010364,39076,sao paulo,SP
CUST_010365,UNIQ_010365,14244,belem,PA
CUST_010366,UNIQ_010366,17687,recife,PE
CUST_010367,UNIQ_010367,12209,salvador,BA
CUST_010368,UNIQ_010368,57603,porto velho,RO
CUST_010369,UNIQ_010369,75062,natal,RN
CUST_010370,UNIQ_010370,93864,cuiaba,MT
CUST_010371,UNIQ_010371,58308,campo grande,MS
CUST_010372,UNIQ_010372,50404,teresina,PI
CUST_010373,UNIQ_010373,18504,porto velho,RO
CUST_010374,UNIQ_010374,68040,florianopolis,SC
CUST_010375,UNIQ_010375,98744,cuiaba,MT
CUST_010376,UNIQ_010376,58754,florianopolis,SC
CUST_010377,UNIQ_010377,65727,belem,PA
CUST_010378,UNIQ_010378,42256,curitiba,PR
CUST_010379,UNIQ_010379,72858,porto alegre,RS
CUST_010380,UNIQ_010380,27938,salvador,BA
CUST_010381,UNIQ_010381,70521,porto alegre,RS
CUST_010382,UNIQ_010382,10358,teresina,PI
CUST_010383,UNIQ_010383,15783,salvador,BA
CUST_010384,UNIQ_010384,17785,maceio,AL
CUST_010385,UNIQ_010385,77394,salvador,BA
CUST_010386,UNIQ_010386,15076,salvador,BA
CUST_010387,UNIQ_010387,13492,manaus,AM
CUST_010388,UNIQ_010388,82593,teresina,PI
CUST_010389,UNIQ_010389,23156,recife,PE
CUST_010390,UNIQ_010390,62250,campo grande,MS
CUST_010391,UNIQ_010391,21793,porto alegre,RS
CUST_010392,UNIQ_010392,31217,joao pessoa,PB
CUST_010393,UNIQ_010393,77669,teresina,PI
CUST_010394,UNIQ_010394,81352,rio de janeiro,RJ
CUST_010395,UNIQ_010395,77744,sao paulo,SP
CUST_010396,UNIQ_010396,97843,salvador,BA
CUST_010397,UNIQ_010397,68688,florianopolis,SC
CUST_010398,UNIQ_010398,29415,salvador,BA
CUST_010399,UNIQ_010399,13995,cuiaba,MT
CUST_010400,UNIQ_010400,54920,salvador,BA
CUST_010401,UNIQ_010401,70746,rio de janeiro,RJ
CUST_010402,UNIQ_010402,35622,belo horizonte,MG
CUST_010403,UNIQ_010403,15564,aracaju,SE
CUST_010404,UNIQ_010404,69370,teresina,PI
CUST_010405,UNIQ_010405,42309,salvador,BA
CUST_010406,UNIQ_010406,70548,rio de janeiro,RJ
CUST_010407,UNIQ_010407,53534,recife,PE
CUST_010408,UNIQ_010408,16265,belo horizonte,MG
CUST_010409,UNIQ_010409,57332,belem,PA
CUST_010410,UNIQ_010410,46116,aracaju,SE
CUST_010411,UNIQ_010411,49352,joao pessoa,PB
CUST_010412,UNIQ_010412,62509,manaus,AM
CUST_010413,UNIQ_010413,24969,curitiba,PR
CUST_010414,UNIQ_010414,13249,manaus,AM
CUST_010415,UNIQ_010415,84072,sao paulo,SP
CUST_010416,UNIQ_010416,33819,teresina,PI
CUST_010417,UNIQ_010417,79689,florianopolis,SC
CUST_010418,UNIQ_010418,98652,aracaju,SE
CUST_010419,UNIQ_010419,68565,florianopolis,SC
CUST_010420,UNIQ_010420,66293,teresina,PI
CUST_010421,UNIQ_010421,43260,porto velho,RO
CUST_010422,UNIQ_010422,13890,joao pessoa,PB
CUST_010423,UNIQ_010423,25793,manaus,AM
CUST_010424,UNIQ_010424,10716,maceio,AL
CUST_010425,UNIQ_010425,36078,goiania,GO
CUST_010426,UNIQ_010426,89555,manaus,AM
CUST_010427,UNIQ_010427,30523,natal,RN
CUST_010428,UNIQ_010428,43321,campo grande,MS
CUST_010429,UNIQ_010429,61593,teresina,PI
CUST_010430,UNIQ_010430,29518,teresina,PI
CUST_010431,UNIQ_010431,56299,belo horizonte,MG
CUST_010432,UNIQ_010432,18398,cuiaba,MT
CUST_010433,UNIQ_010433,41529,aracaju,SE
CUST_010434,UNIQ_010434,72259,fortaleza,CE
CUST_010435,UNIQ_010435,14205,sao paulo,SP
CUST_010436,UNIQ_010436,44865,rio de janeiro,RJ
CUST_010437,UNIQ_010437,64369,natal,RN
CUST_010438,UNIQ_010438,23129,teresina,PI
CUST_010439,UNIQ_010439,53297,belem,PA
CUST_010440,UNIQ_010440,13268,cuiaba,MT
CUST_010441,UNIQ_010441,25267,belo horizonte,MG
CUST_010442,UNIQ_010442,68580,rio de janeiro,RJ
CUST_010443,UNIQ_010443,73655,cuiaba,MT
CUST_010444,UNIQ_010444,26295,campo grande,MS
CUST_010445,UNIQ_010445,14895,porto alegre,RS
CUST_010446,UNIQ_010446,95865,sao paulo,SP
CUST_010447,UNIQ_010447,86751,porto alegre,RS
CUST_010448,UNIQ_010448,81287,recife,PE
CUST_010449,UNIQ_010449,18905,maceio,AL
CUST_010450,UNIQ_010450,92716,cuiaba,MT
CUST_010451,UNIQ_010451,85257,porto alegre,RS
CUST_010452,UNIQ_010452,51293,sao paulo,SP
CUST_010453,UNIQ_010453,97518,recife,PE
CUST_010454,UNIQ_010454,51506,belo horizonte,MG
CUST_010455,UNIQ_010455,15543,curitiba,PR
CUST_010456,UNIQ_010456,90027,porto alegre,RS
CUST_010457,UNIQ_010457,75776,porto velho,RO
CUST_010458,UNIQ_010458,87286,rio de janeiro,RJ
CUST_010459,UNIQ_010459,94749,belem,PA
CUST_010460,UNIQ_010460,75130,porto velho,RO
CUST_010461,UNIQ_010461,89443,natal,RN
CUST_010462,UNIQ_010462,74595,aracaju,SE
CUST_010463,UNIQ_010463,94938,recife,PE
CUST_010464,UNIQ_010464,36039,belo horizonte,MG
CUST_010465,UNIQ_010465,87374,campo grande,MS
CUST_010466,UNIQ_010466,99804,campo grande,MS
CUST_010467,UNIQ_010467,64339,salvador,BA
CUST_010468,UNIQ_010468,89034,natal,RN
CUST_010469,UNIQ_010469,48353,maceio,AL
CUST_010470,UNIQ_010470,63855,salvador,BA
CUST_010471,UNIQ_010471,23051,natal,RN
CUST_010472,UNIQ_010472,38348,fortaleza,CE
CUST_010473,UNIQ_010473,47572,joao pessoa,PB
CUST_010474,UNIQ_010474,73572,rio de janeiro,RJ
CUST_010475,UNIQ_010475,84844,joao pessoa,PB
CUST_010476,UNIQ_010476,42537,porto alegre,RS
CUST_010477,UNIQ_010477,32832,recife,PE
CUST_010478,UNIQ_010478,67264,goiania,GO
CUST_010479,UNIQ_010479,37647,curitiba,PR
CUST_010480,UNIQ_010480,97783,aracaju,SE
CUST_010481,UNIQ_010481,88003,cuiaba,MT
CUST_010482,UNIQ_010482,86397,belem,PA
CUST_010483,UNIQ_010483,24934,cuiaba,MT
CUST_010484,UNIQ_010484,68467,porto velho,RO
CUST_010485,UNIQ_010485,18781,sao paulo,SP
CUST_010486,UNIQ_010486,31645,porto alegre,RS
CUST_010487,UNIQ_010487,96549,teresina,PI
CUST_010488,UNIQ_010488,13448,fortaleza,CE
CUST_010489,UNIQ_010489,71245,manaus,AM
CUST_010490,UNIQ_010490,77576,rio de janeiro,RJ
CUST_010491,UNIQ_010491,80851,campo grande,MS
CUST_010492,UNIQ_010492,23853,curitiba,PR
CUST_010493,UNIQ_010493,63836,belo horizonte,MG
CUST_010494,UNIQ_010494,30756,rio de janeiro,RJ
CUST_010495,UNIQ_010495,92683,sao paulo,SP
CUST_010496,UNIQ_010496,22462,porto alegre,RS
CUST_010497,UNIQ_010497,20969,maceio,AL
CUST_010498,UNIQ_010498,58414,recife,PE
CUST_010499,UNIQ_010499,84915,porto velho,RO
CUST_010500,UNIQ_010500,88049,aracaju,SE
CUST_010501,UNIQ_010501,86639,aracaju,SE
CUST_010502,UNIQ_010502,29215,campo grande,MS
CUST_010503,UNIQ_010503,20944,salvador,BA
CUST_010504,UNIQ_010504,12937,campo grande,MS
CUST_010505,UNIQ_010505,76014,maceio,AL
CUST_010506,UNIQ_010506,47980,cuiaba,MT
CUST_010507,UNIQ_010507,14002,aracaju,SE
CUST_010508,UNIQ_010508,81646,belo horizonte,MG
CUST_010509,UNIQ_010509,44083,natal,RN
CUST_010510,UNIQ_010510,80137,belem,PA
CUST_010511,UNIQ_010511,31065,fortaleza,CE
CUST_010512,UNIQ_010512,69151,salvador,BA
CUST_010513,UNIQ_010513,78412,florianopolis,SC
CUST_010514,UNIQ_010514,40557,aracaju,SE
CUST_010515,UNIQ_010515,67718,cuiaba,MT
CUST_010516,UNIQ_010516,58994,aracaju,SE
CUST_010517,UNIQ_010517,11511,campo grande,MS
CUST_010518,UNIQ_010518,32619,maceio,AL
CUST_010519,UNIQ_010519,13367,rio de janeiro,RJ
CUST_010520,UNIQ_010520,80791,porto alegre,RS
CUST_010521,UNIQ_010521,64891,rio de janeiro,RJ
CUST_010522,UNIQ_010522,51969,joao pessoa,PB
CUST_010523,UNIQ_010523,97370,joao pessoa,PB
CUST_010524,UNIQ_010524,33570,belo horizonte,MG
CUST_010525,UNIQ_010525,59840,manaus,AM
CUST_010526,UNIQ_010526,21157,cuiaba,MT
CUST_010527,UNIQ_010527,88077,belem,PA
CUST_010528,UNIQ_010528,21993,natal,RN
CUST_010529,UNIQ_010529,30687,belo horizonte,MG
CUST_010530,UNIQ_010530,75494,aracaju,SE
CUST_010531,UNIQ_010531,45443,cuiaba,MT
CUST_010532,UNIQ_010532,88630,curitiba,PR
CUST_010533,UNIQ_010533,83359,teresina,PI
CUST_010534,UNIQ_010534,29718,aracaju,SE
CUST_010535,UNIQ_010535,61393,campo grande,MS
CUST_010536,UNIQ_010536,97854,cuiaba,MT
CUST_010537,UNIQ_010537,97108,joao pessoa,PB
CUST_010538,UNIQ_010538,45013,rio de janeiro,RJ
CUST_010539,UNIQ_010539,87180,rio de janeiro,RJ
CUST_010540,UNIQ_010540,40059,florianopolis,SC
CUST_010541,UNIQ_010541,43901,salvador,BA
CUST_010542,UNIQ_010542,86149,belo horizonte,MG
CUST_010543,UNIQ_010543,24744,teresina,PI
CUST_010544,UNIQ_010544,65987,florianopolis,SC
CUST_010545,UNIQ_010545,74796,rio de janeiro,RJ
CUST_010546,UNIQ_010546,94191,maceio,AL
CUST_010547,UNIQ_010547,33203,recife,PE
CUST_010548,UNIQ_010548,47239,joao pessoa,PB
CUST_010549,UNIQ_010549,83162,maceio,AL
CUST_010550,UNIQ_010550,53687,recife,PE
CUST_010551,UNIQ_010551,56405,natal,RN
CUST_010552,UNIQ_010552,70324,salvador,BA
CUST_010553,UNIQ_010553,96328,cuiaba,MT
CUST_010554,UNIQ_010554,33819,natal,RN
CUST_010555,UNIQ_010555,93885,belem,PA
CUST_010556,UNIQ_010556,89265,rio de janeiro,RJ
CUST_010557,UNIQ_010557,93840,teresina,PI
CUST_010558,UNIQ_010558,89930,belem,PA
CUST_010559,UNIQ_010559,60296,natal,RN
CUST_010560,UNIQ_010560,42591,maceio,AL
CUST_010561,UNIQ_010561,90190,porto alegre,RS
CUST_010562,UNIQ_010562,13358,teresina,PI
CUST_010563,UNIQ_010563,69383,porto alegre,RS
CUST_010564,UNIQ_010564,50946,aracaju,SE
CUST_010565,UNIQ_010565,18488,fortaleza,CE
CUST_010566,UNIQ_010566,11522,campo grande,MS
CUST_010567,UNIQ_010567,83509,fortaleza,CE
CUST_010568,UNIQ_010568,23396,goiania,GO
CUST_010569,UNIQ_010569,28656,natal,RN
CUST_010570,UNIQ_010570,56605,curitiba,PR
CUST_010571,UNIQ_010571,41871,cuiaba,MT
CUST_010572,UNIQ_010572,46073,teresina,PI
CUST_010573,UNIQ_010573,81658,maceio,AL
CUST_010574,UNIQ_010574,10044,fortaleza,CE
CUST_010575,UNIQ_010575,85218,aracaju,SE
CUST_010576,UNIQ_010576,44854,recife,PE
CUST_010577,UNIQ_010577,62445,maceio,AL
CUST_010578,UNIQ_010578,75773,maceio,AL
CUST_010579,UNIQ_010579,90488,recife,PE
CUST_010580,UNIQ_010580,67135,rio de janeiro,RJ
CUST_010581,UNIQ_010581,43886,fortaleza,CE
CUST_010582,UNIQ_010582,72852,natal,RN
CUST_010583,UNIQ_010583,79102,fortaleza,CE
CUST_010584,UNIQ_010584,88897,campo grande,MS
CUST_010585,UNIQ_010585,18932,cuiaba,MT
CUST_010586,UNIQ_010586,12890,teresina,PI
CUST_010587,UNIQ_010587,18311,porto velho,RO
CUST_010588,UNIQ_010588,49308,belo horizonte,MG
CUST_010589,UNIQ_010589,38108,belo horizonte,MG
CUST_010590,UNIQ_010590,86873,salvador,BA
CUST_010591,UNIQ_010591,56890,recife,PE
CUST_010592,UNIQ_010592,93898,porto velho,RO
CUST_010593,UNIQ_010593,36813,curitiba,PR
CUST_010594,UNIQ_010594,24150,teresina,PI
CUST_010595,UNIQ_010595,37963,recife,PE
CUST_010596,UNIQ_010596,63429,joao pessoa,PB
CUST_010597,UNIQ_010597,54791,sao paulo,SP
CUST_010598,UNIQ_010598,42587,curitiba,PR
CUST_010599,UNIQ_010599,43359,rio de janeiro,RJ
CUST_010600,UNIQ_010600,82914,goiania,GO
CUST_010601,UNIQ_010601,22372,aracaju,SE
CUST_010602,UNIQ_010602,53574,natal,RN
CUST_010603,UNIQ_010603,31702,sao paulo,SP
CUST_010604,UNIQ_010604,46492,florianopolis,SC
CUST_010605,UNIQ_010605,74958,belem,PA
CUST_010606,UNIQ_010606,44364,fortaleza,CE
CUST_010607,UNIQ_010607,90777,salvador,BA
CUST_010608,UNIQ_010608,66219,salvador,BA
CUST_010609,UNIQ_010609,95234,goiania,GO
CUST_010610,UNIQ_010610,35329,rio de janeiro,RJ
CUST_010611,UNIQ_010611,45861,belem,PA
CUST_010612,UNIQ_010612,84346,sao paulo,SP
CUST_010613,UNIQ_010613,62699,teresina,PI
CUST_010614,UNIQ_010614,71609,belo horizonte,MG
CUST_010615,UNIQ_010615,18563,joao pessoa,PB
CUST_010616,UNIQ_010616,26616,aracaju,SE
CUST_010617,UNIQ_010617,87928,porto alegre,RS
CUST_010618,UNIQ_010618,85135,maceio,AL
CUST_010619,UNIQ_010619,92639,maceio,AL
CUST_010620,UNIQ_010620,81657,rio de janeiro,RJ
CUST_010621,UNIQ_010621,10373,maceio,AL
CUST_010622,UNIQ_010622,70519,natal,RN
CUST_010623,UNIQ_010623,29065,maceio,AL
CUST_010624,UNIQ_010624,45585,salvador,BA
CUST_010625,UNIQ_010625,68045,belo horizonte,MG
CUST_010626,UNIQ_010626,64224,porto alegre,RS
CUST_010627,UNIQ_010627,23708,aracaju,SE
CUST_010628,UNIQ_010628,52788,recife,PE
CUST_010629,UNIQ_010629,34210,porto velho,RO
CUST_010630,UNIQ_010630,92128,natal,RN
CUST_010631,UNIQ_010631,44737,natal,RN
CUST_010632,UNIQ_010632,65336,maceio,AL
CUST_010633,UNIQ_010633,96922,porto velho,RO
CUST_010634,UNIQ_010634,90924,maceio,AL
CUST_010635,UNIQ_010635,86253,recife,PE
CUST_010636,UNIQ_010636,91073,natal,RN
CUST_010637,UNIQ_010637,67717,maceio,AL
CUST_010638,UNIQ_010638,76417,belem,PA
CUST_010639,UNIQ_010639,84346,natal,RN
CUST_010640,UNIQ_010640,21835,belem,PA
CUST_010641,UNIQ_010641,54601,goiania,GO
CUST_010642,UNIQ_010642,44238,cuiaba,MT
CUST_010643,UNIQ_010643,96495,goiania,GO
CUST_010644,UNIQ_010644,24502,rio de janeiro,RJ
CUST_010645,UNIQ_010645,90438,salvador,BA
CUST_010646,UNIQ_010646,88526,fortaleza,CE
CUST_010647,UNIQ_010647,17679,curitiba,PR
CUST_010648,UNIQ_010648,57358,joao pessoa,PB
CUST_010649,UNIQ_010649,60002,recife,PE
CUST_010650,UNIQ_010650,56040,rio de janeiro,RJ
CUST_010651,UNIQ_010651,19225,salvador,BA
CUST_010652,UNIQ_010652,20303,joao pessoa,PB
CUST_010653,UNIQ_010653,99491,teresina,PI
CUST_010654,UNIQ_010654,39762,rio de janeiro,RJ
CUST_010655,UNIQ_010655,80492,porto velho,RO
CUST_010656,UNIQ_010656,61758,maceio,AL
CUST_010657,UNIQ_010657,65213,manaus,AM
CUST_010658,UNIQ_010658,42578,goiania,GO
CUST_010659,UNIQ_010659,94884,teresina,PI
CUST_010660,UNIQ_010660,23108,fortaleza,CE
CUST_010661,UNIQ_010661,85925,aracaju,SE
CUST_010662,UNIQ_010662,52946,porto alegre,RS
CUST_010663,UNIQ_010663,88576,florianopolis,SC
CUST_010664,UNIQ_010664,59674,rio de janeiro,RJ
CUST_010665,UNIQ_010665,11006,joao pessoa,PB
CUST_010666,UNIQ_010666,13247,rio de janeiro,RJ
CUST_010667,UNIQ_010667,95991,porto velho,RO
CUST_010668,UNIQ_010668,49470,cuiaba,MT
CUST_010669,UNIQ_010669,49152,fortaleza,CE
CUST_010670,UNIQ_010670,86069,aracaju,SE
CUST_010671,UNIQ_010671,33452,porto alegre,RS
CUST_010672,UNIQ_010672,48445,rio de janeiro,RJ
CUST_010673,UNIQ_010673,59157,natal,RN
CUST_010674,UNIQ_010674,82974,porto alegre,RS
CUST_010675,UNIQ_010675,67004,porto velho,RO
CUST_010676,UNIQ_010676,75208,teresina,PI
CUST_010677,UNIQ_010677,16553,teresina,PI
CUST_010678,UNIQ_010678,67121,goiania,GO
CUST_010679,UNIQ_010679,31211,porto alegre,RS
CUST_010680,UNIQ_010680,50729,sao paulo,SP
CUST_010681,UNIQ_010681,65520,goiania,GO
CUST_010682,UNIQ_010682,74229,florianopolis,SC
CUST_010683,UNIQ_010683,54553,campo grande,MS
CUST_010684,UNIQ_010684,13825,maceio,AL
CUST_010685,UNIQ_010685,69063,cuiaba,MT
CUST_010686,UNIQ_010686,51803,belem,PA
CUST_010687,UNIQ_010687,35203,recife,PE
CUST_010688,UNIQ_010688,89771,aracaju,SE
CUST_010689,UNIQ_010689,65725,sao paulo,SP
CUST_010690,UNIQ_010690,41787,fortaleza,CE
CUST_010691,UNIQ_010691,43828,florianopolis,SC
CUST_010692,UNIQ_010692,59972,natal,RN
CUST_010693,UNIQ_010693,93038,fortaleza,CE
CUST_010694,UNIQ_010694,64884,curitiba,PR
CUST_010695,UNIQ_010695,47904,goiania,GO
CUST_010696,UNIQ_010696,24208,rio de janeiro,RJ
CUST_010697,UNIQ_010697,92919,natal,RN
CUST_010698,UNIQ_010698,89121,goiania,GO
CUST_010699,UNIQ_010699,55485,porto velho,RO
CUST_010700,UNIQ_010700,17038,recife,PE
CUST_010701,UNIQ_010701,98508,sao paulo,SP
CUST_010702,UNIQ_010702,31006,teresina,PI
CUST_010703,UNIQ_010703,25520,curitiba,PR
CUST_010704,UNIQ_010704,29943,curitiba,PR
CUST_010705,UNIQ_010705,33729,belem,PA
CUST_010706,UNIQ_010706,66122,campo grande,MS
CUST_010707,UNIQ_010707,96067,joao pessoa,PB
CUST_010708,UNIQ_010708,50713,joao pessoa,PB
CUST_010709,UNIQ_010709,27607,natal,RN
CUST_010710,UNIQ_010710,90382,goiania,GO
CUST_010711,UNIQ_010711,61136,belo horizonte,MG
CUST_010712,UNIQ_010712,23586,sao paulo,SP
CUST_010713,UNIQ_010713,33183,belo horizonte,MG
CUST_010714,UNIQ_010714,23096,porto alegre,RS
CUST_010715,UNIQ_010715,58825,belo horizonte,MG
CUST_010716,UNIQ_010716,42925,aracaju,SE
CUST_010717,UNIQ_010717,77773,maceio,AL
CUST_010718,UNIQ_010718,17860,natal,RN
CUST_010719,UNIQ_010719,80366,sao paulo,SP
CUST_010720,UNIQ_010720,24201,sao paulo,SP
CUST_010721,UNIQ_010721,87176,joao pessoa,PB
CUST_010722,UNIQ_010722,61915,aracaju,SE
CUST_010723,UNIQ_010723,74819,joao pessoa,PB
CUST_010724,UNIQ_010724,26757,maceio,AL
CUST_010725,UNIQ_010725,20372,manaus,AM
CUST_010726,UNIQ_010726,85738,curitiba,PR
CUST_010727,UNIQ_010727,56971,porto velho,RO
CUST_010728,UNIQ_010728,11785,campo grande,MS
CUST_010729,UNIQ_010729,68473,porto alegre,RS
CUST_010730,UNIQ_010730,63549,fortaleza,CE
CUST_010731,UNIQ_010731,31510,porto alegre,RS
CUST_010732,UNIQ_010732,19979,teresina,PI
CUST_010733,UNIQ_010733,24536,fortaleza,CE
CUST_010734,UNIQ_010734,17008,curitiba,PR
CUST_010735,UNIQ_010735,79305,manaus,AM
CUST_010736,UNIQ_010736,39990,porto alegre,RS
CUST_010737,UNIQ_010737,54846,joao pessoa,PB
CUST_010738,UNIQ_010738,66371,recife,PE
CUST_010739,UNIQ_010739,87167,florianopolis,SC
CUST_010740,UNIQ_010740,79768,natal,RN
CUST_010741,UNIQ_010741,70450,rio de janeiro,RJ
CUST_010742,UNIQ_010742,55921,maceio,AL
CUST_010743,UNIQ_010743,58299,curitiba,PR
CUST_010744,UNIQ_010744,77378,porto alegre,RS
CUST_010745,UNIQ_010745,50601,curitiba,PR
CUST_010746,UNIQ_010746,26175,fortaleza,CE
CUST_010747,UNIQ_010747,40482,maceio,AL
CUST_010748,UNIQ_010748,52506,aracaju,SE
CUST_010749,UNIQ_010749,57451,porto alegre,RS
CUST_010750,UNIQ_010750,16179,porto alegre,RS
CUST_010751,UNIQ_010751,98581,rio de janeiro,RJ
CUST_010752,UNIQ_010752,43353,teresina,PI
CUST_010753,UNIQ_010753,95566,belem,PA
CUST_010754,UNIQ_010754,47382,florianopolis,SC
CUST_010755,UNIQ_010755,54373,campo grande,MS
CUST_010756,UNIQ_010756,35796,fortaleza,CE
CUST_010757,UNIQ_010757,24601,belo horizonte,MG
CUST_010758,UNIQ_010758,35368,fortaleza,CE
CUST_010759,UNIQ_010759,68648,fortaleza,CE
CUST_010760,UNIQ_010760,80420,belem,PA
CUST_010761,UNIQ_010761,74389,porto velho,RO
CUST_010762,UNIQ_010762,21123,porto velho,RO
CUST_010763,UNIQ_010763,67460,campo grande,MS
CUST_010764,UNIQ_010764,37037,natal,RN
CUST_010765,UNIQ_010765,97097,recife,PE
CUST_010766,UNIQ_010766,94549,belem,PA
CUST_010767,UNIQ_010767,74131,curitiba,PR
CUST_010768,UNIQ_010768,14024,curitiba,PR
CUST_010769,UNIQ_010769,82756,manaus,AM
CUST_010770,UNIQ_010770,59742,maceio,AL
CUST_010771,UNIQ_010771,19538,curitiba,PR
CUST_010772,UNIQ_010772,56351,joao pessoa,PB
CUST_010773,UNIQ_010773,95859,sao paulo,SP
CUST_010774,UNIQ_010774,17966,maceio,AL
CUST_010775,UNIQ_010775,89526,belo horizonte,MG
CUST_010776,UNIQ_010776,42366,natal,RN
CUST_010777,UNIQ_010777,43414,rio de janeiro,RJ
CUST_010778,UNIQ_010778,93275,goiania,GO
CUST_010779,UNIQ_010779,14351,manaus,AM
CUST_010780,UNIQ_010780,89807,natal,RN
CUST_010781,UNIQ_010781,52598,recife,PE
CUST_010782,UNIQ_010782,75934,maceio,AL
CUST_010783,UNIQ_010783,44965,fortaleza,CE
CUST_010784,UNIQ_010784,40072,porto velho,RO
CUST_010785,UNIQ_010785,40083,goiania,GO
CUST_010786,UNIQ_010786,11548,belem,PA
CUST_010787,UNIQ_010787,93148,rio de janeiro,RJ
CUST_010788,UNIQ_010788,77463,salvador,BA
CUST_010789,UNIQ_010789,61948,belo horizonte,MG
CUST_010790,UNIQ_010790,72150,campo grande,MS
CUST_010791,UNIQ_010791,47565,aracaju,SE
CUST_010792,UNIQ_010792,18776,aracaju,SE
CUST_010793,UNIQ_010793,55264,teresina,PI
CUST_010794,UNIQ_010794,46549,curitiba,PR
CUST_010795,UNIQ_010795,43343,porto alegre,RS
CUST_010796,UNIQ_010796,44295,florianopolis,SC
CUST_010797,UNIQ_010797,66032,porto alegre,RS
CUST_010798,UNIQ_010798,79695,rio de janeiro,RJ
CUST_010799,UNIQ_010799,80134,manaus,AM
CUST_010800,UNIQ_010800,18645,florianopolis,SC
CUST_010801,UNIQ_010801,89005,joao pessoa,PB
CUST_010802,UNIQ_010802,38500,porto velho,RO
CUST_010803,UNIQ_010803,82413,campo grande,MS
CUST_010804,UNIQ_010804,12040,salvador,BA
CUST_010805,UNIQ_010805,41578,goiania,GO
CUST_010806,UNIQ_010806,26165,porto velho,RO
CUST_010807,UNIQ_010807,80337,fortaleza,CE
CUST_010808,UNIQ_010808,75842,campo grande,MS
CUST_010809,UNIQ_010809,96647,aracaju,SE
CUST_010810,UNIQ_010810,80630,porto alegre,RS
CUST_010811,UNIQ_010811,91539,natal,RN
CUST_010812,UNIQ_010812,85927,cuiaba,MT
CUST_010813,UNIQ_010813,86850,teresina,PI
CUST_010814,UNIQ_010814,77435,aracaju,SE
CUST_010815,UNIQ_010815,88492,fortaleza,CE
CUST_010816,UNIQ_010816,50117,rio de janeiro,RJ
CUST_010817,UNIQ_010817,73077,goiania,GO
CUST_010818,UNIQ_010818,27412,cuiaba,MT
CUST_010819,UNIQ_010819,23717,joao pessoa,PB
CUST_010820,UNIQ_010820,68905,porto alegre,RS
CUST_010821,UNIQ_010821,43265,fortaleza,CE
CUST_010822,UNIQ_010822,40480,natal,RN
CUST_010823,UNIQ_010823,21736,rio de janeiro,RJ
CUST_010824,UNIQ_010824,80837,porto velho,RO
CUST_010825,UNIQ_010825,43113,natal,RN
CUST_010826,UNIQ_010826,45101,curitiba,PR
CUST_010827,UNIQ_010827,36703,fortaleza,CE
CUST_010828,UNIQ_010828,95026,maceio,AL
CUST_010829,UNIQ_010829,87646,recife,PE
CUST_010830,UNIQ_010830,31329,campo grande,MS
CUST_010831,UNIQ_010831,40862,aracaju,SE
CUST_010832,UNIQ_010832,84450,recife,PE
CUST_010833,UNIQ_010833,29785,salvador,BA
CUST_010834,UNIQ_010834,94681,salvador,BA
CUST_010835,UNIQ_010835,75531,maceio,AL
CUST_010836,UNIQ_010836,61366,sao paulo,SP
CUST_010837,UNIQ_010837,84262,curitiba,PR
CUST_010838,UNIQ_010838,32597,manaus,AM
CUST_010839,UNIQ_010839,77460,aracaju,SE
CUST_010840,UNIQ_010840,85769,rio de janeiro,RJ
CUST_010841,UNIQ_010841,37799,maceio,AL
CUST_010842,UNIQ_010842,29097,curitiba,PR
CUST_010843,UNIQ_010843,15869,salvador,BA
CUST_010844,UNIQ_010844,11953,salvador,BA
CUST_010845,UNIQ_010845,40149,curitiba,PR
CUST_010846,UNIQ_010846,10276,curitiba,PR
CUST_010847,UNIQ_010847,18261,sao paulo,SP
CUST_010848,UNIQ_010848,60585,aracaju,SE
CUST_010849,UNIQ_010849,66881,campo grande,MS
CUST_010850,UNIQ_010850,25022,natal,RN
CUST_010851,UNIQ_010851,13906,rio de janeiro,RJ
CUST_010852,UNIQ_010852,92756,aracaju,SE
CUST_010853,UNIQ_010853,98011,porto velho,RO
CUST_010854,UNIQ_010854,98701,maceio,AL
CUST_010855,UNIQ_010855,60624,joao pessoa,PB
CUST_010856,UNIQ_010856,11468,salvador,BA
CUST_010857,UNIQ_010857,20959,maceio,AL
CUST_010858,UNIQ_010858,34818,belem,PA
CUST_010859,UNIQ_010859,60294,florianopolis,SC
CUST_010860,UNIQ_010860,47848,belo horizonte,MG
CUST_010861,UNIQ_010861,40832,rio de janeiro,RJ
CUST_010862,UNIQ_010862,47927,maceio,AL
CUST_010863,UNIQ_010863,95180,goiania,GO
CUST_010864,UNIQ_010864,94037,recife,PE
CUST_010865,UNIQ_010865,87284,belo horizonte,MG
CUST_010866,UNIQ_010866,16208,aracaju,SE
CUST_010867,UNIQ_010867,46223,joao pessoa,PB
CUST_010868,UNIQ_010868,82133,teresina,PI
CUST_010869,UNIQ_010869,35557,fortaleza,CE
CUST_010870,UNIQ_010870,50544,goiania,GO
CUST_010871,UNIQ_010871,87162,teresina,PI
CUST_010872,UNIQ_010872,98641,goiania,GO
CUST_010873,UNIQ_010873,14570,salvador,BA
CUST_010874,UNIQ_010874,36025,sao paulo,SP
CUST_010875,UNIQ_010875,69905,sao paulo,SP
CUST_010876,UNIQ_010876,33904,natal,RN
CUST_010877,UNIQ_010877,58504,sao paulo,SP
CUST_010878,UNIQ_010878,53178,porto alegre,RS
CUST_010879,UNIQ_010879,59701,cuiaba,MT
CUST_010880,UNIQ_010880,19769,campo grande,MS
CUST_010881,UNIQ_010881,12561,goiania,GO
CUST_010882,UNIQ_010882,67135,rio de janeiro,RJ
CUST_010883,UNIQ_010883,97614,teresina,PI
CUST_010884,UNIQ_010884,65323,natal,RN
CUST_010885,UNIQ_010885,22062,porto alegre,RS
CUST_010886,UNIQ_010886,11709,belo horizonte,MG
CUST_010887,UNIQ_010887,58623,natal,RN
CUST_010888,UNIQ_010888,21343,belem,PA
CUST_010889,UNIQ_010889,39464,belo horizonte,MG
CUST_010890,UNIQ_010890,10207,belem,PA
CUST_010891,UNIQ_010891,80995,campo grande,MS
CUST_010892,UNIQ_010892,23182,goiania,GO
CUST_010893,UNIQ_010893,90493,natal,RN
CUST_010894,UNIQ_010894,45240,cuiaba,MT
CUST_010895,UNIQ_010895,71529,porto velho,RO
CUST_010896,UNIQ_010896,78523,rio de janeiro,RJ
CUST_010897,UNIQ_010897,11971,porto velho,RO
CUST_010898,UNIQ_010898,83622,florianopolis,SC
CUST_010899,UNIQ_010899,66347,manaus,AM
CUST_010900,UNIQ_010900,81858,teresina,PI
CUST_010901,UNIQ_010901,48561,manaus,AM
CUST_010902,UNIQ_010902,28458,maceio,AL
CUST_010903,UNIQ_010903,80031,natal,RN
CUST_010904,UNIQ_010904,84003,cuiaba,MT
CUST_010905,UNIQ_010905,63117,porto velho,RO
CUST_010906,UNIQ_010906,60910,curitiba,PR
CUST_010907,UNIQ_010907,70176,porto velho,RO
CUST_010908,UNIQ_010908,79200,sao paulo,SP
CUST_010909,UNIQ_010909,80770,recife,PE
CUST_010910,UNIQ_010910,83142,teresina,PI
CUST_010911,UNIQ_010911,78162,maceio,AL
CUST_010912,UNIQ_010912,25507,cuiaba,MT
CUST_010913,UNIQ_010913,79355,joao pessoa,PB
CUST_010914,UNIQ_010914,90526,joao pessoa,PB
CUST_010915,UNIQ_010915,57721,belo horizonte,MG
CUST_010916,UNIQ_010916,58627,sao paulo,SP
CUST_010917,UNIQ_010917,66197,cuiaba,MT
CUST_010918,UNIQ_010918,57581,curitiba,PR
CUST_010919,UNIQ_010919,20162,campo grande,MS
CUST_010920,UNIQ_010920,69568,cuiaba,MT
CUST_010921,UNIQ_010921,13063,natal,RN
CUST_010922,UNIQ_010922,41030,porto velho,RO
CUST_010923,UNIQ_010923,12919,fortaleza,CE
CUST_010924,UNIQ_010924,27393,belo horizonte,MG
CUST_010925,UNIQ_010925,56990,teresina,PI
CUST_010926,UNIQ_010926,92714,campo grande,MS
CUST_010927,UNIQ_010927,85669,aracaju,SE
CUST_010928,UNIQ_010928,34480,maceio,AL
CUST_010929,UNIQ_010929,11925,natal,RN
CUST_010930,UNIQ_010930,20310,belem,PA
CUST_010931,UNIQ_010931,10766,maceio,AL
CUST_010932,UNIQ_010932,58305,cuiaba,MT
CUST_010933,UNIQ_010933,19547,fortaleza,CE
CUST_010934,UNIQ_010934,57344,campo grande,MS
CUST_010935,UNIQ_010935,76911,goiania,GO
CUST_010936,UNIQ_010936,25437,goiania,GO
CUST_010937,UNIQ_010937,73787,campo grande,MS
CUST_010938,UNIQ_010938,48114,campo grande,MS
CUST_010939,UNIQ_010939,97944,belo horizonte,MG
CUST_010940,UNIQ_010940,73999,fortaleza,CE
CUST_010941,UNIQ_010941,60475,belem,PA
CUST_010942,UNIQ_010942,34232,porto velho,RO
CUST_010943,UNIQ_010943,22657,belo horizonte,MG
CUST_010944,UNIQ_010944,98208,maceio,AL
CUST_010945,UNIQ_010945,28960,maceio,AL
CUST_010946,UNIQ_010946,22045,porto alegre,RS
CUST_010947,UNIQ_010947,87623,porto velho,RO
CUST_010948,UNIQ_010948,28057,natal,RN
CUST_010949,UNIQ_010949,44900,teresina,PI
CUST_010950,UNIQ_010950,31327,curitiba,PR
CUST_010951,UNIQ_010951,89057,fortaleza,CE
CUST_010952,UNIQ_010952,53813,joao pessoa,PB
CUST_010953,UNIQ_010953,87022,aracaju,SE
CUST_010954,UNIQ_010954,68887,belo horizonte,MG
CUST_010955,UNIQ_010955,44646,rio de janeiro,RJ
CUST_010956,UNIQ_010956,44917,florianopolis,SC
CUST_010957,UNIQ_010957,23793,fortaleza,CE
CUST_010958,UNIQ_010958,55431,maceio,AL
CUST_010959,UNIQ_010959,58869,belem,PA
CUST_010960,UNIQ_010960,15946,joao pessoa,PB
CUST_010961,UNIQ_010961,67031,goiania,GO
CUST_010962,UNIQ_010962,26569,aracaju,SE
CUST_010963,UNIQ_010963,85756,sao paulo,SP
CUST_010964,UNIQ_010964,26558,fortaleza,CE
CUST_010965,UNIQ_010965,75135,florianopolis,SC
CUST_010966,UNIQ_010966,85303,sao paulo,SP
CUST_010967,UNIQ_010967,16524,sao paulo,SP
CUST_010968,UNIQ_010968,92853,belo horizonte,MG
CUST_010969,UNIQ_010969,38777,natal,RN
CUST_010970,UNIQ_010970,63740,goiania,GO
CUST_010971,UNIQ_010971,16925,porto alegre,RS
CUST_010972,UNIQ_010972,32502,campo grande,MS
CUST_010973,UNIQ_010973,27827,manaus,AM
CUST_010974,UNIQ_010974,71604,porto alegre,RS
CUST_010975,UNIQ_010975,75942,curitiba,PR
CUST_010976,UNIQ_010976,83399,curitiba,PR
CUST_010977,UNIQ_010977,53004,porto velho,RO
CUST_010978,UNIQ_010978,10662,porto alegre,RS
CUST_010979,UNIQ_010979,21660,rio de janeiro,RJ
CUST_010980,UNIQ_010980,78179,joao pessoa,PB
CUST_010981,UNIQ_010981,33955,aracaju,SE
CUST_010982,UNIQ_010982,44316,curitiba,PR
CUST_010983,UNIQ_010983,41505,campo grande,MS
CUST_010984,UNIQ_010984,27858,belo horizonte,MG
CUST_010985,UNIQ_010985,19501,teresina,PI
CUST_010986,UNIQ_010986,81073,natal,RN
CUST_010987,UNIQ_010987,10818,florianopolis,SC
CUST_010988,UNIQ_010988,18639,joao pessoa,PB
CUST_010989,UNIQ_010989,56062,rio de janeiro,RJ
CUST_010990,UNIQ_010990,94080,maceio,AL
CUST_010991,UNIQ_010991,21988,rio de janeiro,RJ
CUST_010992,UNIQ_010992,85282,salvador,BA
CUST_010993,UNIQ_010993,10134,florianopolis,SC
CUST_010994,UNIQ_010994,33330,porto velho,RO
CUST_010995,UNIQ_010995,24314,campo grande,MS
CUST_010996,UNIQ_010996,51285,belo horizonte,MG
CUST_010997,UNIQ_010997,66020,curitiba,PR
CUST_010998,UNIQ_010998,15717,belo horizonte,MG
CUST_010999,UNIQ_010999,39807,florianopolis,SC
CUST_011000,UNIQ_011000,16978,campo grande,MS
CUST_011001,UNIQ_011001,27847,cuiaba,MT
CUST_011002,UNIQ_011002,15747,manaus,AM
CUST_011003,UNIQ_011003,70604,rio de janeiro,RJ
CUST_011004,UNIQ_011004,66385,belo horizonte,MG
CUST_011005,UNIQ_011005,51144,cuiaba,MT
CUST_011006,UNIQ_011006,10603,sao paulo,SP
CUST_011007,UNIQ_011007,43610,joao pessoa,PB
CUST_011008,UNIQ_011008,76083,belo horizonte,MG
CUST_011009,UNIQ_011009,50928,cuiaba,MT
CUST_011010,UNIQ_011010,52890,maceio,AL
CUST_011011,UNIQ_011011,39753,belem,PA
CUST_011012,UNIQ_011012,84381,fortaleza,CE
CUST_011013,UNIQ_011013,71384,aracaju,SE
CUST_011014,UNIQ_011014,87738,teresina,PI
CUST_011015,UNIQ_011015,85115,maceio,AL
CUST_011016,UNIQ_011016,64018,manaus,AM
CUST_011017,UNIQ_011017,27236,florianopolis,SC
CUST_011018,UNIQ_011018,43697,porto velho,RO
CUST_011019,UNIQ_011019,71894,porto alegre,RS
CUST_011020,UNIQ_011020,64187,salvador,BA
CUST_011021,UNIQ_011021,91842,belo horizonte,MG
CUST_011022,UNIQ_011022,28514,aracaju,SE
CUST_011023,UNIQ_011023,36500,joao pessoa,PB
CUST_011024,UNIQ_011024,80571,belem,PA
CUST_011025,UNIQ_011025,37946,belo horizonte,MG
CUST_011026,UNIQ_011026,14655,belo horizonte,MG
CUST_011027,UNIQ_011027,53553,porto alegre,RS
CUST_011028,UNIQ_011028,30149,rio de janeiro,RJ
CUST_011029,UNIQ_011029,83594,florianopolis,SC
CUST_011030,UNIQ_011030,62858,porto velho,RO
CUST_011031,UNIQ_011031,99732,recife,PE
CUST_011032,UNIQ_011032,19007,curitiba,PR
CUST_011033,UNIQ_011033,48898,campo grande,MS
CUST_011034,UNIQ_011034,57178,manaus,AM
CUST_011035,UNIQ_011035,43558,campo grande,MS
CUST_011036,UNIQ_011036,41713,aracaju,SE
CUST_011037,UNIQ_011037,29842,goiania,GO
CUST_011038,UNIQ_011038,79460,teresina,PI
CUST_011039,UNIQ_011039,63166,rio de janeiro,RJ
CUST_011040,UNIQ_011040,81522,porto alegre,RS
CUST_011041,UNIQ_011041,15101,teresina,PI
CUST_011042,UNIQ_011042,68694,teresina,PI
CUST_011043,UNIQ_011043,87107,manaus,AM
CUST_011044,UNIQ_011044,38708,maceio,AL
CUST_011045,UNIQ_011045,49265,porto alegre,RS
CUST_011046,UNIQ_011046,75979,maceio,AL
CUST_011047,UNIQ_011047,81717,manaus,AM
CUST_011048,UNIQ_011048,33183,belem,PA
CUST_011049,UNIQ_011049,39864,goiania,GO
CUST_011050,UNIQ_011050,92656,natal,RN
CUST_011051,UNIQ_011051,63201,belem,PA
CUST_011052,UNIQ_011052,80804,fortaleza,CE
CUST_011053,UNIQ_011053,53364,rio de janeiro,RJ
CUST_011054,UNIQ_011054,16956,goiania,GO
CUST_011055,UNIQ_011055,68239,campo grande,MS
CUST_011056,UNIQ_011056,16569,porto alegre,RS
CUST_011057,UNIQ_011057,57199,natal,RN
CUST_011058,UNIQ_011058,91248,campo grande,MS
CUST_011059,UNIQ_011059,56194,goiania,GO
CUST_011060,UNIQ_011060,57739,belo horizonte,MG
CUST_011061,UNIQ_011061,30900,natal,RN
CUST_011062,UNIQ_011062,83999,manaus,AM
CUST_011063,UNIQ_011063,11275,curitiba,PR
CUST_011064,UNIQ_011064,14458,porto velho,RO
CUST_011065,UNIQ_011065,53687,maceio,AL
CUST_011066,UNIQ_011066,24043,goiania,GO
CUST_011067,UNIQ_011067,74668,rio de janeiro,RJ
CUST_011068,UNIQ_011068,13611,belem,PA
CUST_011069,UNIQ_011069,23332,porto velho,RO
CUST_011070,UNIQ_011070,23071,recife,PE
CUST_011071,UNIQ_011071,23122,belo horizonte,MG
CUST_011072,UNIQ_011072,76520,campo grande,MS
CUST_011073,UNIQ_011073,22419,natal,RN
CUST_011074,UNIQ_011074,12503,porto velho,RO
CUST_011075,UNIQ_011075,53061,fortaleza,CE
CUST_011076,UNIQ_011076,68351,belem,PA
CUST_011077,UNIQ_011077,17075,natal,RN
CUST_011078,UNIQ_011078,32045,curitiba,PR
CUST_011079,UNIQ_011079,63231,sao paulo,SP
CUST_011080,UNIQ_011080,58621,porto velho,RO
CUST_011081,UNIQ_011081,51304,recife,PE
CUST_011082,UNIQ_011082,20899,porto alegre,RS
CUST_011083,UNIQ_011083,10085,curitiba,PR
CUST_011084,UNIQ_011084,97406,belo horizonte,MG
CUST_011085,UNIQ_011085,33886,fortaleza,CE
CUST_011086,UNIQ_011086,51123,campo grande,MS
CUST_011087,UNIQ_011087,56837,cuiaba,MT
CUST_011088,UNIQ_011088,11386,rio de janeiro,RJ
CUST_011089,UNIQ_011089,64746,curitiba,PR
CUST_011090,UNIQ_011090,20346,rio de janeiro,RJ
CUST_011091,UNIQ_011091,24548,goiania,GO
CUST_011092,UNIQ_011092,38127,goiania,GO
CUST_011093,UNIQ_011093,55485,curitiba,PR
CUST_011094,UNIQ_011094,44030,cuiaba,MT
CUST_011095,UNIQ_011095,93062,campo grande,MS
CUST_011096,UNIQ_011096,54536,porto velho,RO
CUST_011097,UNIQ_011097,67417,rio de janeiro,RJ
CUST_011098,UNIQ_011098,15744,belem,PA
CUST_011099,UNIQ_011099,23093,joao pessoa,PB
CUST_011100,UNIQ_011100,35069,campo grande,MS
CUST_011101,UNIQ_011101,70777,fortaleza,CE
CUST_011102,UNIQ_011102,82187,porto velho,RO
CUST_011103,UNIQ_011103,56381,rio de janeiro,RJ
CUST_011104,UNIQ_011104,98351,cuiaba,MT
CUST_011105,UNIQ_011105,94399,florianopolis,SC
CUST_011106,UNIQ_011106,40225,sao paulo,SP
CUST_011107,UNIQ_011107,16310,belo horizonte,MG
CUST_011108,UNIQ_011108,61468,sao paulo,SP
CUST_011109,UNIQ_011109,98806,belem,PA
CUST_011110,UNIQ_011110,38341,porto velho,RO
CUST_011111,UNIQ_011111,11599,belem,PA
CUST_011112,UNIQ_011112,85887,manaus,AM
CUST_011113,UNIQ_011113,10393,salvador,BA
CUST_011114,UNIQ_011114,55640,porto alegre,RS
CUST_011115,UNIQ_011115,14119,fortaleza,CE
CUST_011116,UNIQ_011116,66152,manaus,AM
CUST_011117,UNIQ_011117,76385,rio de janeiro,RJ
CUST_011118,UNIQ_011118,47252,porto velho,RO
CUST_011119,UNIQ_011119,19438,belo horizonte,MG
CUST_011120,UNIQ_011120,49307,maceio,AL
CUST_011121,UNIQ_011121,22293,porto velho,RO
CUST_011122,UNIQ_011122,95713,recife,PE
CUST_011123,UNIQ_011123,90658,goiania,GO
CUST_011124,UNIQ_011124,32840,porto velho,RO
CUST_011125,UNIQ_011125,57077,maceio,AL
CUST_011126,UNIQ_011126,41933,florianopolis,SC
CUST_011127,UNIQ_011127,99918,florianopolis,SC
CUST_011128,UNIQ_011128,54625,cuiaba,MT
CUST_011129,UNIQ_011129,15990,fortaleza,CE
CUST_011130,UNIQ_011130,60845,florianopolis,SC
CUST_011131,UNIQ_011131,14359,belo horizonte,MG
CUST_011132,UNIQ_011132,63419,rio de janeiro,RJ
CUST_011133,UNIQ_011133,84631,joao pessoa,PB
CUST_011134,UNIQ_011134,11710,cuiaba,MT
CUST_011135,UNIQ_011135,62138,sao paulo,SP
CUST_011136,UNIQ_011136,66160,cuiaba,MT
CUST_011137,UNIQ_011137,17705,maceio,AL
CUST_011138,UNIQ_011138,81661,belo horizonte,MG
CUST_011139,UNIQ_011139,67571,natal,RN
CUST_011140,UNIQ_011140,44441,joao pessoa,PB
CUST_011141,UNIQ_011141,41671,rio de janeiro,RJ
CUST_011142,UNIQ_011142,75661,joao pessoa,PB
CUST_011143,UNIQ_011143,99157,porto alegre,RS
CUST_011144,UNIQ_011144,38548,fortaleza,CE
CUST_011145,UNIQ_011145,84747,manaus,AM
CUST_011146,UNIQ_011146,50207,belem,PA
CUST_011147,UNIQ_011147,59147,cuiaba,MT
CUST_011148,UNIQ_011148,12688,recife,PE
CUST_011149,UNIQ_011149,61462,sao paulo,SP
CUST_011150,UNIQ_011150,70093,joao pessoa,PB
CUST_011151,UNIQ_011151,30601,natal,RN
CUST_011152,UNIQ_011152,53003,goiania,GO
CUST_011153,UNIQ_011153,38569,sao paulo,SP
CUST_011154,UNIQ_011154,92953,curitiba,PR
CUST_011155,UNIQ_011155,11448,florianopolis,SC
CUST_011156,UNIQ_011156,74648,belo horizonte,MG
CUST_011157,UNIQ_011157,59739,manaus,AM
CUST_011158,UNIQ_011158,43436,goiania,GO
CUST_011159,UNIQ_011159,61270,fortaleza,CE
CUST_011160,UNIQ_011160,47469,curitiba,PR
CUST_011161,UNIQ_011161,70211,salvador,BA
CUST_011162,UNIQ_011162,43393,maceio,AL
CUST_011163,UNIQ_011163,86298,curitiba,PR
CUST_011164,UNIQ_011164,92278,rio de janeiro,RJ
CUST_011165,UNIQ_011165,96703,curitiba,PR
CUST_011166,UNIQ_011166,29588,cuiaba,MT
CUST_011167,UNIQ_011167,39009,recife,PE
CUST_011168,UNIQ_011168,53388,belem,PA
CUST_011169,UNIQ_011169,19141,salvador,BA
CUST_011170,UNIQ_011170,14187,sao paulo,SP
CUST_011171,UNIQ_011171,15221,cuiaba,MT
CUST_011172,UNIQ_011172,98705,teresina,PI
CUST_011173,UNIQ_011173,56683,rio de janeiro,RJ
CUST_011174,UNIQ_011174,10736,recife,PE
CUST_011175,UNIQ_011175,82847,maceio,AL
CUST_011176,UNIQ_011176,76903,teresina,PI
CUST_011177,UNIQ_011177,41847,porto alegre,RS
CUST_011178,UNIQ_011178,29853,sao paulo,SP
CUST_011179,UNIQ_011179,21584,salvador,BA
CUST_011180,UNIQ_011180,61456,natal,RN
CUST_011181,UNIQ_011181,38828,campo grande,MS
CUST_011182,UNIQ_011182,90775,fortaleza,CE
CUST_011183,UNIQ_011183,46908,sao paulo,SP
CUST_011184,UNIQ_011184,69839,goiania,GO
CUST_011185,UNIQ_011185,83737,goiania,GO
CUST_011186,UNIQ_011186,81176,maceio,AL
CUST_011187,UNIQ_011187,52372,campo grande,MS
CUST_011188,UNIQ_011188,34388,cuiaba,MT
CUST_011189,UNIQ_011189,32412,belo horizonte,MG
CUST_011190,UNIQ_011190,87803,cuiaba,MT
CUST_011191,UNIQ_011191,50853,teresina,PI
CUST_011192,UNIQ_011192,61805,curitiba,PR
CUST_011193,UNIQ_011193,40270,rio de janeiro,RJ
CUST_011194,UNIQ_011194,64929,recife,PE
CUST_011195,UNIQ_011195,11110,curitiba,PR
CUST_011196,UNIQ_011196,69975,fortaleza,CE
CUST_011197,UNIQ_011197,56363,florianopolis,SC
CUST_011198,UNIQ_011198,34449,aracaju,SE
CUST_011199,UNIQ_011199,43532,belo horizonte,MG
CUST_011200,UNIQ_011200,70734,campo grande,MS
CUST_011201,UNIQ_011201,88097,sao paulo,SP
CUST_011202,UNIQ_011202,10143,fortaleza,CE
CUST_011203,UNIQ_011203,25012,campo grande,MS
CUST_011204,UNIQ_011204,55121,belo horizonte,MG
CUST_011205,UNIQ_011205,39576,curitiba,PR
CUST_011206,UNIQ_011206,10802,maceio,AL
CUST_011207,UNIQ_011207,34778,curitiba,PR
CUST_011208,UNIQ_011208,32052,teresina,PI
CUST_011209,UNIQ_011209,94808,salvador,BA
CUST_011210,UNIQ_011210,96540,porto velho,RO
CUST_011211,UNIQ_011211,18850,curitiba,PR
CUST_011212,UNIQ_011212,78738,florianopolis,SC
CUST_011213,UNIQ_011213,78452,salvador,BA
CUST_011214,UNIQ_011214,74072,cuiaba,MT
CUST_011215,UNIQ_011215,99967,sao paulo,SP
CUST_011216,UNIQ_011216,84126,florianopolis,SC
CUST_011217,UNIQ_011217,66850,salvador,BA
CUST_011218,UNIQ_011218,24688,salvador,BA
CUST_011219,UNIQ_011219,67216,aracaju,SE
CUST_011220,UNIQ_011220,80193,manaus,AM
CUST_011221,UNIQ_011221,53557,florianopolis,SC
CUST_011222,UNIQ_011222,82168,maceio,AL
CUST_011223,UNIQ_011223,87141,belo horizonte,MG
CUST_011224,UNIQ_011224,84576,goiania,GO
CUST_011225,UNIQ_011225,71662,campo grande,MS
CUST_011226,UNIQ_011226,22346,curitiba,PR
CUST_011227,UNIQ_011227,82877,natal,RN
CUST_011228,UNIQ_011228,15827,aracaju,SE
CUST_011229,UNIQ_011229,54521,rio de janeiro,RJ
CUST_011230,UNIQ_011230,72750,recife,PE
CUST_011231,UNIQ_011231,89150,maceio,AL
CUST_011232,UNIQ_011232,18803,manaus,AM
CUST_011233,UNIQ_011233,59209,maceio,AL
CUST_011234,UNIQ_011234,30260,porto velho,RO
CUST_011235,UNIQ_011235,86268,aracaju,SE
CUST_011236,UNIQ_011236,32593,joao pessoa,PB
CUST_011237,UNIQ_011237,46190,aracaju,SE
CUST_011238,UNIQ_011238,50762,goiania,GO
CUST_011239,UNIQ_011239,96161,rio de janeiro,RJ
CUST_011240,UNIQ_011240,77359,salvador,BA
CUST_011241,UNIQ_011241,32036,fortaleza,CE
CUST_011242,UNIQ_011242,31300,joao pessoa,PB
CUST_011243,UNIQ_011243,17074,sao paulo,SP
CUST_011244,UNIQ_011244,82246,curitiba,PR
CUST_011245,UNIQ_011245,90614,manaus,AM
CUST_011246,UNIQ_011246,80340,belem,PA
CUST_011247,UNIQ_011247,91955,fortaleza,CE
CUST_011248,UNIQ_011248,27730,recife,PE
CUST_011249,UNIQ_011249,17754,fortaleza,CE
CUST_011250,UNIQ_011250,21623,porto alegre,RS
CUST_011251,UNIQ_011251,46535,porto alegre,RS
CUST_011252,UNIQ_011252,46537,joao pessoa,PB
CUST_011253,UNIQ_011253,27259,manaus,AM
CUST_011254,UNIQ_011254,24379,aracaju,SE
CUST_011255,UNIQ_011255,65241,belo horizonte,MG
CUST_011256,UNIQ_011256,85664,florianopolis,SC
CUST_011257,UNIQ_011257,35727,porto velho,RO
CUST_011258,UNIQ_011258,98228,sao paulo,SP
CUST_011259,UNIQ_011259,92221,fortaleza,CE
CUST_011260,UNIQ_011260,26722,sao paulo,SP
CUST_011261,UNIQ_011261,93105,rio de janeiro,RJ
CUST_011262,UNIQ_011262,16646,manaus,AM
CUST_011263,UNIQ_011263,29564,porto alegre,RS
CUST_011264,UNIQ_011264,27196,recife,PE
CUST_011265,UNIQ_011265,67528,fortaleza,CE
CUST_011266,UNIQ_011266,57077,joao pessoa,PB
CUST_011267,UNIQ_011267,23531,fortaleza,CE
CUST_011268,UNIQ_011268,58880,recife,PE
CUST_011269,UNIQ_011269,15430,manaus,AM
CUST_011270,UNIQ_011270,75973,fortaleza,CE
CUST_011271,UNIQ_011271,64778,belo horizonte,MG
CUST_011272,UNIQ_011272,16164,goiania,GO
CUST_011273,UNIQ_011273,43222,teresina,PI
CUST_011274,UNIQ_011274,35826,natal,RN
CUST_011275,UNIQ_011275,99414,sao paulo,SP
CUST_011276,UNIQ_011276,55145,rio de janeiro,RJ
CUST_011277,UNIQ_011277,40252,porto velho,RO
CUST_011278,UNIQ_011278,69889,campo grande,MS
CUST_011279,UNIQ_011279,56643,campo grande,MS
CUST_011280,UNIQ_011280,86619,natal,RN
CUST_011281,UNIQ_011281,90098,salvador,BA
CUST_011282,UNIQ_011282,39392,maceio,AL
CUST_011283,UNIQ_011283,19311,fortaleza,CE
CUST_011284,UNIQ_011284,95427,sao paulo,SP
CUST_011285,UNIQ_011285,88409,curitiba,PR
CUST_011286,UNIQ_011286,64488,belo horizonte,MG
CUST_011287,UNIQ_011287,71561,belo horizonte,MG
CUST_011288,UNIQ_011288,59560,belem,PA
CUST_011289,UNIQ_011289,15357,porto velho,RO
CUST_011290,UNIQ_011290,86289,curitiba,PR
CUST_011291,UNIQ_011291,38595,aracaju,SE
CUST_011292,UNIQ_011292,13823,salvador,BA
CUST_011293,UNIQ_011293,42498,porto alegre,RS
CUST_011294,UNIQ_011294,46163,maceio,AL
CUST_011295,UNIQ_011295,91276,belo horizonte,MG
CUST_011296,UNIQ_011296,61364,natal,RN
CUST_011297,UNIQ_011297,29770,curitiba,PR
CUST_011298,UNIQ_011298,20637,cuiaba,MT
CUST_011299,UNIQ_011299,25534,manaus,AM
CUST_011300,UNIQ_011300,73812,teresina,PI
CUST_011301,UNIQ_011301,75678,sao paulo,SP
CUST_011302,UNIQ_011302,58089,rio de janeiro,RJ
CUST_011303,UNIQ_011303,83030,natal,RN
CUST_011304,UNIQ_011304,64746,florianopolis,SC
CUST_011305,UNIQ_011305,70359,natal,RN
CUST_011306,UNIQ_011306,60222,rio de janeiro,RJ
CUST_011307,UNIQ_011307,61642,recife,PE
CUST_011308,UNIQ_011308,21024,fortaleza,CE
CUST_011309,UNIQ_011309,77127,cuiaba,MT
CUST_011310,UNIQ_011310,57454,natal,RN
CUST_011311,UNIQ_011311,17922,florianopolis,SC
CUST_011312,UNIQ_011312,86180,belem,PA
CUST_011313,UNIQ_011313,43388,belem,PA
CUST_011314,UNIQ_011314,95986,belem,PA
CUST_011315,UNIQ_011315,67799,rio de janeiro,RJ
CUST_011316,UNIQ_011316,61316,teresina,PI
CUST_011317,UNIQ_011317,99765,manaus,AM
CUST_011318,UNIQ_011318,89253,belem,PA
CUST_011319,UNIQ_011319,39454,manaus,AM
CUST_011320,UNIQ_011320,64635,cuiaba,MT
CUST_011321,UNIQ_011321,11118,florianopolis,SC
CUST_011322,UNIQ_011322,94832,belem,PA
CUST_011323,UNIQ_011323,59404,porto velho,RO
CUST_011324,UNIQ_011324,69456,curitiba,PR
CUST_011325,UNIQ_011325,26970,manaus,AM
CUST_011326,UNIQ_011326,60507,curitiba,PR
CUST_011327,UNIQ_011327,66864,fortaleza,CE
CUST_011328,UNIQ_011328,21594,salvador,BA
CUST_011329,UNIQ_011329,29248,belem,PA
CUST_011330,UNIQ_011330,38369,porto alegre,RS
CUST_011331,UNIQ_011331,97223,teresina,PI
CUST_011332,UNIQ_011332,55026,fortaleza,CE
CUST_011333,UNIQ_011333,52016,maceio,AL
CUST_011334,UNIQ_011334,98277,porto alegre,RS
CUST_011335,UNIQ_011335,23292,fortaleza,CE
CUST_011336,UNIQ_011336,77271,aracaju,SE
CUST_011337,UNIQ_011337,79966,rio de janeiro,RJ
CUST_011338,UNIQ_011338,87872,joao pessoa,PB
CUST_011339,UNIQ_011339,22856,porto velho,RO
CUST_011340,UNIQ_011340,63420,porto velho,RO
CUST_011341,UNIQ_011341,93816,fortaleza,CE
CUST_011342,UNIQ_011342,50781,recife,PE
CUST_011343,UNIQ_011343,96247,belo horizonte,MG
CUST_011344,UNIQ_011344,84828,porto velho,RO
CUST_011345,UNIQ_011345,44559,natal,RN
CUST_011346,UNIQ_011346,36347,recife,PE
CUST_011347,UNIQ_011347,54411,maceio,AL
CUST_011348,UNIQ_011348,27560,recife,PE
CUST_011349,UNIQ_011349,70415,belem,PA
CUST_011350,UNIQ_011350,57924,curitiba,PR
CUST_011351,UNIQ_011351,57798,rio de janeiro,RJ
CUST_011352,UNIQ_011352,40913,maceio,AL
CUST_011353,UNIQ_011353,42181,recife,PE
CUST_011354,UNIQ_011354,36516,porto alegre,RS
CUST_011355,UNIQ_011355,41573,rio de janeiro,RJ
CUST_011356,UNIQ_011356,20313,belo horizonte,MG
CUST_011357,UNIQ_011357,97616,florianopolis,SC
CUST_011358,UNIQ_011358,75471,aracaju,SE
CUST_011359,UNIQ_011359,13668,natal,RN
CUST_011360,UNIQ_011360,45006,florianopolis,SC
CUST_011361,UNIQ_011361,71198,florianopolis,SC
CUST_011362,UNIQ_011362,83887,natal,RN
CUST_011363,UNIQ_011363,75454,porto alegre,RS
CUST_011364,UNIQ_011364,69445,goiania,GO
CUST_011365,UNIQ_011365,86916,natal,RN
CUST_011366,UNIQ_011366,93326,porto alegre,RS
CUST_011367,UNIQ_011367,36131,goiania,GO
CUST_011368,UNIQ_011368,41447,florianopolis,SC
CUST_011369,UNIQ_011369,58590,teresina,PI
CUST_011370,UNIQ_011370,71890,cuiaba,MT
CUST_011371,UNIQ_011371,61514,porto alegre,RS
CUST_011372,UNIQ_011372,87941,natal,RN
CUST_011373,UNIQ_011373,60109,aracaju,SE
CUST_011374,UNIQ_011374,66479,belo horizonte,MG
CUST_011375,UNIQ_011375,46746,manaus,AM
CUST_011376,UNIQ_011376,20364,fortaleza,CE
CUST_011377,UNIQ_011377,54991,curitiba,PR
CUST_011378,UNIQ_011378,58488,belem,PA
CUST_011379,UNIQ_011379,80187,sao paulo,SP
CUST_011380,UNIQ_011380,85063,sao paulo,SP
CUST_011381,UNIQ_011381,91045,goiania,GO
CUST_011382,UNIQ_011382,76590,belem,PA
CUST_011383,UNIQ_011383,54786,belo horizonte,MG
CUST_011384,UNIQ_011384,62310,curitiba,PR
CUST_011385,UNIQ_011385,28690,porto velho,RO
CUST_011386,UNIQ_011386,58655,goiania,GO
CUST_011387,UNIQ_011387,59976,cuiaba,MT
CUST_011388,UNIQ_011388,49595,natal,RN
CUST_011389,UNIQ_011389,33818,campo grande,MS
CUST_011390,UNIQ_011390,41395,salvador,BA
CUST_011391,UNIQ_011391,69401,sao paulo,SP
CUST_011392,UNIQ_011392,27918,porto alegre,RS
CUST_011393,UNIQ_011393,58226,recife,PE
CUST_011394,UNIQ_011394,25553,cuiaba,MT
CUST_011395,UNIQ_011395,33801,porto alegre,RS
CUST_011396,UNIQ_011396,26061,natal,RN
CUST_011397,UNIQ_011397,16899,belem,PA
CUST_011398,UNIQ_011398,95283,porto alegre,RS
CUST_011399,UNIQ_011399,86483,maceio,AL
CUST_011400,UNIQ_011400,42481,manaus,AM
CUST_011401,UNIQ_011401,64454,curitiba,PR
CUST_011402,UNIQ_011402,49452,salvador,BA
CUST_011403,UNIQ_011403,50494,goiania,GO
CUST_011404,UNIQ_011404,17318,manaus,AM
CUST_011405,UNIQ_011405,84261,campo grande,MS
CUST_011406,UNIQ_011406,38837,teresina,PI
CUST_011407,UNIQ_011407,39622,campo grande,MS
CUST_011408,UNIQ_011408,99216,salvador,BA
CUST_011409,UNIQ_011409,13930,sao paulo,SP
CUST_011410,UNIQ_011410,94622,maceio,AL
CUST_011411,UNIQ_011411,74970,salvador,BA
CUST_011412,UNIQ_011412,56696,aracaju,SE
CUST_011413,UNIQ_011413,28623,curitiba,PR
CUST_011414,UNIQ_011414,20407,salvador,BA
CUST_011415,UNIQ_011415,81956,florianopolis,SC
CUST_011416,UNIQ_011416,22108,campo grande,MS
CUST_011417,UNIQ_011417,46811,maceio,AL
CUST_011418,UNIQ_011418,30502,goiania,GO
CUST_011419,UNIQ_011419,57546,manaus,AM
CUST_011420,UNIQ_011420,33097,porto alegre,RS
CUST_011421,UNIQ_011421,76255,teresina,PI
CUST_011422,UNIQ_011422,44047,campo grande,MS
CUST_011423,UNIQ_011423,99165,porto alegre,RS
CUST_011424,UNIQ_011424,16371,joao pessoa,PB
CUST_011425,UNIQ_011425,75171,salvador,BA
CUST_011426,UNIQ_011426,94255,manaus,AM
CUST_011427,UNIQ_011427,94948,curitiba,PR
CUST_011428,UNIQ_011428,79341,sao paulo,SP
CUST_011429,UNIQ_011429,54752,teresina,PI
CUST_011430,UNIQ_011430,39171,fortaleza,CE
CUST_011431,UNIQ_011431,70660,campo grande,MS
CUST_011432,UNIQ_011432,27308,campo grande,MS
CUST_011433,UNIQ_011433,66357,cuiaba,MT
CUST_011434,UNIQ_011434,99386,natal,RN
CUST_011435,UNIQ_011435,63311,goiania,GO
CUST_011436,UNIQ_011436,35556,manaus,AM
CUST_011437,UNIQ_011437,10446,campo grande,MS
CUST_011438,UNIQ_011438,46524,salvador,BA
CUST_011439,UNIQ_011439,94633,rio de janeiro,RJ
CUST_011440,UNIQ_011440,92483,rio de janeiro,RJ
CUST_011441,UNIQ_011441,29988,florianopolis,SC
CUST_011442,UNIQ_011442,80386,campo grande,MS
CUST_011443,UNIQ_011443,13222,belo horizonte,MG
CUST_011444,UNIQ_011444,52661,florianopolis,SC
CUST_011445,UNIQ_011445,96282,aracaju,SE
CUST_011446,UNIQ_011446,14766,rio de janeiro,RJ
CUST_011447,UNIQ_011447,29920,sao paulo,SP
CUST_011448,UNIQ_011448,99445,joao pessoa,PB
CUST_011449,UNIQ_011449,26780,curitiba,PR
CUST_011450,UNIQ_011450,50525,belo horizonte,MG
CUST_011451,UNIQ_011451,51915,curitiba,PR
CUST_011452,UNIQ_011452,96844,campo grande,MS
CUST_011453,UNIQ_011453,25717,manaus,AM
CUST_011454,UNIQ_011454,13469,teresina,PI
CUST_011455,UNIQ_011455,49468,porto velho,RO
CUST_011456,UNIQ_011456,85191,recife,PE
CUST_011457,UNIQ_011457,38523,salvador,BA
CUST_011458,UNIQ_011458,79348,natal,RN
CUST_011459,UNIQ_011459,74798,belo horizonte,MG
CUST_011460,UNIQ_011460,14598,curitiba,PR
CUST_011461,UNIQ_011461,25941,manaus,AM
CUST_011462,UNIQ_011462,59556,manaus,AM
CUST_011463,UNIQ_011463,55332,porto velho,RO
CUST_011464,UNIQ_011464,30207,florianopolis,SC
CUST_011465,UNIQ_011465,61218,aracaju,SE
CUST_011466,UNIQ_011466,13511,curitiba,PR
CUST_011467,UNIQ_011467,94525,porto velho,RO
CUST_011468,UNIQ_011468,85446,curitiba,PR
CUST_011469,UNIQ_011469,42260,joao pessoa,PB
CUST_011470,UNIQ_011470,26753,florianopolis,SC
CUST_011471,UNIQ_011471,90657,florianopolis,SC
CUST_011472,UNIQ_011472,96412,florianopolis,SC
CUST_011473,UNIQ_011473,40753,manaus,AM
CUST_011474,UNIQ_011474,32148,fortaleza,CE
CUST_011475,UNIQ_011475,93877,fortaleza,CE
CUST_011476,UNIQ_011476,39732,campo grande,MS
CUST_011477,UNIQ_011477,34917,porto velho,RO
CUST_011478,UNIQ_011478,89087,aracaju,SE
CUST_011479,UNIQ_011479,32846,porto velho,RO
CUST_011480,UNIQ_011480,47660,sao paulo,SP
CUST_011481,UNIQ_011481,72086,florianopolis,SC
CUST_011482,UNIQ_011482,56404,recife,PE
CUST_011483,UNIQ_011483,26934,recife,PE
CUST_011484,UNIQ_011484,65473,recife,PE
CUST_011485,UNIQ_011485,21417,teresina,PI
CUST_011486,UNIQ_011486,55876,aracaju,SE
CUST_011487,UNIQ_011487,71543,rio de janeiro,RJ
CUST_011488,UNIQ_011488,22011,natal,RN
CUST_011489,UNIQ_011489,82250,rio de janeiro,RJ
CUST_011490,UNIQ_011490,15971,campo grande,MS
CUST_011491,UNIQ_011491,34567,aracaju,SE
CUST_011492,UNIQ_011492,89578,natal,RN
CUST_011493,UNIQ_011493,25832,joao pessoa,PB
CUST_011494,UNIQ_011494,30761,aracaju,SE
CUST_011495,UNIQ_011495,59955,manaus,AM
CUST_011496,UNIQ_011496,22932,rio de janeiro,RJ
CUST_011497,UNIQ_011497,74407,sao paulo,SP
CUST_011498,UNIQ_011498,30443,salvador,BA
CUST_011499,UNIQ_011499,23077,natal,RN
CUST_011500,UNIQ_011500,94516,florianopolis,SC
CUST_011501,UNIQ_011501,39132,maceio,AL
CUST_011502,UNIQ_011502,98836,maceio,AL
CUST_011503,UNIQ_011503,92853,maceio,AL
CUST_011504,UNIQ_011504,21749,curitiba,PR
CUST_011505,UNIQ_011505,97322,joao pessoa,PB
CUST_011506,UNIQ_011506,44359,teresina,PI
CUST_011507,UNIQ_011507,43852,maceio,AL
CUST_011508,UNIQ_011508,72714,natal,RN
CUST_011509,UNIQ_011509,52508,manaus,AM
CUST_011510,UNIQ_011510,44426,campo grande,MS
CUST_011511,UNIQ_011511,29024,fortaleza,CE
CUST_011512,UNIQ_011512,38402,manaus,AM
CUST_011513,UNIQ_011513,28564,fortaleza,CE
CUST_011514,UNIQ_011514,76631,curitiba,PR
CUST_011515,UNIQ_011515,93196,sao paulo,SP
CUST_011516,UNIQ_011516,89616,salvador,BA
CUST_011517,UNIQ_011517,43260,belem,PA
CUST_011518,UNIQ_011518,55364,fortaleza,CE
CUST_011519,UNIQ_011519,97864,maceio,AL
CUST_011520,UNIQ_011520,30222,cuiaba,MT
CUST_011521,UNIQ_011521,33414,curitiba,PR
CUST_011522,UNIQ_011522,63087,florianopolis,SC
CUST_011523,UNIQ_011523,59417,rio de janeiro,RJ
CUST_011524,UNIQ_011524,90993,curitiba,PR
CUST_011525,UNIQ_011525,37664,goiania,GO
CUST_011526,UNIQ_011526,95994,florianopolis,SC
CUST_011527,UNIQ_011527,61067,rio de janeiro,RJ
CUST_011528,UNIQ_011528,93287,recife,PE
CUST_011529,UNIQ_011529,42065,joao pessoa,PB
CUST_011530,UNIQ_011530,94902,belo horizonte,MG
CUST_011531,UNIQ_011531,79674,salvador,BA
CUST_011532,UNIQ_011532,45593,rio de janeiro,RJ
CUST_011533,UNIQ_011533,99610,natal,RN
CUST_011534,UNIQ_011534,46146,joao pessoa,PB
CUST_011535,UNIQ_011535,40974,salvador,BA
CUST_011536,UNIQ_011536,73644,sao paulo,SP
CUST_011537,UNIQ_011537,40030,goiania,GO
CUST_011538,UNIQ_011538,49962,maceio,AL
CUST_011539,UNIQ_011539,95616,salvador,BA
CUST_011540,UNIQ_011540,52461,maceio,AL
CUST_011541,UNIQ_011541,11776,fortaleza,CE
CUST_011542,UNIQ_011542,38803,belo horizonte,MG
CUST_011543,UNIQ_011543,32874,natal,RN
CUST_011544,UNIQ_011544,96651,natal,RN
CUST_011545,UNIQ_011545,76678,rio de janeiro,RJ
CUST_011546,UNIQ_011546,97027,belem,PA
CUST_011547,UNIQ_011547,40046,natal,RN
CUST_011548,UNIQ_011548,72066,cuiaba,MT
CUST_011549,UNIQ_011549,60609,florianopolis,SC
CUST_011550,UNIQ_011550,51134,belo horizonte,MG
CUST_011551,UNIQ_011551,72409,porto alegre,RS
CUST_011552,UNIQ_011552,57386,rio de janeiro,RJ
CUST_011553,UNIQ_011553,42955,goiania,GO
CUST_011554,UNIQ_011554,19531,cuiaba,MT
CUST_011555,UNIQ_011555,92078,curitiba,PR
CUST_011556,UNIQ_011556,58272,belo horizonte,MG
CUST_011557,UNIQ_011557,66114,belo horizonte,MG
CUST_011558,UNIQ_011558,19439,porto alegre,RS
CUST_011559,UNIQ_011559,84216,belo horizonte,MG
CUST_011560,UNIQ_011560,53246,goiania,GO
CUST_011561,UNIQ_011561,45601,teresina,PI
CUST_011562,UNIQ_011562,84655,sao paulo,SP
CUST_011563,UNIQ_011563,85527,belo horizonte,MG
CUST_011564,UNIQ_011564,87650,natal,RN
CUST_011565,UNIQ_011565,87454,manaus,AM
CUST_011566,UNIQ_011566,69095,goiania,GO
CUST_011567,UNIQ_011567,75097,maceio,AL
CUST_011568,UNIQ_011568,34230,florianopolis,SC
CUST_011569,UNIQ_011569,72542,rio de janeiro,RJ
CUST_011570,UNIQ_011570,27968,sao paulo,SP
CUST_011571,UNIQ_011571,43242,sao paulo,SP
CUST_011572,UNIQ_011572,66963,curitiba,PR
CUST_011573,UNIQ_011573,97380,curitiba,PR
CUST_011574,UNIQ_011574,19321,sao paulo,SP
CUST_011575,UNIQ_011575,95462,porto velho,RO
CUST_011576,UNIQ_011576,22595,joao pessoa,PB
CUST_011577,UNIQ_011577,96721,fortaleza,CE
CUST_011578,UNIQ_011578,29617,belo horizonte,MG
CUST_011579,UNIQ_011579,19606,belem,PA
CUST_011580,UNIQ_011580,84917,manaus,AM
CUST_011581,UNIQ_011581,66360,recife,PE
CUST_011582,UNIQ_011582,62891,porto velho,RO
CUST_011583,UNIQ_011583,79727,campo grande,MS
CUST_011584,UNIQ_011584,94838,cuiaba,MT
CUST_011585,UNIQ_011585,63213,campo grande,MS
CUST_011586,UNIQ_011586,84238,rio de janeiro,RJ
CUST_011587,UNIQ_011587,72202,aracaju,SE
CUST_011588,UNIQ_011588,19724,manaus,AM
CUST_011589,UNIQ_011589,65884,curitiba,PR
CUST_011590,UNIQ_011590,73422,joao pessoa,PB
CUST_011591,UNIQ_011591,20473,recife,PE
CUST_011592,UNIQ_011592,34297,porto velho,RO
CUST_011593,UNIQ_011593,67389,fortaleza,CE
CUST_011594,UNIQ_011594,98467,natal,RN
CUST_011595,UNIQ_011595,70343,sao paulo,SP
CUST_011596,UNIQ_011596,85599,goiania,GO
CUST_011597,UNIQ_011597,80092,aracaju,SE
CUST_011598,UNIQ_011598,72279,porto velho,RO
CUST_011599,UNIQ_011599,65096,maceio,AL
CUST_011600,UNIQ_011600,41094,florianopolis,SC
CUST_011601,UNIQ_011601,92701,manaus,AM
CUST_011602,UNIQ_011602,50470,cuiaba,MT
CUST_011603,UNIQ_011603,25111,manaus,AM
CUST_011604,UNIQ_011604,22018,porto velho,RO
CUST_011605,UNIQ_011605,53098,natal,RN
CUST_011606,UNIQ_011606,34690,belem,PA
CUST_011607,UNIQ_011607,77173,sao paulo,SP
CUST_011608,UNIQ_011608,93484,cuiaba,MT
CUST_011609,UNIQ_011609,33814,goiania,GO
CUST_011610,UNIQ_011610,26343,recife,PE
CUST_011611,UNIQ_011611,15987,fortaleza,CE
CUST_011612,UNIQ_011612,25866,curitiba,PR
CUST_011613,UNIQ_011613,19077,cuiaba,MT
CUST_011614,UNIQ_011614,13082,florianopolis,SC
CUST_011615,UNIQ_011615,73738,florianopolis,SC
CUST_011616,UNIQ_011616,45689,natal,RN
CUST_011617,UNIQ_011617,83798,belem,PA
CUST_011618,UNIQ_011618,47236,campo grande,MS
CUST_011619,UNIQ_011619,10902,joao pessoa,PB
CUST_011620,UNIQ_011620,10156,rio de janeiro,RJ
CUST_011621,UNIQ_011621,65163,fortaleza,CE
CUST_011622,UNIQ_011622,70852,maceio,AL
CUST_011623,UNIQ_011623,50130,natal,RN
CUST_011624,UNIQ_011624,81402,belem,PA
CUST_011625,UNIQ_011625,75065,teresina,PI
CUST_011626,UNIQ_011626,49025,natal,RN
CUST_011627,UNIQ_011627,68697,cuiaba,MT
CUST_011628,UNIQ_011628,69000,cuiaba,MT
CUST_011629,UNIQ_011629,21668,belem,PA
CUST_011630,UNIQ_011630,36385,teresina,PI
CUST_011631,UNIQ_011631,55555,natal,RN
CUST_011632,UNIQ_011632,14426,teresina,PI
CUST_011633,UNIQ_011633,53335,porto alegre,RS
CUST_011634,UNIQ_011634,13021,rio de janeiro,RJ
CUST_011635,UNIQ_011635,42016,teresina,PI
CUST_011636,UNIQ_011636,51252,florianopolis,SC
CUST_011637,UNIQ_011637,71637,recife,PE
CUST_011638,UNIQ_011638,14932,manaus,AM
CUST_011639,UNIQ_011639,60609,cuiaba,MT
CUST_011640,UNIQ_011640,84061,porto alegre,RS
CUST_011641,UNIQ_011641,90800,teresina,PI
CUST_011642,UNIQ_011642,70870,curitiba,PR
CUST_011643,UNIQ_011643,20364,campo grande,MS
CUST_011644,UNIQ_011644,93229,salvador,BA
CUST_011645,UNIQ_011645,95206,cuiaba,MT
CUST_011646,UNIQ_011646,28003,florianopolis,SC
CUST_011647,UNIQ_011647,59827,cuiaba,MT
CUST_011648,UNIQ_011648,52086,recife,PE
CUST_011649,UNIQ_011649,16494,manaus,AM
CUST_011650,UNIQ_011650,87799,florianopolis,SC
CUST_011651,UNIQ_011651,11042,campo grande,MS
CUST_011652,UNIQ_011652,58235,curitiba,PR
CUST_011653,UNIQ_011653,24433,florianopolis,SC
CUST_011654,UNIQ_011654,79339,curitiba,PR
CUST_011655,UNIQ_011655,70643,curitiba,PR
CUST_011656,UNIQ_011656,98397,teresina,PI
CUST_011657,UNIQ_011657,65910,manaus,AM
CUST_011658,UNIQ_011658,40771,belem,PA
CUST_011659,UNIQ_011659,51158,belo horizonte,MG
CUST_011660,UNIQ_011660,48008,porto velho,RO
CUST_011661,UNIQ_011661,91364,aracaju,SE
CUST_011662,UNIQ_011662,84700,maceio,AL
CUST_011663,UNIQ_011663,90179,goiania,GO
CUST_011664,UNIQ_011664,55702,natal,RN
CUST_011665,UNIQ_011665,64256,belem,PA
CUST_011666,UNIQ_011666,42507,teresina,PI
CUST_011667,UNIQ_011667,53307,belem,PA
CUST_011668,UNIQ_011668,48293,porto alegre,RS
CUST_011669,UNIQ_011669,50290,recife,PE
CUST_011670,UNIQ_011670,19567,porto alegre,RS
CUST_011671,UNIQ_011671,90214,belem,PA
CUST_011672,UNIQ_011672,61841,salvador,BA
CUST_011673,UNIQ_011673,89099,cuiaba,MT
CUST_011674,UNIQ_011674,42058,cuiaba,MT
CUST_011675,UNIQ_011675,41779,porto velho,RO
CUST_011676,UNIQ_011676,46148,porto alegre,RS
CUST_011677,UNIQ_011677,69099,cuiaba,MT
CUST_011678,UNIQ_011678,39676,belem,PA
CUST_011679,UNIQ_011679,45342,cuiaba,MT
CUST_011680,UNIQ_011680,44576,teresina,PI
CUST_011681,UNIQ_011681,78920,sao paulo,SP
CUST_011682,UNIQ_011682,32457,maceio,AL
CUST_011683,UNIQ_011683,39429,fortaleza,CE
CUST_011684,UNIQ_011684,87767,rio de janeiro,RJ
CUST_011685,UNIQ_011685,75602,goiania,GO
CUST_011686,UNIQ_011686,26817,teresina,PI
CUST_011687,UNIQ_011687,72525,porto velho,RO
CUST_011688,UNIQ_011688,85447,manaus,AM
CUST_011689,UNIQ_011689,94219,maceio,AL
CUST_011690,UNIQ_011690,86367,aracaju,SE
CUST_011691,UNIQ_011691,23075,porto alegre,RS
CUST_011692,UNIQ_011692,30669,recife,PE
CUST_011693,UNIQ_011693,11045,salvador,BA
CUST_011694,UNIQ_011694,68398,cuiaba,MT
CUST_011695,UNIQ_011695,18022,fortaleza,CE
CUST_011696,UNIQ_011696,25092,curitiba,PR
CUST_011697,UNIQ_011697,15682,joao pessoa,PB
CUST_011698,UNIQ_011698,52837,joao pessoa,PB
CUST_011699,UNIQ_011699,77970,belem,PA
CUST_011700,UNIQ_011700,35259,florianopolis,SC
CUST_011701,UNIQ_011701,92614,belem,PA
CUST_011702,UNIQ_011702,58567,teresina,PI
CUST_011703,UNIQ_011703,71946,goiania,GO
CUST_011704,UNIQ_011704,27289,cuiaba,MT
CUST_011705,UNIQ_011705,14887,fortaleza,CE
CUST_011706,UNIQ_011706,11331,recife,PE
CUST_011707,UNIQ_011707,49553,rio de janeiro,RJ
CUST_011708,UNIQ_011708,84276,porto alegre,RS
CUST_011709,UNIQ_011709,49896,teresina,PI
CUST_011710,UNIQ_011710,18400,natal,RN
CUST_011711,UNIQ_011711,90076,fortaleza,CE
CUST_011712,UNIQ_011712,84261,recife,PE
CUST_011713,UNIQ_011713,13589,rio de janeiro,RJ
CUST_011714,UNIQ_011714,56631,fortaleza,CE
CUST_011715,UNIQ_011715,27873,salvador,BA
CUST_011716,UNIQ_011716,36743,salvador,BA
CUST_011717,UNIQ_011717,53688,campo grande,MS
CUST_011718,UNIQ_011718,56692,natal,RN
CUST_011719,UNIQ_011719,87975,aracaju,SE
CUST_011720,UNIQ_011720,34944,natal,RN
CUST_011721,UNIQ_011721,86329,goiania,GO
CUST_011722,UNIQ_011722,92313,goiania,GO
CUST_011723,UNIQ_011723,10303,joao pessoa,PB
CUST_011724,UNIQ_011724,66392,maceio,AL
CUST_011725,UNIQ_011725,85191,belo horizonte,MG
CUST_011726,UNIQ_011726,38626,porto velho,RO
CUST_011727,UNIQ_011727,44221,belo horizonte,MG
CUST_011728,UNIQ_011728,82423,florianopolis,SC
CUST_011729,UNIQ_011729,34792,belem,PA
CUST_011730,UNIQ_011730,52894,porto alegre,RS
CUST_011731,UNIQ_011731,60841,natal,RN
CUST_011732,UNIQ_011732,21094,recife,PE
CUST_011733,UNIQ_011733,39205,belo horizonte,MG
CUST_011734,UNIQ_011734,82185,maceio,AL
CUST_011735,UNIQ_011735,16299,florianopolis,SC
CUST_011736,UNIQ_011736,48879,manaus,AM
CUST_011737,UNIQ_011737,34968,curitiba,PR
CUST_011738,UNIQ_011738,30653,teresina,PI
CUST_011739,UNIQ_011739,14389,fortaleza,CE
CUST_011740,UNIQ_011740,35546,recife,PE
CUST_011741,UNIQ_011741,69967,belem,PA
CUST_011742,UNIQ_011742,34000,belem,PA
CUST_011743,UNIQ_011743,63290,porto alegre,RS
CUST_011744,UNIQ_011744,95986,manaus,AM
CUST_011745,UNIQ_011745,12453,salvador,BA
CUST_011746,UNIQ_011746,40407,belem,PA
CUST_011747,UNIQ_011747,85949,campo grande,MS
CUST_011748,UNIQ_011748,76117,teresina,PI
CUST_011749,UNIQ_011749,80814,natal,RN
CUST_011750,UNIQ_011750,14282,sao paulo,SP
CUST_011751,UNIQ_011751,95344,maceio,AL
CUST_011752,UNIQ_011752,28463,goiania,GO
CUST_011753,UNIQ_011753,46776,cuiaba,MT
CUST_011754,UNIQ_011754,86358,natal,RN
CUST_011755,UNIQ_011755,30052,rio de janeiro,RJ
CUST_011756,UNIQ_011756,94755,belo horizonte,MG
CUST_011757,UNIQ_011757,67429,joao pessoa,PB
CUST_011758,UNIQ_011758,18442,belem,PA
CUST_011759,UNIQ_011759,44536,campo grande,MS
CUST_011760,UNIQ_011760,14920,manaus,AM
CUST_011761,UNIQ_011761,37241,belem,PA
CUST_011762,UNIQ_011762,17660,goiania,GO
CUST_011763,UNIQ_011763,39934,fortaleza,CE
CUST_011764,UNIQ_011764,58052,maceio,AL
CUST_011765,UNIQ_011765,31413,rio de janeiro,RJ
CUST_011766,UNIQ_011766,83280,curitiba,PR
CUST_011767,UNIQ_011767,46743,porto velho,RO
CUST_011768,UNIQ_011768,61228,teresina,PI
CUST_011769,UNIQ_011769,33746,goiania,GO
CUST_011770,UNIQ_011770,54141,campo grande,MS
CUST_011771,UNIQ_011771,36079,curitiba,PR
CUST_011772,UNIQ_011772,27495,manaus,AM
CUST_011773,UNIQ_011773,30095,aracaju,SE
CUST_011774,UNIQ_011774,40641,porto velho,RO
CUST_011775,UNIQ_011775,27864,sao paulo,SP
CUST_011776,UNIQ_011776,27621,sao paulo,SP
CUST_011777,UNIQ_011777,62595,goiania,GO
CUST_011778,UNIQ_011778,24130,cuiaba,MT
CUST_011779,UNIQ_011779,36792,manaus,AM
CUST_011780,UNIQ_011780,40110,sao paulo,SP
CUST_011781,UNIQ_011781,38765,sao paulo,SP
CUST_011782,UNIQ_011782,43244,manaus,AM
CUST_011783,UNIQ_011783,71400,teresina,PI
CUST_011784,UNIQ_011784,18876,campo grande,MS
CUST_011785,UNIQ_011785,97861,salvador,BA
CUST_011786,UNIQ_011786,69807,teresina,PI
CUST_011787,UNIQ_011787,11403,florianopolis,SC
CUST_011788,UNIQ_011788,65950,campo grande,MS
CUST_011789,UNIQ_011789,72703,fortaleza,CE
CUST_011790,UNIQ_011790,89948,porto velho,RO
CUST_011791,UNIQ_011791,51312,florianopolis,SC
CUST_011792,UNIQ_011792,17427,recife,PE
CUST_011793,UNIQ_011793,46437,curitiba,PR
CUST_011794,UNIQ_011794,37604,florianopolis,SC
CUST_011795,UNIQ_011795,20255,rio de janeiro,RJ
CUST_011796,UNIQ_011796,40255,curitiba,PR
CUST_011797,UNIQ_011797,82892,cuiaba,MT
CUST_011798,UNIQ_011798,73915,porto alegre,RS
CUST_011799,UNIQ_011799,40800,curitiba,PR
CUST_011800,UNIQ_011800,38414,sao paulo,SP
CUST_011801,UNIQ_011801,27276,porto alegre,RS
CUST_011802,UNIQ_011802,26653,rio de janeiro,RJ
CUST_011803,UNIQ_011803,48797,maceio,AL
CUST_011804,UNIQ_011804,18926,campo grande,MS
CUST_011805,UNIQ_011805,12147,cuiaba,MT
CUST_011806,UNIQ_011806,69535,belo horizonte,MG
CUST_011807,UNIQ_011807,31418,curitiba,PR
CUST_011808,UNIQ_011808,48361,fortaleza,CE
CUST_011809,UNIQ_011809,58929,rio de janeiro,RJ
CUST_011810,UNIQ_011810,67586,rio de janeiro,RJ
CUST_011811,UNIQ_011811,43940,teresina,PI
CUST_011812,UNIQ_011812,70629,maceio,AL
CUST_011813,UNIQ_011813,72427,salvador,BA
CUST_011814,UNIQ_011814,52089,joao pessoa,PB
CUST_011815,UNIQ_011815,64253,porto alegre,RS
CUST_011816,UNIQ_011816,91565,salvador,BA
CUST_011817,UNIQ_011817,33970,porto velho,RO
CUST_011818,UNIQ_011818,16559,porto alegre,RS
CUST_011819,UNIQ_011819,57154,natal,RN
CUST_011820,UNIQ_011820,39804,maceio,AL
CUST_011821,UNIQ_011821,67764,maceio,AL
CUST_011822,UNIQ_011822,98819,fortaleza,CE
CUST_011823,UNIQ_011823,92434,joao pessoa,PB
CUST_011824,UNIQ_011824,54496,fortaleza,CE
CUST_011825,UNIQ_011825,18400,aracaju,SE
CUST_011826,UNIQ_011826,30388,curitiba,PR
CUST_011827,UNIQ_011827,88485,goiania,GO
CUST_011828,UNIQ_011828,86668,rio de janeiro,RJ
CUST_011829,UNIQ_011829,60499,goiania,GO
CUST_011830,UNIQ_011830,79963,natal,RN
CUST_011831,UNIQ_011831,43386,belem,PA
CUST_011832,UNIQ_011832,29324,aracaju,SE
CUST_011833,UNIQ_011833,73631,recife,PE
CUST_011834,UNIQ_011834,92208,recife,PE
CUST_011835,UNIQ_011835,69161,manaus,AM
CUST_011836,UNIQ_011836,20001,cuiaba,MT
CUST_011837,UNIQ_011837,23071,curitiba,PR
CUST_011838,UNIQ_011838,21080,fortaleza,CE
CUST_011839,UNIQ_011839,16179,belo horizonte,MG
CUST_011840,UNIQ_011840,79588,salvador,BA
CUST_011841,UNIQ_011841,77307,campo grande,MS
CUST_011842,UNIQ_011842,40894,rio de janeiro,RJ
CUST_011843,UNIQ_011843,82456,florianopolis,SC
CUST_011844,UNIQ_011844,90503,teresina,PI
CUST_011845,UNIQ_011845,97767,rio de janeiro,RJ
CUST_011846,UNIQ_011846,69561,belo horizonte,MG
CUST_011847,UNIQ_011847,73534,rio de janeiro,RJ
CUST_011848,UNIQ_011848,14725,belem,PA
CUST_011849,UNIQ_011849,88415,recife,PE
CUST_011850,UNIQ_011850,56205,fortaleza,CE
CUST_011851,UNIQ_011851,87038,salvador,BA
CUST_011852,UNIQ_011852,90904,porto velho,RO
CUST_011853,UNIQ_011853,56525,porto alegre,RS
CUST_011854,UNIQ_011854,88404,curitiba,PR
CUST_011855,UNIQ_011855,24338,goiania,GO
CUST_011856,UNIQ_011856,23372,joao pessoa,PB
CUST_011857,UNIQ_011857,33003,curitiba,PR
CUST_011858,UNIQ_011858,74517,fortaleza,CE
CUST_011859,UNIQ_011859,43361,natal,RN
CUST_011860,UNIQ_011860,38876,recife,PE
CUST_011861,UNIQ_011861,69559,maceio,AL
CUST_011862,UNIQ_011862,31436,curitiba,PR
CUST_011863,UNIQ_011863,57279,sao paulo,SP
CUST_011864,UNIQ_011864,29615,belem,PA
CUST_011865,UNIQ_011865,24809,fortaleza,CE
CUST_011866,UNIQ_011866,33088,natal,RN
CUST_011867,UNIQ_011867,99014,natal,RN
CUST_011868,UNIQ_011868,99797,goiania,GO
CUST_011869,UNIQ_011869,87477,porto alegre,RS
CUST_011870,UNIQ_011870,35212,natal,RN
CUST_011871,UNIQ_011871,10197,manaus,AM
CUST_011872,UNIQ_011872,35624,maceio,AL
CUST_011873,UNIQ_011873,47997,manaus,AM
CUST_011874,UNIQ_011874,49589,belem,PA
CUST_011875,UNIQ_011875,12427,campo grande,MS
CUST_011876,UNIQ_011876,75824,belem,PA
CUST_011877,UNIQ_011877,75417,aracaju,SE
CUST_011878,UNIQ_011878,88541,aracaju,SE
CUST_011879,UNIQ_011879,53331,cuiaba,MT
CUST_011880,UNIQ_011880,45515,sao paulo,SP
CUST_011881,UNIQ_011881,12727,campo grande,MS
CUST_011882,UNIQ_011882,11353,curitiba,PR
CUST_011883,UNIQ_011883,90458,florianopolis,SC
CUST_011884,UNIQ_011884,76517,natal,RN
CUST_011885,UNIQ_011885,19354,florianopolis,SC
CUST_011886,UNIQ_011886,51054,porto velho,RO
CUST_011887,UNIQ_011887,99374,manaus,AM
CUST_011888,UNIQ_011888,75121,campo grande,MS
CUST_011889,UNIQ_011889,91777,porto alegre,RS
CUST_011890,UNIQ_011890,62069,curitiba,PR
CUST_011891,UNIQ_011891,93186,teresina,PI
CUST_011892,UNIQ_011892,30966,manaus,AM
CUST_011893,UNIQ_011893,51488,porto velho,RO
CUST_011894,UNIQ_011894,40562,teresina,PI
CUST_011895,UNIQ_011895,34246,porto alegre,RS
CUST_011896,UNIQ_011896,75274,campo grande,MS
CUST_011897,UNIQ_011897,51799,joao pessoa,PB
CUST_011898,UNIQ_011898,30973,curitiba,PR
CUST_011899,UNIQ_011899,84349,florianopolis,SC
CUST_011900,UNIQ_011900,12298,fortaleza,CE
CUST_011901,UNIQ_011901,20558,teresina,PI
CUST_011902,UNIQ_011902,55782,natal,RN
CUST_011903,UNIQ_011903,20972,maceio,AL
CUST_011904,UNIQ_011904,89244,fortaleza,CE
CUST_011905,UNIQ_011905,13640,fortaleza,CE
CUST_011906,UNIQ_011906,85065,florianopolis,SC
CUST_011907,UNIQ_011907,29779,curitiba,PR
CUST_011908,UNIQ_011908,47465,cuiaba,MT
CUST_011909,UNIQ_011909,19350,salvador,BA
CUST_011910,UNIQ_011910,63806,goiania,GO
CUST_011911,UNIQ_011911,15510,manaus,AM
CUST_011912,UNIQ_011912,87517,fortaleza,CE
CUST_011913,UNIQ_011913,51393,goiania,GO
CUST_011914,UNIQ_011914,62720,cuiaba,MT
CUST_011915,UNIQ_011915,67133,recife,PE
CUST_011916,UNIQ_011916,70722,recife,PE
CUST_011917,UNIQ_011917,94640,fortaleza,CE
CUST_011918,UNIQ_011918,32591,teresina,PI
CUST_011919,UNIQ_011919,48883,porto velho,RO
CUST_011920,UNIQ_011920,15602,curitiba,PR
CUST_011921,UNIQ_011921,59411,teresina,PI
CUST_011922,UNIQ_011922,53938,belo horizonte,MG
CUST_011923,UNIQ_011923,91723,porto alegre,RS
CUST_011924,UNIQ_011924,13547,aracaju,SE
CUST_011925,UNIQ_011925,54517,maceio,AL
CUST_011926,UNIQ_011926,35497,salvador,BA
CUST_011927,UNIQ_011927,24020,manaus,AM
CUST_011928,UNIQ_011928,95813,recife,PE
CUST_011929,UNIQ_011929,15301,maceio,AL
CUST_011930,UNIQ_011930,45731,rio de janeiro,RJ
CUST_011931,UNIQ_011931,80049,cuiaba,MT
CUST_011932,UNIQ_011932,30582,recife,PE
CUST_011933,UNIQ_011933,94196,belo horizonte,MG
CUST_011934,UNIQ_011934,33170,belo horizonte,MG
CUST_011935,UNIQ_011935,22368,fortaleza,CE
CUST_011936,UNIQ_011936,19996,curitiba,PR
CUST_011937,UNIQ_011937,48806,florianopolis,SC
CUST_011938,UNIQ_011938,96867,aracaju,SE
CUST_011939,UNIQ_011939,58822,salvador,BA
CUST_011940,UNIQ_011940,30139,maceio,AL
CUST_011941,UNIQ_011941,81229,teresina,PI
CUST_011942,UNIQ_011942,80226,teresina,PI
CUST_011943,UNIQ_011943,62620,joao pessoa,PB
CUST_011944,UNIQ_011944,11105,belem,PA
CUST_011945,UNIQ_011945,86395,salvador,BA
CUST_011946,UNIQ_011946,79578,salvador,BA
CUST_011947,UNIQ_011947,44359,goiania,GO
CUST_011948,UNIQ_011948,80416,maceio,AL
CUST_011949,UNIQ_011949,61047,rio de janeiro,RJ
CUST_011950,UNIQ_011950,50054,belem,PA
CUST_011951,UNIQ_011951,98305,fortaleza,CE
CUST_011952,UNIQ_011952,15581,sao paulo,SP
CUST_011953,UNIQ_011953,33286,natal,RN
CUST_011954,UNIQ_011954,75860,cuiaba,MT
CUST_011955,UNIQ_011955,67965,joao pessoa,PB
CUST_011956,UNIQ_011956,72972,aracaju,SE
CUST_011957,UNIQ_011957,51114,recife,PE
CUST_011958,UNIQ_011958,52898,aracaju,SE
CUST_011959,UNIQ_011959,93598,natal,RN
CUST_011960,UNIQ_011960,46932,natal,RN
CUST_011961,UNIQ_011961,50736,natal,RN
CUST_011962,UNIQ_011962,88091,salvador,BA
CUST_011963,UNIQ_011963,26947,teresina,PI
CUST_011964,UNIQ_011964,48822,manaus,AM
CUST_011965,UNIQ_011965,24652,curitiba,PR
CUST_011966,UNIQ_011966,28469,porto velho,RO
CUST_011967,UNIQ_011967,28983,teresina,PI
CUST_011968,UNIQ_011968,19843,curitiba,PR
CUST_011969,UNIQ_011969,33989,manaus,AM
CUST_011970,UNIQ_011970,50060,sao paulo,SP
CUST_011971,UNIQ_011971,15960,belo horizonte,MG
CUST_011972,UNIQ_011972,31377,belem,PA
CUST_011973,UNIQ_011973,43152,porto velho,RO
CUST_011974,UNIQ_011974,38437,maceio,AL
CUST_011975,UNIQ_011975,46884,salvador,BA
CUST_011976,UNIQ_011976,76988,joao pessoa,PB
CUST_011977,UNIQ_011977,24669,cuiaba,MT
CUST_011978,UNIQ_011978,71742,belo horizonte,MG
CUST_011979,UNIQ_011979,68525,porto velho,RO
CUST_011980,UNIQ_011980,63248,fortaleza,CE
CUST_011981,UNIQ_011981,89876,cuiaba,MT
CUST_011982,UNIQ_011982,90342,porto velho,RO
CUST_011983,UNIQ_011983,85414,porto alegre,RS
CUST_011984,UNIQ_011984,22653,aracaju,SE
CUST_011985,UNIQ_011985,77330,curitiba,PR
CUST_011986,UNIQ_011986,24535,manaus,AM
CUST_011987,UNIQ_011987,12608,maceio,AL
CUST_011988,UNIQ_011988,38749,rio de janeiro,RJ
CUST_011989,UNIQ_011989,65344,teresina,PI
CUST_011990,UNIQ_011990,12744,teresina,PI
CUST_011991,UNIQ_011991,10279,curitiba,PR
CUST_011992,UNIQ_011992,10705,rio de janeiro,RJ
CUST_011993,UNIQ_011993,35782,florianopolis,SC
CUST_011994,UNIQ_011994,80679,curitiba,PR
CUST_011995,UNIQ_011995,35348,goiania,GO
CUST_011996,UNIQ_011996,61908,maceio,AL
CUST_011997,UNIQ_011997,22630,manaus,AM
CUST_011998,UNIQ_011998,52174,sao paulo,SP
CUST_011999,UNIQ_011999,52813,rio de janeiro,RJ
CUST_012000,UNIQ_012000,45409,curitiba,PR
CUST_012001,UNIQ_012001,79397,recife,PE
CUST_012002,UNIQ_012002,82067,recife,PE
CUST_012003,UNIQ_012003,56567,sao paulo,SP
CUST_012004,UNIQ_012004,31212,maceio,AL
CUST_012005,UNIQ_012005,90733,teresina,PI
CUST_012006,UNIQ_012006,96505,curitiba,PR
CUST_012007,UNIQ_012007,90145,cuiaba,MT
CUST_012008,UNIQ_012008,17817,rio de janeiro,RJ
CUST_012009,UNIQ_012009,62180,campo grande,MS
CUST_012010,UNIQ_012010,66648,maceio,AL
CUST_012011,UNIQ_012011,69950,curitiba,PR
CUST_012012,UNIQ_012012,41990,teresina,PI
CUST_012013,UNIQ_012013,33240,recife,PE
CUST_012014,UNIQ_012014,37106,maceio,AL
CUST_012015,UNIQ_012015,89877,aracaju,SE
CUST_012016,UNIQ_012016,98234,natal,RN
CUST_012017,UNIQ_012017,38113,manaus,AM
CUST_012018,UNIQ_012018,63413,joao pessoa,PB
CUST_012019,UNIQ_012019,76277,belo horizonte,MG
CUST_012020,UNIQ_012020,93230,goiania,GO
CUST_012021,UNIQ_012021,92720,salvador,BA
CUST_012022,UNIQ_012022,62755,maceio,AL
CUST_012023,UNIQ_012023,62120,curitiba,PR
CUST_012024,UNIQ_012024,23730,campo grande,MS
CUST_012025,UNIQ_012025,66892,recife,PE
CUST_012026,UNIQ_012026,49938,maceio,AL
CUST_012027,UNIQ_012027,10107,salvador,BA
CUST_012028,UNIQ_012028,34886,belo horizonte,MG
CUST_012029,UNIQ_012029,97008,fortaleza,CE
CUST_012030,UNIQ_012030,30558,aracaju,SE
CUST_012031,UNIQ_012031,39571,manaus,AM
CUST_012032,UNIQ_012032,29969,porto velho,RO
CUST_012033,UNIQ_012033,98214,salvador,BA
CUST_012034,UNIQ_012034,76597,maceio,AL
CUST_012035,UNIQ_012035,55787,recife,PE
CUST_012036,UNIQ_012036,70435,curitiba,PR
CUST_012037,UNIQ_012037,18296,porto velho,RO
CUST_012038,UNIQ_012038,72504,aracaju,SE
CUST_012039,UNIQ_012039,12593,goiania,GO
CUST_012040,UNIQ_012040,73213,natal,RN
CUST_012041,UNIQ_012041,60546,joao pessoa,PB
CUST_012042,UNIQ_012042,95281,salvador,BA
CUST_012043,UNIQ_012043,65376,rio de janeiro,RJ
CUST_012044,UNIQ_012044,86284,florianopolis,SC
CUST_012045,UNIQ_012045,10822,curitiba,PR
CUST_012046,UNIQ_012046,78504,maceio,AL
CUST_012047,UNIQ_012047,95745,salvador,BA
CUST_012048,UNIQ_012048,42422,porto alegre,RS
CUST_012049,UNIQ_012049,91417,belo horizonte,MG
CUST_012050,UNIQ_012050,71222,fortaleza,CE
CUST_012051,UNIQ_012051,68273,porto velho,RO
CUST_012052,UNIQ_012052,25306,teresina,PI
CUST_012053,UNIQ_012053,75951,campo grande,MS
CUST_012054,UNIQ_012054,56182,salvador,BA
CUST_012055,UNIQ_012055,64919,cuiaba,MT
CUST_012056,UNIQ_012056,79892,cuiaba,MT
CUST_012057,UNIQ_012057,80912,recife,PE
CUST_012058,UNIQ_012058,55867,belem,PA
CUST_012059,UNIQ_012059,33356,joao pessoa,PB
CUST_012060,UNIQ_012060,29749,sao paulo,SP
CUST_012061,UNIQ_012061,59397,natal,RN
CUST_012062,UNIQ_012062,62330,florianopolis,SC
CUST_012063,UNIQ_012063,60393,maceio,AL
CUST_012064,UNIQ_012064,90168,curitiba,PR
CUST_012065,UNIQ_012065,85333,florianopolis,SC
CUST_012066,UNIQ_012066,28135,salvador,BA
CUST_012067,UNIQ_012067,68748,goiania,GO
CUST_012068,UNIQ_012068,50376,manaus,AM
CUST_012069,UNIQ_012069,76483,porto velho,RO
CUST_012070,UNIQ_012070,84121,cuiaba,MT
CUST_012071,UNIQ_012071,55013,curitiba,PR
CUST_012072,UNIQ_012072,39296,goiania,GO
CUST_012073,UNIQ_012073,45760,porto velho,RO
CUST_012074,UNIQ_012074,92349,teresina,PI
CUST_012075,UNIQ_012075,68240,sao paulo,SP
CUST_012076,UNIQ_012076,27891,belem,PA
CUST_012077,UNIQ_012077,89669,cuiaba,MT
CUST_012078,UNIQ_012078,68333,sao paulo,SP
CUST_012079,UNIQ_012079,92234,porto alegre,RS
CUST_012080,UNIQ_012080,28706,joao pessoa,PB
CUST_012081,UNIQ_012081,64002,porto velho,RO
CUST_012082,UNIQ_012082,87367,teresina,PI
CUST_012083,UNIQ_012083,18248,belem,PA
CUST_012084,UNIQ_012084,85247,campo grande,MS
CUST_012085,UNIQ_012085,61951,porto velho,RO
CUST_012086,UNIQ_012086,12830,joao pessoa,PB
CUST_012087,UNIQ_012087,10504,maceio,AL
CUST_012088,UNIQ_012088,88025,maceio,AL
CUST_012089,UNIQ_012089,50238,campo grande,MS
CUST_012090,UNIQ_012090,43411,joao pessoa,PB
CUST_012091,UNIQ_012091,56129,maceio,AL
CUST_012092,UNIQ_012092,84839,porto velho,RO
CUST_012093,UNIQ_012093,63166,belem,PA
CUST_012094,UNIQ_012094,19865,porto alegre,RS
CUST_012095,UNIQ_012095,35367,aracaju,SE
CUST_012096,UNIQ_012096,76069,porto velho,RO
CUST_012097,UNIQ_012097,24751,belem,PA
CUST_012098,UNIQ_012098,70560,teresina,PI
CUST_012099,UNIQ_012099,47876,recife,PE
CUST_012100,UNIQ_012100,78024,campo grande,MS
CUST_012101,UNIQ_012101,37034,goiania,GO
CUST_012102,UNIQ_012102,86221,natal,RN
CUST_012103,UNIQ_012103,79889,maceio,AL
CUST_012104,UNIQ_012104,59914,salvador,BA
CUST_012105,UNIQ_012105,86582,belem,PA
CUST_012106,UNIQ_012106,13664,maceio,AL
CUST_012107,UNIQ_012107,48012,porto alegre,RS
CUST_012108,UNIQ_012108,11294,goiania,GO
CUST_012109,UNIQ_012109,31845,porto velho,RO
CUST_012110,UNIQ_012110,61707,aracaju,SE
CUST_012111,UNIQ_012111,52816,sao paulo,SP
CUST_012112,UNIQ_012112,25501,curitiba,PR
CUST_012113,UNIQ_012113,31499,rio de janeiro,RJ
CUST_012114,UNIQ_012114,28289,natal,RN
CUST_012115,UNIQ_012115,15122,campo grande,MS
CUST_012116,UNIQ_012116,62456,natal,RN
CUST_012117,UNIQ_012117,82466,belem,PA
CUST_012118,UNIQ_012118,18022,porto velho,RO
CUST_012119,UNIQ_012119,81350,sao paulo,SP
CUST_012120,UNIQ_012120,45462,curitiba,PR
CUST_012121,UNIQ_012121,43117,maceio,AL
CUST_012122,UNIQ_012122,78168,florianopolis,SC
CUST_012123,UNIQ_012123,39024,salvador,BA
CUST_012124,UNIQ_012124,82912,sao paulo,SP
CUST_012125,UNIQ_012125,85121,maceio,AL
CUST_012126,UNIQ_012126,34897,maceio,AL
CUST_012127,UNIQ_012127,53238,rio de janeiro,RJ
CUST_012128,UNIQ_012128,49992,joao pessoa,PB
CUST_012129,UNIQ_012129,82229,maceio,AL
CUST_012130,UNIQ_012130,91114,recife,PE
CUST_012131,UNIQ_012131,72092,porto velho,RO
CUST_012132,UNIQ_012132,23891,porto alegre,RS
CUST_012133,UNIQ_012133,55564,maceio,AL
CUST_012134,UNIQ_012134,41006,teresina,PI
CUST_012135,UNIQ_012135,29579,sao paulo,SP
CUST_012136,UNIQ_012136,58569,campo grande,MS
CUST_012137,UNIQ_012137,16192,sao paulo,SP
CUST_012138,UNIQ_012138,37899,sao paulo,SP
CUST_012139,UNIQ_012139,99084,rio de janeiro,RJ
CUST_012140,UNIQ_012140,61167,florianopolis,SC
CUST_012141,UNIQ_012141,23346,natal,RN
CUST_012142,UNIQ_012142,88176,cuiaba,MT
CUST_012143,UNIQ_012143,94547,florianopolis,SC
CUST_012144,UNIQ_012144,12265,manaus,AM
CUST_012145,UNIQ_012145,60777,florianopolis,SC
CUST_012146,UNIQ_012146,22725,belem,PA
CUST_012147,UNIQ_012147,44217,maceio,AL
CUST_012148,UNIQ_012148,35111,cuiaba,MT
CUST_012149,UNIQ_012149,80957,campo grande,MS
CUST_012150,UNIQ_012150,66622,belem,PA
CUST_012151,UNIQ_012151,84643,campo grande,MS
CUST_012152,UNIQ_012152,75883,rio de janeiro,RJ
CUST_012153,UNIQ_012153,12556,joao pessoa,PB
CUST_012154,UNIQ_012154,79575,salvador,BA
CUST_012155,UNIQ_012155,31233,joao pessoa,PB
CUST_012156,UNIQ_012156,94245,teresina,PI
CUST_012157,UNIQ_012157,14093,rio de janeiro,RJ
CUST_012158,UNIQ_012158,92709,salvador,BA
CUST_012159,UNIQ_012159,66063,manaus,AM
CUST_012160,UNIQ_012160,26105,florianopolis,SC
CUST_012161,UNIQ_012161,40267,rio de janeiro,RJ
CUST_012162,UNIQ_012162,48748,porto alegre,RS
CUST_012163,UNIQ_012163,43038,belem,PA
CUST_012164,UNIQ_012164,88833,fortaleza,CE
CUST_012165,UNIQ_012165,15670,porto velho,RO
CUST_012166,UNIQ_012166,73432,natal,RN
CUST_012167,UNIQ_012167,97197,porto alegre,RS
CUST_012168,UNIQ_012168,65304,goiania,GO
CUST_012169,UNIQ_012169,62542,maceio,AL
CUST_012170,UNIQ_012170,31605,florianopolis,SC
CUST_012171,UNIQ_012171,15061,belem,PA
CUST_012172,UNIQ_012172,28581,natal,RN
CUST_012173,UNIQ_012173,25313,fortaleza,CE
CUST_012174,UNIQ_012174,55114,goiania,GO
CUST_012175,UNIQ_012175,88296,porto velho,RO
CUST_012176,UNIQ_012176,72611,teresina,PI
CUST_012177,UNIQ_012177,51343,fortaleza,CE
CUST_012178,UNIQ_012178,33364,teresina,PI
CUST_012179,UNIQ_012179,33697,curitiba,PR
CUST_012180,UNIQ_012180,89821,salvador,BA
CUST_012181,UNIQ_012181,53487,sao paulo,SP
CUST_012182,UNIQ_012182,38240,recife,PE
CUST_012183,UNIQ_012183,67616,belem,PA
CUST_012184,UNIQ_012184,43897,sao paulo,SP
CUST_012185,UNIQ_012185,50278,joao pessoa,PB
CUST_012186,UNIQ_012186,60960,joao pessoa,PB
CUST_012187,UNIQ_012187,80934,belem,PA
CUST_012188,UNIQ_012188,99749,belem,PA
CUST_012189,UNIQ_012189,58806,goiania,GO
CUST_012190,UNIQ_012190,39207,porto velho,RO
CUST_012191,UNIQ_012191,67288,porto velho,RO
CUST_012192,UNIQ_012192,32376,goiania,GO
CUST_012193,UNIQ_012193,40377,salvador,BA
CUST_012194,UNIQ_012194,39520,maceio,AL
CUST_012195,UNIQ_012195,10800,goiania,GO
CUST_012196,UNIQ_012196,20726,joao pessoa,PB
CUST_012197,UNIQ_012197,47679,fortaleza,CE
CUST_012198,UNIQ_012198,55573,goiania,GO
CUST_012199,UNIQ_012199,23320,manaus,AM
CUST_012200,UNIQ_012200,88110,curitiba,PR
CUST_012201,UNIQ_012201,10435,rio de janeiro,RJ
CUST_012202,UNIQ_012202,61693,recife,PE
CUST_012203,UNIQ_012203,96299,fortaleza,CE
CUST_012204,UNIQ_012204,21980,curitiba,PR
CUST_012205,UNIQ_012205,71905,belo horizonte,MG
CUST_012206,UNIQ_012206,93898,recife,PE
CUST_012207,UNIQ_012207,93008,fortaleza,CE
CUST_012208,UNIQ_012208,74835,campo grande,MS
CUST_012209,UNIQ_012209,65784,curitiba,PR
CUST_012210,UNIQ_012210,80263,porto alegre,RS
CUST_012211,UNIQ_012211,42293,maceio,AL
CUST_012212,UNIQ_012212,55417,porto velho,RO
CUST_012213,UNIQ_012213,52072,maceio,AL
CUST_012214,UNIQ_012214,82632,goiania,GO
CUST_012215,UNIQ_012215,32409,goiania,GO
CUST_012216,UNIQ_012216,86605,curitiba,PR
CUST_012217,UNIQ_012217,32323,belem,PA
CUST_012218,UNIQ_012218,28342,florianopolis,SC
CUST_012219,UNIQ_012219,23291,goiania,GO
CUST_012220,UNIQ_012220,25159,natal,RN
CUST_012221,UNIQ_012221,52951,aracaju,SE
CUST_012222,UNIQ_012222,58266,joao pessoa,PB
CUST_012223,UNIQ_012223,21014,porto velho,RO
CUST_012224,UNIQ_012224,18724,campo grande,MS
CUST_012225,UNIQ_012225,54038,rio de janeiro,RJ
CUST_012226,UNIQ_012226,79349,rio de janeiro,RJ
CUST_012227,UNIQ_012227,57614,rio de janeiro,RJ
CUST_012228,UNIQ_012228,88549,belem,PA
CUST_012229,UNIQ_012229,43859,belo horizonte,MG
CUST_012230,UNIQ_012230,69520,campo grande,MS
CUST_012231,UNIQ_012231,45290,belem,PA
CUST_012232,UNIQ_012232,40188,joao pessoa,PB
CUST_012233,UNIQ_012233,93706,florianopolis,SC
CUST_012234,UNIQ_012234,56743,manaus,AM
CUST_012235,UNIQ_012235,49002,fortaleza,CE
CUST_012236,UNIQ_012236,79327,campo grande,MS
CUST_012237,UNIQ_012237,24697,belem,PA
CUST_012238,UNIQ_012238,25608,campo grande,MS
CUST_012239,UNIQ_012239,86097,florianopolis,SC
CUST_012240,UNIQ_012240,84852,belem,PA
CUST_012241,UNIQ_012241,36140,campo grande,MS
CUST_012242,UNIQ_012242,47930,porto alegre,RS
CUST_012243,UNIQ_012243,36630,porto velho,RO
CUST_012244,UNIQ_012244,53695,rio de janeiro,RJ
CUST_012245,UNIQ_012245,74006,recife,PE
CUST_012246,UNIQ_012246,80033,aracaju,SE
CUST_012247,UNIQ_012247,39130,sao paulo,SP
CUST_012248,UNIQ_012248,26359,manaus,AM
CUST_012249,UNIQ_012249,38543,aracaju,SE
CUST_012250,UNIQ_012250,20898,teresina,PI
CUST_012251,UNIQ_012251,36350,belo horizonte,MG
CUST_012252,UNIQ_012252,94450,recife,PE
CUST_012253,UNIQ_012253,88757,aracaju,SE
CUST_012254,UNIQ_012254,65983,curitiba,PR
CUST_012255,UNIQ_012255,77237,rio de janeiro,RJ
CUST_012256,UNIQ_012256,76326,joao pessoa,PB
CUST_012257,UNIQ_012257,32948,maceio,AL
CUST_012258,UNIQ_012258,18954,maceio,AL
CUST_012259,UNIQ_012259,32818,florianopolis,SC
CUST_012260,UNIQ_012260,81212,joao pessoa,PB
CUST_012261,UNIQ_012261,35729,joao pessoa,PB
CUST_012262,UNIQ_012262,47387,sao paulo,SP
CUST_012263,UNIQ_012263,66989,maceio,AL
CUST_012264,UNIQ_012264,51414,curitiba,PR
CUST_012265,UNIQ_012265,51085,belo horizonte,MG
CUST_012266,UNIQ_012266,26020,curitiba,PR
CUST_012267,UNIQ_012267,50072,campo grande,MS
CUST_012268,UNIQ_012268,52823,teresina,PI
CUST_012269,UNIQ_012269,52917,manaus,AM
CUST_012270,UNIQ_012270,73259,recife,PE
CUST_012271,UNIQ_012271,16553,aracaju,SE
CUST_012272,UNIQ_012272,77093,salvador,BA
CUST_012273,UNIQ_012273,24074,cuiaba,MT
CUST_012274,UNIQ_012274,65686,florianopolis,SC
CUST_012275,UNIQ_012275,34640,joao pessoa,PB
CUST_012276,UNIQ_012276,46597,belem,PA
CUST_012277,UNIQ_012277,75085,natal,RN
CUST_012278,UNIQ_012278,72808,belo horizonte,MG
CUST_012279,UNIQ_012279,59663,campo grande,MS
CUST_012280,UNIQ_012280,87658,curitiba,PR
CUST_012281,UNIQ_012281,87181,natal,RN
CUST_012282,UNIQ_012282,50683,belo horizonte,MG
CUST_012283,UNIQ_012283,37512,recife,PE
CUST_012284,UNIQ_012284,27898,natal,RN
CUST_012285,UNIQ_012285,89246,cuiaba,MT
CUST_012286,UNIQ_012286,43679,cuiaba,MT
CUST_012287,UNIQ_012287,92458,natal,RN
CUST_012288,UNIQ_012288,44339,teresina,PI
CUST_012289,UNIQ_012289,16902,goiania,GO
CUST_012290,UNIQ_012290,87010,porto velho,RO
CUST_012291,UNIQ_012291,86786,cuiaba,MT
CUST_012292,UNIQ_012292,14840,sao paulo,SP
CUST_012293,UNIQ_012293,16320,salvador,BA
CUST_012294,UNIQ_012294,88063,maceio,AL
CUST_012295,UNIQ_012295,54601,maceio,AL
CUST_012296,UNIQ_012296,39868,joao pessoa,PB
CUST_012297,UNIQ_012297,12223,cuiaba,MT
CUST_012298,UNIQ_012298,40664,maceio,AL
CUST_012299,UNIQ_012299,31459,goiania,GO
CUST_012300,UNIQ_012300,21139,salvador,BA
CUST_012301,UNIQ_012301,87915,maceio,AL
CUST_012302,UNIQ_012302,96975,teresina,PI
CUST_012303,UNIQ_012303,48077,aracaju,SE
CUST_012304,UNIQ_012304,32308,belem,PA
CUST_012305,UNIQ_012305,61100,belem,PA
CUST_012306,UNIQ_012306,77449,porto alegre,RS
CUST_012307,UNIQ_012307,48999,aracaju,SE
CUST_012308,UNIQ_012308,97817,porto velho,RO
CUST_012309,UNIQ_012309,70007,porto velho,RO
CUST_012310,UNIQ_012310,58589,cuiaba,MT
CUST_012311,UNIQ_012311,32373,campo grande,MS
CUST_012312,UNIQ_012312,58619,maceio,AL
CUST_012313,UNIQ_012313,53069,joao pessoa,PB
CUST_012314,UNIQ_012314,55682,cuiaba,MT
CUST_012315,UNIQ_012315,26569,aracaju,SE
CUST_012316,UNIQ_012316,24570,aracaju,SE
CUST_012317,UNIQ_012317,16729,cuiaba,MT
CUST_012318,UNIQ_012318,28803,curitiba,PR
CUST_012319,UNIQ_012319,67816,belo horizonte,MG
CUST_012320,UNIQ_012320,70654,cuiaba,MT
CUST_012321,UNIQ_012321,89849,maceio,AL
CUST_012322,UNIQ_012322,28043,belo horizonte,MG
CUST_012323,UNIQ_012323,79313,belem,PA
CUST_012324,UNIQ_012324,34580,maceio,AL
CUST_012325,UNIQ_012325,69225,porto velho,RO
CUST_012326,UNIQ_012326,70571,belo horizonte,MG
CUST_012327,UNIQ_012327,53013,sao paulo,SP
CUST_012328,UNIQ_012328,79352,cuiaba,MT
CUST_012329,UNIQ_012329,44431,belem,PA
CUST_012330,UNIQ_012330,22960,goiania,GO
CUST_012331,UNIQ_012331,37015,porto alegre,RS
CUST_012332,UNIQ_012332,75056,teresina,PI
CUST_012333,UNIQ_012333,78560,curitiba,PR
CUST_012334,UNIQ_012334,78599,natal,RN
CUST_012335,UNIQ_012335,20878,salvador,BA
CUST_012336,UNIQ_012336,38526,curitiba,PR
CUST_012337,UNIQ_012337,37514,sao paulo,SP
CUST_012338,UNIQ_012338,75900,aracaju,SE
CUST_012339,UNIQ_012339,66939,goiania,GO
CUST_012340,UNIQ_012340,24952,maceio,AL
CUST_012341,UNIQ_012341,85775,belo horizonte,MG
CUST_012342,UNIQ_012342,89921,recife,PE
CUST_012343,UNIQ_012343,80617,joao pessoa,PB
CUST_012344,UNIQ_012344,46058,belo horizonte,MG
CUST_012345,UNIQ_012345,85554,goiania,GO
CUST_012346,UNIQ_012346,12970,sao paulo,SP
CUST_012347,UNIQ_012347,96073,porto velho,RO
CUST_012348,UNIQ_012348,92611,cuiaba,MT
CUST_012349,UNIQ_012349,23810,curitiba,PR
CUST_012350,UNIQ_012350,71343,campo grande,MS
CUST_012351,UNIQ_012351,16159,cuiaba,MT
CUST_012352,UNIQ_012352,51369,florianopolis,SC
CUST_012353,UNIQ_012353,83436,fortaleza,CE
CUST_012354,UNIQ_012354,65438,teresina,PI
CUST_012355,UNIQ_012355,37227,cuiaba,MT
CUST_012356,UNIQ_012356,58977,recife,PE
CUST_012357,UNIQ_012357,92313,belo horizonte,MG
CUST_012358,UNIQ_012358,76137,goiania,GO
CUST_012359,UNIQ_012359,12708,maceio,AL
CUST_012360,UNIQ_012360,11558,campo grande,MS
CUST_012361,UNIQ_012361,35579,goiania,GO
CUST_012362,UNIQ_012362,98255,fortaleza,CE
CUST_012363,UNIQ_012363,12618,natal,RN
CUST_012364,UNIQ_012364,25972,salvador,BA
CUST_012365,UNIQ_012365,41605,cuiaba,MT
CUST_012366,UNIQ_012366,20462,cuiaba,MT
CUST_012367,UNIQ_012367,42587,sao paulo,SP
CUST_012368,UNIQ_012368,26469,maceio,AL
CUST_012369,UNIQ_012369,72168,cuiaba,MT
CUST_012370,UNIQ_012370,27616,belem,PA
CUST_012371,UNIQ_012371,55817,goiania,GO
CUST_012372,UNIQ_012372,41896,salvador,BA
CUST_012373,UNIQ_012373,15539,teresina,PI
CUST_012374,UNIQ_012374,17742,cuiaba,MT
CUST_012375,UNIQ_012375,53003,aracaju,SE
CUST_012376,UNIQ_012376,23246,maceio,AL
CUST_012377,UNIQ_012377,26124,aracaju,SE
CUST_012378,UNIQ_012378,47146,rio de janeiro,RJ
CUST_012379,UNIQ_012379,17994,goiania,GO
CUST_012380,UNIQ_012380,49234,fortaleza,CE
CUST_012381,UNIQ_012381,70429,manaus,AM
CUST_012382,UNIQ_012382,62489,manaus,AM
CUST_012383,UNIQ_012383,54990,belo horizonte,MG
CUST_012384,UNIQ_012384,75036,aracaju,SE
CUST_012385,UNIQ_012385,59691,manaus,AM
CUST_012386,UNIQ_012386,28331,natal,RN
CUST_012387,UNIQ_012387,20337,campo grande,MS
CUST_012388,UNIQ_012388,55702,manaus,AM
CUST_012389,UNIQ_012389,88588,aracaju,SE
CUST_012390,UNIQ_012390,84494,natal,RN
CUST_012391,UNIQ_012391,37392,recife,PE
CUST_012392,UNIQ_012392,41718,florianopolis,SC
CUST_012393,UNIQ_012393,17910,porto velho,RO
CUST_012394,UNIQ_012394,92133,sao paulo,SP
CUST_012395,UNIQ_012395,81375,goiania,GO
CUST_012396,UNIQ_012396,66387,goiania,GO
CUST_012397,UNIQ_012397,58066,belo horizonte,MG
CUST_012398,UNIQ_012398,69029,belem,PA
CUST_012399,UNIQ_012399,21265,recife,PE
CUST_012400,UNIQ_012400,60572,goiania,GO
CUST_012401,UNIQ_012401,41379,natal,RN
CUST_012402,UNIQ_012402,73877,cuiaba,MT
CUST_012403,UNIQ_012403,34371,cuiaba,MT
CUST_012404,UNIQ_012404,55444,florianopolis,SC
CUST_012405,UNIQ_012405,23272,salvador,BA
CUST_012406,UNIQ_012406,48034,natal,RN
CUST_012407,UNIQ_012407,61496,recife,PE
CUST_012408,UNIQ_012408,15582,porto velho,RO
CUST_012409,UNIQ_012409,76592,fortaleza,CE
CUST_012410,UNIQ_012410,71805,recife,PE
CUST_012411,UNIQ_012411,33817,joao pessoa,PB
CUST_012412,UNIQ_012412,13692,campo grande,MS
CUST_012413,UNIQ_012413,81395,curitiba,PR
CUST_012414,UNIQ_012414,65289,porto velho,RO
CUST_012415,UNIQ_012415,63721,natal,RN
CUST_012416,UNIQ_012416,54972,sao paulo,SP
CUST_012417,UNIQ_012417,48664,recife,PE
CUST_012418,UNIQ_012418,78319,curitiba,PR
CUST_012419,UNIQ_012419,59507,belo horizonte,MG
CUST_012420,UNIQ_012420,43610,porto alegre,RS
CUST_012421,UNIQ_012421,99516,belo horizonte,MG
CUST_012422,UNIQ_012422,20032,teresina,PI
CUST_012423,UNIQ_012423,23741,rio de janeiro,RJ
CUST_012424,UNIQ_012424,70532,porto velho,RO
CUST_012425,UNIQ_012425,93179,goiania,GO
CUST_012426,UNIQ_012426,53877,manaus,AM
CUST_012427,UNIQ_012427,93206,maceio,AL
CUST_012428,UNIQ_012428,63686,belem,PA
CUST_012429,UNIQ_012429,15616,porto alegre,RS
CUST_012430,UNIQ_012430,26310,florianopolis,SC
CUST_012431,UNIQ_012431,34760,rio de janeiro,RJ
CUST_012432,UNIQ_012432,81678,maceio,AL
CUST_012433,UNIQ_012433,27743,sao paulo,SP
CUST_012434,UNIQ_012434,38048,joao pessoa,PB
CUST_012435,UNIQ_012435,44610,sao paulo,SP
CUST_012436,UNIQ_012436,73780,fortaleza,CE
CUST_012437,UNIQ_012437,37332,teresina,PI
CUST_012438,UNIQ_012438,27605,teresina,PI
CUST_012439,UNIQ_012439,23428,aracaju,SE
CUST_012440,UNIQ_012440,93068,porto alegre,RS
CUST_012441,UNIQ_012441,98661,porto alegre,RS
CUST_012442,UNIQ_012442,69413,porto alegre,RS
CUST_012443,UNIQ_012443,79319,salvador,BA
CUST_012444,UNIQ_012444,40135,cuiaba,MT
CUST_012445,UNIQ_012445,51548,cuiaba,MT
CUST_012446,UNIQ_012446,12832,manaus,AM
CUST_012447,UNIQ_012447,63970,cuiaba,MT
CUST_012448,UNIQ_012448,15885,cuiaba,MT
CUST_012449,UNIQ_012449,74919,teresina,PI
CUST_012450,UNIQ_012450,44095,natal,RN
CUST_012451,UNIQ_012451,92142,porto velho,RO
CUST_012452,UNIQ_012452,84667,sao paulo,SP
CUST_012453,UNIQ_012453,32692,curitiba,PR
CUST_012454,UNIQ_012454,80330,aracaju,SE
CUST_012455,UNIQ_012455,90434,porto alegre,RS
CUST_012456,UNIQ_012456,69551,aracaju,SE
CUST_012457,UNIQ_012457,51930,porto alegre,RS
CUST_012458,UNIQ_012458,24665,florianopolis,SC
CUST_012459,UNIQ_012459,53076,recife,PE
CUST_012460,UNIQ_012460,69464,maceio,AL
CUST_012461,UNIQ_012461,74351,fortaleza,CE
CUST_012462,UNIQ_012462,69442,salvador,BA
CUST_012463,UNIQ_012463,35761,porto alegre,RS
CUST_012464,UNIQ_012464,94122,sao paulo,SP
CUST_012465,UNIQ_012465,82456,teresina,PI
CUST_012466,UNIQ_012466,25704,maceio,AL
CUST_012467,UNIQ_012467,60298,salvador,BA
CUST_012468,UNIQ_012468,14602,porto alegre,RS
CUST_012469,UNIQ_012469,49985,manaus,AM
CUST_012470,UNIQ_012470,87417,manaus,AM
CUST_012471,UNIQ_012471,78513,aracaju,SE
CUST_012472,UNIQ_012472,76487,belo horizonte,MG
CUST_012473,UNIQ_012473,36941,joao pessoa,PB
CUST_012474,UNIQ_012474,71589,maceio,AL
CUST_012475,UNIQ_012475,95445,campo grande,MS
CUST_012476,UNIQ_012476,77104,florianopolis,SC
CUST_012477,UNIQ_012477,40675,recife,PE
CUST_012478,UNIQ_012478,63045,manaus,AM
CUST_012479,UNIQ_012479,72245,belem,PA
CUST_012480,UNIQ_012480,11825,campo grande,MS
CUST_012481,UNIQ_012481,22359,porto alegre,RS
CUST_012482,UNIQ_012482,11104,recife,PE
CUST_012483,UNIQ_012483,11632,porto velho,RO
CUST_012484,UNIQ_012484,24774,porto velho,RO
CUST_012485,UNIQ_012485,35297,florianopolis,SC
CUST_012486,UNIQ_012486,93481,aracaju,SE
CUST_012487,UNIQ_012487,13039,teresina,PI
CUST_012488,UNIQ_012488,81427,curitiba,PR
CUST_012489,UNIQ_012489,61891,fortaleza,CE
CUST_012490,UNIQ_012490,55702,fortaleza,CE
CUST_012491,UNIQ_012491,31870,porto alegre,RS
CUST_012492,UNIQ_012492,44336,rio de janeiro,RJ
CUST_012493,UNIQ_012493,95879,belo horizonte,MG
CUST_012494,UNIQ_012494,40493,curitiba,PR
CUST_012495,UNIQ_012495,90112,belo horizonte,MG
CUST_012496,UNIQ_012496,95507,rio de janeiro,RJ
CUST_012497,UNIQ_012497,69009,florianopolis,SC
CUST_012498,UNIQ_012498,27557,campo grande,MS
CUST_012499,UNIQ_012499,45196,sao paulo,SP
CUST_012500,UNIQ_012500,18688,porto alegre,RS
CUST_012501,UNIQ_012501,17418,sao paulo,SP
CUST_012502,UNIQ_012502,87537,joao pessoa,PB
CUST_012503,UNIQ_012503,23068,porto alegre,RS
CUST_012504,UNIQ_012504,38192,cuiaba,MT
CUST_012505,UNIQ_012505,45484,curitiba,PR
CUST_012506,UNIQ_012506,41483,florianopolis,SC
CUST_012507,UNIQ_012507,94311,maceio,AL
CUST_012508,UNIQ_012508,17798,belo horizonte,MG
CUST_012509,UNIQ_012509,73271,porto velho,RO
CUST_012510,UNIQ_012510,50575,porto velho,RO
CUST_012511,UNIQ_012511,93137,salvador,BA
CUST_012512,UNIQ_012512,28900,fortaleza,CE
CUST_012513,UNIQ_012513,81301,porto alegre,RS
CUST_012514,UNIQ_012514,13691,campo grande,MS
CUST_012515,UNIQ_012515,83140,cuiaba,MT
CUST_012516,UNIQ_012516,29794,joao pessoa,PB
CUST_012517,UNIQ_012517,43522,natal,RN
CUST_012518,UNIQ_012518,63329,cuiaba,MT
CUST_012519,UNIQ_012519,34029,manaus,AM
CUST_012520,UNIQ_012520,58915,curitiba,PR
CUST_012521,UNIQ_012521,75012,belo horizonte,MG
CUST_012522,UNIQ_012522,28894,belem,PA
CUST_012523,UNIQ_012523,47960,curitiba,PR
CUST_012524,UNIQ_012524,44736,sao paulo,SP
CUST_012525,UNIQ_012525,32595,manaus,AM
CUST_012526,UNIQ_012526,23065,teresina,PI
CUST_012527,UNIQ_012527,79936,salvador,BA
CUST_012528,UNIQ_012528,16765,porto velho,RO
CUST_012529,UNIQ_012529,35220,rio de janeiro,RJ
CUST_012530,UNIQ_012530,60144,belem,PA
CUST_012531,UNIQ_012531,66573,aracaju,SE
CUST_012532,UNIQ_012532,60001,salvador,BA
CUST_012533,UNIQ_012533,16587,manaus,AM
CUST_012534,UNIQ_012534,11572,joao pessoa,PB
CUST_012535,UNIQ_012535,81585,fortaleza,CE
CUST_012536,UNIQ_012536,68805,natal,RN
CUST_012537,UNIQ_012537,17351,curitiba,PR
CUST_012538,UNIQ_012538,14606,fortaleza,CE
CUST_012539,UNIQ_012539,87929,rio de janeiro,RJ
CUST_012540,UNIQ_012540,40991,goiania,GO
CUST_012541,UNIQ_012541,64277,natal,RN
CUST_012542,UNIQ_012542,19185,fortaleza,CE
CUST_012543,UNIQ_012543,57237,cuiaba,MT
CUST_012544,UNIQ_012544,63643,manaus,AM
CUST_012545,UNIQ_012545,86466,maceio,AL
CUST_012546,UNIQ_012546,11307,sao paulo,SP
CUST_012547,UNIQ_012547,70928,goiania,GO
CUST_012548,UNIQ_012548,89287,joao pessoa,PB
CUST_012549,UNIQ_012549,13935,goiania,GO
CUST_012550,UNIQ_012550,22554,rio de janeiro,RJ
CUST_012551,UNIQ_012551,41902,joao pessoa,PB
CUST_012552,UNIQ_012552,53717,fortaleza,CE
CUST_012553,UNIQ_012553,11615,cuiaba,MT
CUST_012554,UNIQ_012554,70475,sao paulo,SP
CUST_012555,UNIQ_012555,90653,manaus,AM
CUST_012556,UNIQ_012556,21727,campo grande,MS
CUST_012557,UNIQ_012557,14536,manaus,AM
CUST_012558,UNIQ_012558,32500,campo grande,MS
CUST_012559,UNIQ_012559,22258,curitiba,PR
CUST_012560,UNIQ_012560,36764,salvador,BA
CUST_012561,UNIQ_012561,59895,maceio,AL
CUST_012562,UNIQ_012562,15407,cuiaba,MT
CUST_012563,UNIQ_012563,71946,aracaju,SE
CUST_012564,UNIQ_012564,95863,belo horizonte,MG
CUST_012565,UNIQ_012565,74961,natal,RN
CUST_012566,UNIQ_012566,34331,fortaleza,CE
CUST_012567,UNIQ_012567,13270,salvador,BA
CUST_012568,UNIQ_012568,51446,porto alegre,RS
CUST_012569,UNIQ_012569,63413,porto alegre,RS
CUST_012570,UNIQ_012570,75008,salvador,BA
CUST_012571,UNIQ_012571,84642,salvador,BA
CUST_012572,UNIQ_012572,81717,curitiba,PR
CUST_012573,UNIQ_012573,72123,belo horizonte,MG
CUST_012574,UNIQ_012574,69609,sao paulo,SP
CUST_012575,UNIQ_012575,50159,porto alegre,RS
CUST_012576,UNIQ_012576,63354,recife,PE
CUST_012577,UNIQ_012577,28966,rio de janeiro,RJ
CUST_012578,UNIQ_012578,49522,recife,PE
CUST_012579,UNIQ_012579,27268,belem,PA
CUST_012580,UNIQ_012580,57257,curitiba,PR
CUST_012581,UNIQ_012581,22169,fortaleza,CE
CUST_012582,UNIQ_012582,12018,natal,RN
CUST_012583,UNIQ_012583,54868,fortaleza,CE
CUST_012584,UNIQ_012584,38137,curitiba,PR
CUST_012585,UNIQ_012585,45373,cuiaba,MT
CUST_012586,UNIQ_012586,28601,belo horizonte,MG
CUST_012587,UNIQ_012587,86459,sao paulo,SP
CUST_012588,UNIQ_012588,49988,porto alegre,RS
CUST_012589,UNIQ_012589,72188,campo grande,MS
CUST_012590,UNIQ_012590,59260,curitiba,PR
CUST_012591,UNIQ_012591,12962,porto velho,RO
CUST_012592,UNIQ_012592,98395,manaus,AM
CUST_012593,UNIQ_012593,65137,curitiba,PR
CUST_012594,UNIQ_012594,51393,florianopolis,SC
CUST_012595,UNIQ_012595,39445,salvador,BA
CUST_012596,UNIQ_012596,71646,fortaleza,CE
CUST_012597,UNIQ_012597,20341,teresina,PI
CUST_012598,UNIQ_012598,88994,campo grande,MS
CUST_012599,UNIQ_012599,83032,belem,PA
CUST_012600,UNIQ_012600,98752,sao paulo,SP
CUST_012601,UNIQ_012601,45435,fortaleza,CE
CUST_012602,UNIQ_012602,57066,florianopolis,SC
CUST_012603,UNIQ_012603,80785,cuiaba,MT
CUST_012604,UNIQ_012604,24673,florianopolis,SC
CUST_012605,UNIQ_012605,14856,natal,RN
CUST_012606,UNIQ_012606,23863,fortaleza,CE
CUST_012607,UNIQ_012607,85362,salvador,BA
CUST_012608,UNIQ_012608,51899,salvador,BA
CUST_012609,UNIQ_012609,86210,maceio,AL
CUST_012610,UNIQ_012610,32377,belo horizonte,MG
CUST_012611,UNIQ_012611,80843,teresina,PI
CUST_012612,UNIQ_012612,47425,natal,RN
CUST_012613,UNIQ_012613,80236,porto velho,RO
CUST_012614,UNIQ_012614,43462,teresina,PI
CUST_012615,UNIQ_012615,82876,joao pessoa,PB
CUST_012616,UNIQ_012616,77331,teresina,PI
CUST_012617,UNIQ_012617,26633,teresina,PI
CUST_012618,UNIQ_012618,70766,manaus,AM
CUST_012619,UNIQ_012619,17705,natal,RN
CUST_012620,UNIQ_012620,75562,sao paulo,SP
CUST_012621,UNIQ_012621,45289,aracaju,SE
CUST_012622,UNIQ_012622,69793,belem,PA
CUST_012623,UNIQ_012623,13097,porto alegre,RS
CUST_012624,UNIQ_012624,40241,aracaju,SE
CUST_012625,UNIQ_012625,96160,campo grande,MS
CUST_012626,UNIQ_012626,21609,maceio,AL
CUST_012627,UNIQ_012627,24357,cuiaba,MT
CUST_012628,UNIQ_012628,14263,cuiaba,MT
CUST_012629,UNIQ_012629,48217,joao pessoa,PB
CUST_012630,UNIQ_012630,84351,porto velho,RO
CUST_012631,UNIQ_012631,21239,fortaleza,CE
CUST_012632,UNIQ_012632,49423,teresina,PI
CUST_012633,UNIQ_012633,16599,rio de janeiro,RJ
CUST_012634,UNIQ_012634,84878,natal,RN
CUST_012635,UNIQ_012635,36424,aracaju,SE
CUST_012636,UNIQ_012636,89682,natal,RN
CUST_012637,UNIQ_012637,35871,fortaleza,CE
CUST_012638,UNIQ_012638,40207,goiania,GO
CUST_012639,UNIQ_012639,80822,porto alegre,RS
CUST_012640,UNIQ_012640,76828,porto alegre,RS
CUST_012641,UNIQ_012641,45444,teresina,PI
CUST_012642,UNIQ_012642,15121,campo grande,MS
CUST_012643,UNIQ_012643,30672,aracaju,SE
CUST_012644,UNIQ_012644,39360,salvador,BA
CUST_012645,UNIQ_012645,79177,cuiaba,MT
CUST_012646,UNIQ_012646,51754,teresina,PI
CUST_012647,UNIQ_012647,66582,porto alegre,RS
CUST_012648,UNIQ_012648,29403,curitiba,PR
CUST_012649,UNIQ_012649,32042,sao paulo,SP
CUST_012650,UNIQ_012650,31823,belo horizonte,MG
CUST_012651,UNIQ_012651,74443,manaus,AM
CUST_012652,UNIQ_012652,11906,fortaleza,CE
CUST_012653,UNIQ_012653,53103,florianopolis,SC
CUST_012654,UNIQ_012654,37280,sao paulo,SP
CUST_012655,UNIQ_012655,10259,manaus,AM
CUST_012656,UNIQ_012656,12702,rio de janeiro,RJ
CUST_012657,UNIQ_012657,81898,sao paulo,SP
CUST_012658,UNIQ_012658,59401,aracaju,SE
CUST_012659,UNIQ_012659,48232,recife,PE
CUST_012660,UNIQ_012660,69432,natal,RN
CUST_012661,UNIQ_012661,87823,recife,PE
CUST_012662,UNIQ_012662,90240,salvador,BA
CUST_012663,UNIQ_012663,10440,sao paulo,SP
CUST_012664,UNIQ_012664,78300,aracaju,SE
CUST_012665,UNIQ_012665,84465,cuiaba,MT
CUST_012666,UNIQ_012666,25901,belo horizonte,MG
CUST_012667,UNIQ_012667,25612,porto alegre,RS
CUST_012668,UNIQ_012668,10347,natal,RN
CUST_012669,UNIQ_012669,85975,sao paulo,SP
CUST_012670,UNIQ_012670,60394,belo horizonte,MG
CUST_012671,UNIQ_012671,92283,cuiaba,MT
CUST_012672,UNIQ_012672,40814,fortaleza,CE
CUST_012673,UNIQ_012673,99851,fortaleza,CE
CUST_012674,UNIQ_012674,36416,joao pessoa,PB
CUST_012675,UNIQ_012675,86280,campo grande,MS
CUST_012676,UNIQ_012676,85650,maceio,AL
CUST_012677,UNIQ_012677,90973,campo grande,MS
CUST_012678,UNIQ_012678,60882,rio de janeiro,RJ
CUST_012679,UNIQ_012679,81011,sao paulo,SP
CUST_012680,UNIQ_012680,49348,goiania,GO
CUST_012681,UNIQ_012681,20774,maceio,AL
CUST_012682,UNIQ_012682,65739,maceio,AL
CUST_012683,UNIQ_012683,43818,joao pessoa,PB
CUST_012684,UNIQ_012684,42105,natal,RN
CUST_012685,UNIQ_012685,16640,rio de janeiro,RJ
CUST_012686,UNIQ_012686,88213,sao paulo,SP
CUST_012687,UNIQ_012687,77508,cuiaba,MT
CUST_012688,UNIQ_012688,99692,porto alegre,RS
CUST_012689,UNIQ_012689,42642,recife,PE
CUST_012690,UNIQ_012690,25563,teresina,PI
CUST_012691,UNIQ_012691,42023,salvador,BA
CUST_012692,UNIQ_012692,20811,campo grande,MS
CUST_012693,UNIQ_012693,78601,salvador,BA
CUST_012694,UNIQ_012694,51725,belo horizonte,MG
CUST_012695,UNIQ_012695,96789,belo horizonte,MG
CUST_012696,UNIQ_012696,82783,porto velho,RO
CUST_012697,UNIQ_012697,43965,florianopolis,SC
CUST_012698,UNIQ_012698,75699,goiania,GO
CUST_012699,UNIQ_012699,85147,fortaleza,CE
CUST_012700,UNIQ_012700,29671,belem,PA
CUST_012701,UNIQ_012701,34787,sao paulo,SP
CUST_012702,UNIQ_012702,97127,porto alegre,RS
CUST_012703,UNIQ_012703,18967,sao paulo,SP
CUST_012704,UNIQ_012704,36667,florianopolis,SC
CUST_012705,UNIQ_012705,41348,goiania,GO
CUST_012706,UNIQ_012706,64116,porto alegre,RS
CUST_012707,UNIQ_012707,13928,teresina,PI
CUST_012708,UNIQ_012708,52159,campo grande,MS
CUST_012709,UNIQ_012709,85334,natal,RN
CUST_012710,UNIQ_012710,88280,porto velho,RO
CUST_012711,UNIQ_012711,47143,porto alegre,RS
CUST_012712,UNIQ_012712,45826,cuiaba,MT
CUST_012713,UNIQ_012713,66615,natal,RN
CUST_012714,UNIQ_012714,29434,campo grande,MS
CUST_012715,UNIQ_012715,22516,rio de janeiro,RJ
CUST_012716,UNIQ_012716,82159,rio de janeiro,RJ
CUST_012717,UNIQ_012717,44995,fortaleza,CE
CUST_012718,UNIQ_012718,28255,sao paulo,SP
CUST_012719,UNIQ_012719,22006,maceio,AL
CUST_012720,UNIQ_012720,29950,aracaju,SE
CUST_012721,UNIQ_012721,95539,fortaleza,CE
CUST_012722,UNIQ_012722,77284,recife,PE
CUST_012723,UNIQ_012723,88179,campo grande,MS
CUST_012724,UNIQ_012724,10147,belem,PA
CUST_012725,UNIQ_012725,61259,fortaleza,CE
CUST_012726,UNIQ_012726,14414,fortaleza,CE
CUST_012727,UNIQ_012727,55436,aracaju,SE
CUST_012728,UNIQ_012728,19178,aracaju,SE
CUST_012729,UNIQ_012729,44351,joao pessoa,PB
CUST_012730,UNIQ_012730,27818,goiania,GO
CUST_012731,UNIQ_012731,39805,campo grande,MS
CUST_012732,UNIQ_012732,93515,florianopolis,SC
CUST_012733,UNIQ_012733,63947,manaus,AM
CUST_012734,UNIQ_012734,30941,belem,PA
CUST_012735,UNIQ_012735,55146,recife,PE
CUST_012736,UNIQ_012736,12280,campo grande,MS
CUST_012737,UNIQ_012737,48621,sao paulo,SP
CUST_012738,UNIQ_012738,30902,belo horizonte,MG
CUST_012739,UNIQ_012739,22412,porto velho,RO
CUST_012740,UNIQ_012740,28283,maceio,AL
CUST_012741,UNIQ_012741,53517,maceio,AL
CUST_012742,UNIQ_012742,81952,salvador,BA
CUST_012743,UNIQ_012743,99996,salvador,BA
CUST_012744,UNIQ_012744,19102,teresina,PI
CUST_012745,UNIQ_012745,92778,curitiba,PR
CUST_012746,UNIQ_012746,55344,goiania,GO
CUST_012747,UNIQ_012747,12346,cuiaba,MT
CUST_012748,UNIQ_012748,97236,belem,PA
CUST_012749,UNIQ_012749,24997,natal,RN
CUST_012750,UNIQ_012750,17973,rio de janeiro,RJ
CUST_012751,UNIQ_012751,88854,campo grande,MS
CUST_012752,UNIQ_012752,38713,curitiba,PR
CUST_012753,UNIQ_012753,44668,rio de janeiro,RJ
CUST_012754,UNIQ_012754,63529,teresina,PI
CUST_012755,UNIQ_012755,17049,sao paulo,SP
CUST_012756,UNIQ_012756,26749,belo horizonte,MG
CUST_012757,UNIQ_012757,41759,maceio,AL
CUST_012758,UNIQ_012758,28785,aracaju,SE
CUST_012759,UNIQ_012759,21359,campo grande,MS
CUST_012760,UNIQ_012760,21761,sao paulo,SP
CUST_012761,UNIQ_012761,36280,curitiba,PR
CUST_012762,UNIQ_012762,84422,fortaleza,CE
CUST_012763,UNIQ_012763,18997,teresina,PI
CUST_012764,UNIQ_012764,21740,florianopolis,SC
CUST_012765,UNIQ_012765,13848,fortaleza,CE
CUST_012766,UNIQ_012766,79776,porto alegre,RS
CUST_012767,UNIQ_012767,11511,florianopolis,SC
CUST_012768,UNIQ_012768,66280,joao pessoa,PB
CUST_012769,UNIQ_012769,52611,teresina,PI
CUST_012770,UNIQ_012770,43888,recife,PE
CUST_012771,UNIQ_012771,60047,belem,PA
CUST_012772,UNIQ_012772,50037,rio de janeiro,RJ
CUST_012773,UNIQ_012773,28917,curitiba,PR
CUST_012774,UNIQ_012774,64914,campo grande,MS
CUST_012775,UNIQ_012775,93101,recife,PE
CUST_012776,UNIQ_012776,60176,belem,PA
CUST_012777,UNIQ_012777,24034,sao paulo,SP
CUST_012778,UNIQ_012778,21549,porto velho,RO
CUST_012779,UNIQ_012779,41011,goiania,GO
CUST_012780,UNIQ_012780,57965,sao paulo,SP
CUST_012781,UNIQ_012781,92040,joao pessoa,PB
CUST_012782,UNIQ_012782,50517,manaus,AM
CUST_012783,UNIQ_012783,29516,joao pessoa,PB
CUST_012784,UNIQ_012784,40785,porto alegre,RS
CUST_012785,UNIQ_012785,83181,florianopolis,SC
CUST_012786,UNIQ_012786,20888,teresina,PI
CUST_012787,UNIQ_012787,63717,joao pessoa,PB
CUST_012788,UNIQ_012788,32161,maceio,AL
CUST_012789,UNIQ_012789,51661,curitiba,PR
CUST_012790,UNIQ_012790,99048,salvador,BA
CUST_012791,UNIQ_012791,70142,fortaleza,CE
CUST_012792,UNIQ_012792,61673,curitiba,PR
CUST_012793,UNIQ_012793,10497,campo grande,MS
CUST_012794,UNIQ_012794,61378,aracaju,SE
CUST_012795,UNIQ_012795,60780,teresina,PI
CUST_012796,UNIQ_012796,62453,florianopolis,SC
CUST_012797,UNIQ_012797,27042,fortaleza,CE
CUST_012798,UNIQ_012798,20038,porto alegre,RS
CUST_012799,UNIQ_012799,67924,porto velho,RO
CUST_012800,UNIQ_012800,81536,teresina,PI
CUST_012801,UNIQ_012801,76930,campo grande,MS
CUST_012802,UNIQ_012802,91729,porto alegre,RS
CUST_012803,UNIQ_012803,72037,belem,PA
CUST_012804,UNIQ_012804,20553,campo grande,MS
CUST_012805,UNIQ_012805,85783,curitiba,PR
CUST_012806,UNIQ_012806,93769,rio de janeiro,RJ
CUST_012807,UNIQ_012807,57396,manaus,AM
CUST_012808,UNIQ_012808,14784,sao paulo,SP
CUST_012809,UNIQ_012809,24267,teresina,PI
CUST_012810,UNIQ_012810,49755,aracaju,SE
CUST_012811,UNIQ_012811,84137,aracaju,SE
CUST_012812,UNIQ_012812,49496,joao pessoa,PB
CUST_012813,UNIQ_012813,26456,fortaleza,CE
CUST_012814,UNIQ_012814,51052,recife,PE
CUST_012815,UNIQ_012815,37456,porto alegre,RS
CUST_012816,UNIQ_012816,17031,belem,PA
CUST_012817,UNIQ_012817,64955,belem,PA
CUST_012818,UNIQ_012818,81786,natal,RN
CUST_012819,UNIQ_012819,24478,fortaleza,CE
CUST_012820,UNIQ_012820,21387,fortaleza,CE
CUST_012821,UNIQ_012821,93518,goiania,GO
CUST_012822,UNIQ_012822,43132,teresina,PI
CUST_012823,UNIQ_012823,56698,porto velho,RO
CUST_012824,UNIQ_012824,56781,curitiba,PR
CUST_012825,UNIQ_012825,85344,porto alegre,RS
CUST_012826,UNIQ_012826,12253,curitiba,PR
CUST_012827,UNIQ_012827,96497,natal,RN
CUST_012828,UNIQ_012828,47100,porto alegre,RS
CUST_012829,UNIQ_012829,26216,belo horizonte,MG
CUST_012830,UNIQ_012830,97894,salvador,BA
CUST_012831,UNIQ_012831,74626,porto velho,RO
CUST_012832,UNIQ_012832,81657,manaus,AM
CUST_012833,UNIQ_012833,20526,maceio,AL
CUST_012834,UNIQ_012834,29235,aracaju,SE
CUST_012835,UNIQ_012835,42647,campo grande,MS
CUST_012836,UNIQ_012836,97646,sao paulo,SP
CUST_012837,UNIQ_012837,40605,teresina,PI
CUST_012838,UNIQ_012838,39536,belem,PA
CUST_012839,UNIQ_012839,98757,goiania,GO
CUST_012840,UNIQ_012840,47683,cuiaba,MT
CUST_012841,UNIQ_012841,75888,aracaju,SE
CUST_012842,UNIQ_012842,18489,curitiba,PR
CUST_012843,UNIQ_012843,77740,aracaju,SE
CUST_012844,UNIQ_012844,86898,porto alegre,RS
CUST_012845,UNIQ_012845,80364,teresina,PI
CUST_012846,UNIQ_012846,63104,sao paulo,SP
CUST_012847,UNIQ_012847,44035,natal,RN
CUST_012848,UNIQ_012848,55523,sao paulo,SP
CUST_012849,UNIQ_012849,23206,salvador,BA
CUST_012850,UNIQ_012850,33821,rio de janeiro,RJ
CUST_012851,UNIQ_012851,31102,belo horizonte,MG
CUST_012852,UNIQ_012852,50763,florianopolis,SC
CUST_012853,UNIQ_012853,96050,manaus,AM
CUST_012854,UNIQ_012854,20782,porto alegre,RS
CUST_012855,UNIQ_012855,42392,curitiba,PR
CUST_012856,UNIQ_012856,25527,sao paulo,SP
CUST_012857,UNIQ_012857,16679,natal,RN
CUST_012858,UNIQ_012858,90124,belem,PA
CUST_012859,UNIQ_012859,65559,aracaju,SE
CUST_012860,UNIQ_012860,41420,sao paulo,SP
CUST_012861,UNIQ_012861,28648,joao pessoa,PB
CUST_012862,UNIQ_012862,94129,salvador,BA
CUST_012863,UNIQ_012863,60469,aracaju,SE
CUST_012864,UNIQ_012864,17661,rio de janeiro,RJ
CUST_012865,UNIQ_012865,31385,manaus,AM
CUST_012866,UNIQ_012866,36429,rio de janeiro,RJ
CUST_012867,UNIQ_012867,87945,salvador,BA
CUST_012868,UNIQ_012868,82189,campo grande,MS
CUST_012869,UNIQ_012869,91644,cuiaba,MT
CUST_012870,UNIQ_012870,16487,porto velho,RO
CUST_012871,UNIQ_012871,21726,belo horizonte,MG
CUST_012872,UNIQ_012872,14251,porto alegre,RS
CUST_012873,UNIQ_012873,37506,sao paulo,SP
CUST_012874,UNIQ_012874,72238,belem,PA
CUST_012875,UNIQ_012875,41549,salvador,BA
CUST_012876,UNIQ_012876,75061,salvador,BA
CUST_012877,UNIQ_012877,87292,salvador,BA
CUST_012878,UNIQ_012878,95489,campo grande,MS
CUST_012879,UNIQ_012879,64387,maceio,AL
CUST_012880,UNIQ_012880,23757,rio de janeiro,RJ
CUST_012881,UNIQ_012881,30393,natal,RN
CUST_012882,UNIQ_012882,99619,florianopolis,SC
CUST_012883,UNIQ_012883,16675,porto velho,RO
CUST_012884,UNIQ_012884,43865,aracaju,SE
CUST_012885,UNIQ_012885,86262,salvador,BA
CUST_012886,UNIQ_012886,93379,belem,PA
CUST_012887,UNIQ_012887,78666,campo grande,MS
CUST_012888,UNIQ_012888,57796,goiania,GO
CUST_012889,UNIQ_012889,92403,sao paulo,SP
CUST_012890,UNIQ_012890,20097,salvador,BA
CUST_012891,UNIQ_012891,67350,manaus,AM
CUST_012892,UNIQ_012892,39288,goiania,GO
CUST_012893,UNIQ_012893,79482,goiania,GO
CUST_012894,UNIQ_012894,25647,curitiba,PR
CUST_012895,UNIQ_012895,71937,sao paulo,SP
CUST_012896,UNIQ_012896,83152,curitiba,PR
CUST_012897,UNIQ_012897,98604,aracaju,SE
CUST_012898,UNIQ_012898,78496,campo grande,MS
CUST_012899,UNIQ_012899,71823,sao paulo,SP
CUST_012900,UNIQ_012900,71339,fortaleza,CE
CUST_012901,UNIQ_012901,17371,porto velho,RO
CUST_012902,UNIQ_012902,71334,recife,PE
CUST_012903,UNIQ_012903,64460,salvador,BA
CUST_012904,UNIQ_012904,65935,salvador,BA
CUST_012905,UNIQ_012905,82420,sao paulo,SP
CUST_012906,UNIQ_012906,24557,aracaju,SE
CUST_012907,UNIQ_012907,71601,porto velho,RO
CUST_012908,UNIQ_012908,27010,fortaleza,CE
CUST_012909,UNIQ_012909,98715,manaus,AM
CUST_012910,UNIQ_012910,87080,porto velho,RO
CUST_012911,UNIQ_012911,42940,natal,RN
CUST_012912,UNIQ_012912,74279,joao pessoa,PB
CUST_012913,UNIQ_012913,80185,salvador,BA
CUST_012914,UNIQ_012914,73591,manaus,AM
CUST_012915,UNIQ_012915,39712,goiania,GO
CUST_012916,UNIQ_012916,68642,rio de janeiro,RJ
CUST_012917,UNIQ_012917,83355,teresina,PI
CUST_012918,UNIQ_012918,10914,salvador,BA
CUST_012919,UNIQ_012919,47590,curitiba,PR
CUST_012920,UNIQ_012920,11956,maceio,AL
CUST_012921,UNIQ_012921,58016,maceio,AL
CUST_012922,UNIQ_012922,71016,florianopolis,SC
CUST_012923,UNIQ_012923,14125,aracaju,SE
CUST_012924,UNIQ_012924,32245,sao paulo,SP
CUST_012925,UNIQ_012925,97704,porto alegre,RS
CUST_012926,UNIQ_012926,35448,belem,PA
CUST_012927,UNIQ_012927,37955,fortaleza,CE
CUST_012928,UNIQ_012928,34408,natal,RN
CUST_012929,UNIQ_012929,25930,curitiba,PR
CUST_012930,UNIQ_012930,86687,natal,RN
CUST_012931,UNIQ_012931,60390,rio de janeiro,RJ
CUST_012932,UNIQ_012932,97672,porto velho,RO
CUST_012933,UNIQ_012933,82284,natal,RN
CUST_012934,UNIQ_012934,69754,florianopolis,SC
CUST_012935,UNIQ_012935,62220,porto alegre,RS
CUST_012936,UNIQ_012936,12611,joao pessoa,PB
CUST_012937,UNIQ_012937,67997,natal,RN
CUST_012938,UNIQ_012938,18689,florianopolis,SC
CUST_012939,UNIQ_012939,91231,teresina,PI
CUST_012940,UNIQ_012940,42231,salvador,BA
CUST_012941,UNIQ_012941,57798,cuiaba,MT
CUST_012942,UNIQ_012942,21723,fortaleza,CE
CUST_012943,UNIQ_012943,17198,goiania,GO
CUST_012944,UNIQ_012944,63290,salvador,BA
CUST_012945,UNIQ_012945,29030,belem,PA
CUST_012946,UNIQ_012946,19528,natal,RN
CUST_012947,UNIQ_012947,72959,sao paulo,SP
CUST_012948,UNIQ_012948,38519,sao paulo,SP
CUST_012949,UNIQ_012949,57707,manaus,AM
CUST_012950,UNIQ_012950,95036,rio de janeiro,RJ
CUST_012951,UNIQ_012951,43820,aracaju,SE
CUST_012952,UNIQ_012952,46971,curitiba,PR
CUST_012953,UNIQ_012953,24746,manaus,AM
CUST_012954,UNIQ_012954,80542,porto velho,RO
CUST_012955,UNIQ_012955,85744,recife,PE
CUST_012956,UNIQ_012956,47821,fortaleza,CE
CUST_012957,UNIQ_012957,48382,maceio,AL
CUST_012958,UNIQ_012958,18645,aracaju,SE
CUST_012959,UNIQ_012959,13091,recife,PE
CUST_012960,UNIQ_012960,49508,sao paulo,SP
CUST_012961,UNIQ_012961,65716,salvador,BA
CUST_012962,UNIQ_012962,19777,porto velho,RO
CUST_012963,UNIQ_012963,51470,sao paulo,SP
CUST_012964,UNIQ_012964,16140,recife,PE
CUST_012965,UNIQ_012965,23229,fortaleza,CE
CUST_012966,UNIQ_012966,19341,florianopolis,SC
CUST_012967,UNIQ_012967,72425,natal,RN
CUST_012968,UNIQ_012968,82096,florianopolis,SC
CUST_012969,UNIQ_012969,48115,natal,RN
CUST_012970,UNIQ_012970,42121,natal,RN
CUST_012971,UNIQ_012971,97522,recife,PE
CUST_012972,UNIQ_012972,53253,porto velho,RO
CUST_012973,UNIQ_012973,50613,recife,PE
CUST_012974,UNIQ_012974,21890,maceio,AL
CUST_012975,UNIQ_012975,10411,belo horizonte,MG
CUST_012976,UNIQ_012976,12238,goiania,GO
CUST_012977,UNIQ_012977,46193,salvador,BA
CUST_012978,UNIQ_012978,65130,joao pessoa,PB
CUST_012979,UNIQ_012979,30377,porto alegre,RS
CUST_012980,UNIQ_012980,76265,joao pessoa,PB
CUST_012981,UNIQ_012981,65638,cuiaba,MT
CUST_012982,UNIQ_012982,51950,salvador,BA
CUST_012983,UNIQ_012983,42346,joao pessoa,PB
CUST_012984,UNIQ_012984,54166,maceio,AL
CUST_012985,UNIQ_012985,24570,goiania,GO
CUST_012986,UNIQ_012986,81566,fortaleza,CE
CUST_012987,UNIQ_012987,68856,belo horizonte,MG
CUST_012988,UNIQ_012988,53190,joao pessoa,PB
CUST_012989,UNIQ_012989,27561,salvador,BA
CUST_012990,UNIQ_012990,87630,recife,PE
CUST_012991,UNIQ_012991,83765,florianopolis,SC
CUST_012992,UNIQ_012992,76412,joao pessoa,PB
CUST_012993,UNIQ_012993,54743,salvador,BA
CUST_012994,UNIQ_012994,44025,florianopolis,SC
CUST_012995,UNIQ_012995,59332,fortaleza,CE
CUST_012996,UNIQ_012996,98007,rio de janeiro,RJ
CUST_012997,UNIQ_012997,70536,porto velho,RO
CUST_012998,UNIQ_012998,39764,curitiba,PR
CUST_012999,UNIQ_012999,12472,natal,RN
CUST_013000,UNIQ_013000,48749,fortaleza,CE
CUST_013001,UNIQ_013001,67033,belem,PA
CUST_013002,UNIQ_013002,46724,florianopolis,SC
CUST_013003,UNIQ_013003,70630,teresina,PI
CUST_013004,UNIQ_013004,28526,campo grande,MS
CUST_013005,UNIQ_013005,56937,rio de janeiro,RJ
CUST_013006,UNIQ_013006,67873,belo horizonte,MG
CUST_013007,UNIQ_013007,13580,salvador,BA
CUST_013008,UNIQ_013008,36682,campo grande,MS
CUST_013009,UNIQ_013009,75541,rio de janeiro,RJ
CUST_013010,UNIQ_013010,26056,campo grande,MS
CUST_013011,UNIQ_013011,60367,florianopolis,SC
CUST_013012,UNIQ_013012,95503,porto alegre,RS
CUST_013013,UNIQ_013013,79672,joao pessoa,PB
CUST_013014,UNIQ_013014,73065,recife,PE
CUST_013015,UNIQ_013015,38378,rio de janeiro,RJ
CUST_013016,UNIQ_013016,73789,salvador,BA
CUST_013017,UNIQ_013017,50225,goiania,GO
CUST_013018,UNIQ_013018,79478,recife,PE
CUST_013019,UNIQ_013019,34341,sao paulo,SP
CUST_013020,UNIQ_013020,48863,campo grande,MS
CUST_013021,UNIQ_013021,49546,belo horizonte,MG
CUST_013022,UNIQ_013022,52508,aracaju,SE
CUST_013023,UNIQ_013023,98043,campo grande,MS
CUST_013024,UNIQ_013024,60242,curitiba,PR
CUST_013025,UNIQ_013025,31233,rio de janeiro,RJ
CUST_013026,UNIQ_013026,32643,cuiaba,MT
CUST_013027,UNIQ_013027,44021,goiania,GO
CUST_013028,UNIQ_013028,99817,natal,RN
CUST_013029,UNIQ_013029,62799,aracaju,SE
CUST_013030,UNIQ_013030,69096,fortaleza,CE
CUST_013031,UNIQ_013031,82745,curitiba,PR
CUST_013032,UNIQ_013032,49355,aracaju,SE
CUST_013033,UNIQ_013033,68811,rio de janeiro,RJ
CUST_013034,UNIQ_013034,66178,teresina,PI
CUST_013035,UNIQ_013035,27839,porto alegre,RS
CUST_013036,UNIQ_013036,68368,sao paulo,SP
CUST_013037,UNIQ_013037,99547,natal,RN
CUST_013038,UNIQ_013038,28850,manaus,AM
CUST_013039,UNIQ_013039,18860,joao pessoa,PB
CUST_013040,UNIQ_013040,54336,manaus,AM
CUST_013041,UNIQ_013041,81891,manaus,AM
CUST_013042,UNIQ_013042,72375,natal,RN
CUST_013043,UNIQ_013043,28135,teresina,PI
CUST_013044,UNIQ_013044,89133,florianopolis,SC
CUST_013045,UNIQ_013045,38559,fortaleza,CE
CUST_013046,UNIQ_013046,66523,aracaju,SE
CUST_013047,UNIQ_013047,72283,aracaju,SE
CUST_013048,UNIQ_013048,16831,porto velho,RO
CUST_013049,UNIQ_013049,98057,teresina,PI
CUST_013050,UNIQ_013050,44504,sao paulo,SP
CUST_013051,UNIQ_013051,78592,aracaju,SE
CUST_013052,UNIQ_013052,87505,natal,RN
CUST_013053,UNIQ_013053,33116,recife,PE
CUST_013054,UNIQ_013054,53857,rio de janeiro,RJ
CUST_013055,UNIQ_013055,40843,florianopolis,SC
CUST_013056,UNIQ_013056,10789,porto alegre,RS
CUST_013057,UNIQ_013057,13329,florianopolis,SC
CUST_013058,UNIQ_013058,89165,aracaju,SE
CUST_013059,UNIQ_013059,72162,fortaleza,CE
CUST_013060,UNIQ_013060,85721,manaus,AM
CUST_013061,UNIQ_013061,20984,teresina,PI
CUST_013062,UNIQ_013062,88142,goiania,GO
CUST_013063,UNIQ_013063,66238,campo grande,MS
CUST_013064,UNIQ_013064,11157,porto alegre,RS
CUST_013065,UNIQ_013065,35146,goiania,GO
CUST_013066,UNIQ_013066,63935,goiania,GO
CUST_013067,UNIQ_013067,17572,campo grande,MS
CUST_013068,UNIQ_013068,75561,joao pessoa,PB
CUST_013069,UNIQ_013069,70735,porto velho,RO
CUST_013070,UNIQ_013070,54433,joao pessoa,PB
CUST_013071,UNIQ_013071,43382,florianopolis,SC
CUST_013072,UNIQ_013072,67191,curitiba,PR
CUST_013073,UNIQ_013073,86899,belo horizonte,MG
CUST_013074,UNIQ_013074,41619,sao paulo,SP
CUST_013075,UNIQ_013075,44035,aracaju,SE
CUST_013076,UNIQ_013076,33714,fortaleza,CE
CUST_013077,UNIQ_013077,37532,joao pessoa,PB
CUST_013078,UNIQ_013078,27070,natal,RN
CUST_013079,UNIQ_013079,37032,campo grande,MS
CUST_013080,UNIQ_013080,17816,curitiba,PR
CUST_013081,UNIQ_013081,32995,curitiba,PR
CUST_013082,UNIQ_013082,73195,fortaleza,CE
CUST_013083,UNIQ_013083,23948,salvador,BA
CUST_013084,UNIQ_013084,70920,belo horizonte,MG
CUST_013085,UNIQ_013085,95360,florianopolis,SC
CUST_013086,UNIQ_013086,65827,joao pessoa,PB
CUST_013087,UNIQ_013087,25819,porto velho,RO
CUST_013088,UNIQ_013088,23973,joao pessoa,PB
CUST_013089,UNIQ_013089,31545,teresina,PI
CUST_013090,UNIQ_013090,48604,rio de janeiro,RJ
CUST_013091,UNIQ_013091,90843,curitiba,PR
CUST_013092,UNIQ_013092,58752,maceio,AL
CUST_013093,UNIQ_013093,47873,salvador,BA
CUST_013094,UNIQ_013094,82415,porto alegre,RS
CUST_013095,UNIQ_013095,85644,natal,RN
CUST_013096,UNIQ_013096,40499,maceio,AL
CUST_013097,UNIQ_013097,59125,rio de janeiro,RJ
CUST_013098,UNIQ_013098,23574,curitiba,PR
CUST_013099,UNIQ_013099,85836,teresina,PI
CUST_013100,UNIQ_013100,37175,sao paulo,SP
CUST_013101,UNIQ_013101,33484,cuiaba,MT
CUST_013102,UNIQ_013102,13878,curitiba,PR
CUST_013103,UNIQ_013103,64160,curitiba,PR
CUST_013104,UNIQ_013104,82036,cuiaba,MT
CUST_013105,UNIQ_013105,22537,sao paulo,SP
CUST_013106,UNIQ_013106,34167,porto alegre,RS
CUST_013107,UNIQ_013107,45210,natal,RN
CUST_013108,UNIQ_013108,20149,joao pessoa,PB
CUST_013109,UNIQ_013109,65352,rio de janeiro,RJ
CUST_013110,UNIQ_013110,13312,maceio,AL
CUST_013111,UNIQ_013111,69058,belo horizonte,MG
CUST_013112,UNIQ_013112,12533,campo grande,MS
CUST_013113,UNIQ_013113,20536,manaus,AM
CUST_013114,UNIQ_013114,35430,natal,RN
CUST_013115,UNIQ_013115,15156,campo grande,MS
CUST_013116,UNIQ_013116,99817,goiania,GO
CUST_013117,UNIQ_013117,14312,sao paulo,SP
CUST_013118,UNIQ_013118,86454,belem,PA
CUST_013119,UNIQ_013119,37351,manaus,AM
CUST_013120,UNIQ_013120,64167,curitiba,PR
CUST_013121,UNIQ_013121,34056,campo grande,MS
CUST_013122,UNIQ_013122,46655,porto alegre,RS
CUST_013123,UNIQ_013123,85703,natal,RN
CUST_013124,UNIQ_013124,24828,recife,PE
CUST_013125,UNIQ_013125,30959,campo grande,MS
CUST_013126,UNIQ_013126,46521,cuiaba,MT
CUST_013127,UNIQ_013127,66784,campo grande,MS
CUST_013128,UNIQ_013128,82772,recife,PE
CUST_013129,UNIQ_013129,80769,sao paulo,SP
CUST_013130,UNIQ_013130,83770,recife,PE
CUST_013131,UNIQ_013131,62127,rio de janeiro,RJ
CUST_013132,UNIQ_013132,44093,goiania,GO
CUST_013133,UNIQ_013133,30483,rio de janeiro,RJ
CUST_013134,UNIQ_013134,90711,florianopolis,SC
CUST_013135,UNIQ_013135,82095,porto velho,RO
CUST_013136,UNIQ_013136,24250,goiania,GO
CUST_013137,UNIQ_013137,38702,porto velho,RO
CUST_013138,UNIQ_013138,39473,porto velho,RO
CUST_013139,UNIQ_013139,70557,fortaleza,CE
CUST_013140,UNIQ_013140,74652,curitiba,PR
CUST_013141,UNIQ_013141,80899,curitiba,PR
CUST_013142,UNIQ_013142,30980,belo horizonte,MG
CUST_013143,UNIQ_013143,25449,cuiaba,MT
CUST_013144,UNIQ_013144,39125,natal,RN
CUST_013145,UNIQ_013145,95487,florianopolis,SC
CUST_013146,UNIQ_013146,49120,rio de janeiro,RJ
CUST_013147,UNIQ_013147,66261,cuiaba,MT
CUST_013148,UNIQ_013148,26441,rio de janeiro,RJ
CUST_013149,UNIQ_013149,65021,teresina,PI
CUST_013150,UNIQ_013150,61790,campo grande,MS
CUST_013151,UNIQ_013151,32497,goiania,GO
CUST_013152,UNIQ_013152,31784,campo grande,MS
CUST_013153,UNIQ_013153,94478,maceio,AL
CUST_013154,UNIQ_013154,56648,belem,PA
CUST_013155,UNIQ_013155,87085,manaus,AM
CUST_013156,UNIQ_013156,44704,joao pessoa,PB
CUST_013157,UNIQ_013157,92129,porto velho,RO
CUST_013158,UNIQ_013158,58973,cuiaba,MT
CUST_013159,UNIQ_013159,69328,sao paulo,SP
CUST_013160,UNIQ_013160,76278,sao paulo,SP
CUST_013161,UNIQ_013161,66996,maceio,AL
CUST_013162,UNIQ_013162,10365,belem,PA
CUST_013163,UNIQ_013163,74901,teresina,PI
CUST_013164,UNIQ_013164,64104,florianopolis,SC
CUST_013165,UNIQ_013165,32235,sao paulo,SP
CUST_013166,UNIQ_013166,81518,rio de janeiro,RJ
CUST_013167,UNIQ_013167,97176,sao paulo,SP
CUST_013168,UNIQ_013168,84061,salvador,BA
CUST_013169,UNIQ_013169,87990,curitiba,PR
CUST_013170,UNIQ_013170,31745,rio de janeiro,RJ
CUST_013171,UNIQ_013171,20191,curitiba,PR
CUST_013172,UNIQ_013172,49228,florianopolis,SC
CUST_013173,UNIQ_013173,91224,recife,PE
CUST_013174,UNIQ_013174,46633,rio de janeiro,RJ
CUST_013175,UNIQ_013175,81069,porto alegre,RS
CUST_013176,UNIQ_013176,14534,cuiaba,MT
CUST_013177,UNIQ_013177,39513,cuiaba,MT
CUST_013178,UNIQ_013178,30562,curitiba,PR
CUST_013179,UNIQ_013179,35221,florianopolis,SC
CUST_013180,UNIQ_013180,37038,recife,PE
CUST_013181,UNIQ_013181,10859,curitiba,PR
CUST_013182,UNIQ_013182,42070,curitiba,PR
CUST_013183,UNIQ_013183,18812,florianopolis,SC
CUST_013184,UNIQ_013184,30180,rio de janeiro,RJ
CUST_013185,UNIQ_013185,95455,florianopolis,SC
CUST_013186,UNIQ_013186,55095,goiania,GO
CUST_013187,UNIQ_013187,24879,rio de janeiro,RJ
CUST_013188,UNIQ_013188,39654,porto velho,RO
CUST_013189,UNIQ_013189,47182,goiania,GO
CUST_013190,UNIQ_013190,99515,goiania,GO
CUST_013191,UNIQ_013191,39627,rio de janeiro,RJ
CUST_013192,UNIQ_013192,86139,natal,RN
CUST_013193,UNIQ_013193,82664,aracaju,SE
CUST_013194,UNIQ_013194,47334,maceio,AL
CUST_013195,UNIQ_013195,91760,manaus,AM
CUST_013196,UNIQ_013196,42191,manaus,AM
CUST_013197,UNIQ_013197,31260,manaus,AM
CUST_013198,UNIQ_013198,42281,belem,PA
CUST_013199,UNIQ_013199,31392,natal,RN
CUST_013200,UNIQ_013200,65935,cuiaba,MT
CUST_013201,UNIQ_013201,10949,fortaleza,CE
CUST_013202,UNIQ_013202,13493,maceio,AL
CUST_013203,UNIQ_013203,83967,florianopolis,SC
CUST_013204,UNIQ_013204,94555,maceio,AL
CUST_013205,UNIQ_013205,26049,recife,PE
CUST_013206,UNIQ_013206,45319,fortaleza,CE
CUST_013207,UNIQ_013207,21857,porto alegre,RS
CUST_013208,UNIQ_013208,85993,curitiba,PR
CUST_013209,UNIQ_013209,68239,rio de janeiro,RJ
CUST_013210,UNIQ_013210,88439,goiania,GO
CUST_013211,UNIQ_013211,51032,natal,RN
CUST_013212,UNIQ_013212,88793,porto velho,RO
CUST_013213,UNIQ_013213,27550,porto velho,RO
CUST_013214,UNIQ_013214,25453,rio de janeiro,RJ
CUST_013215,UNIQ_013215,41814,fortaleza,CE
CUST_013216,UNIQ_013216,62623,joao pessoa,PB
CUST_013217,UNIQ_013217,19863,manaus,AM
CUST_013218,UNIQ_013218,70265,joao pessoa,PB
CUST_013219,UNIQ_013219,87070,belem,PA
CUST_013220,UNIQ_013220,46419,florianopolis,SC
CUST_013221,UNIQ_013221,18593,curitiba,PR
CUST_013222,UNIQ_013222,60322,sao paulo,SP
CUST_013223,UNIQ_013223,88026,curitiba,PR
CUST_013224,UNIQ_013224,94006,porto alegre,RS
CUST_013225,UNIQ_013225,84233,belo horizonte,MG
CUST_013226,UNIQ_013226,68738,manaus,AM
CUST_013227,UNIQ_013227,91544,goiania,GO
CUST_013228,UNIQ_013228,86802,salvador,BA
CUST_013229,UNIQ_013229,33699,fortaleza,CE
CUST_013230,UNIQ_013230,68502,natal,RN
CUST_013231,UNIQ_013231,40025,belo horizonte,MG
CUST_013232,UNIQ_013232,73126,salvador,BA
CUST_013233,UNIQ_013233,40424,florianopolis,SC
CUST_013234,UNIQ_013234,26791,natal,RN
CUST_013235,UNIQ_013235,45922,teresina,PI
CUST_013236,UNIQ_013236,51746,joao pessoa,PB
CUST_013237,UNIQ_013237,97527,fortaleza,CE
CUST_013238,UNIQ_013238,92517,aracaju,SE
CUST_013239,UNIQ_013239,43013,natal,RN
CUST_013240,UNIQ_013240,23485,natal,RN
CUST_013241,UNIQ_013241,13329,fortaleza,CE
CUST_013242,UNIQ_013242,65800,porto velho,RO
CUST_013243,UNIQ_013243,68794,salvador,BA
CUST_013244,UNIQ_013244,13466,recife,PE
CUST_013245,UNIQ_013245,84852,sao paulo,SP
CUST_013246,UNIQ_013246,30753,cuiaba,MT
CUST_013247,UNIQ_013247,45203,maceio,AL
CUST_013248,UNIQ_013248,28013,goiania,GO
CUST_013249,UNIQ_013249,18006,porto alegre,RS
CUST_013250,UNIQ_013250,31786,manaus,AM
CUST_013251,UNIQ_013251,18230,salvador,BA
CUST_013252,UNIQ_013252,40182,florianopolis,SC
CUST_013253,UNIQ_013253,56481,goiania,GO
CUST_013254,UNIQ_013254,51654,sao paulo,SP
CUST_013255,UNIQ_013255,45508,salvador,BA
CUST_013256,UNIQ_013256,28294,manaus,AM
CUST_013257,UNIQ_013257,86269,salvador,BA
CUST_013258,UNIQ_013258,49257,salvador,BA
CUST_013259,UNIQ_013259,97318,recife,PE
CUST_013260,UNIQ_013260,77819,rio de janeiro,RJ
CUST_013261,UNIQ_013261,73584,campo grande,MS
CUST_013262,UNIQ_013262,70423,cuiaba,MT
CUST_013263,UNIQ_013263,44200,fortaleza,CE
CUST_013264,UNIQ_013264,89359,campo grande,MS
CUST_013265,UNIQ_013265,59068,fortaleza,CE
CUST_013266,UNIQ_013266,27208,porto alegre,RS
CUST_013267,UNIQ_013267,22245,fortaleza,CE
CUST_013268,UNIQ_013268,81467,aracaju,SE
CUST_013269,UNIQ_013269,43341,recife,PE
CUST_013270,UNIQ_013270,80739,goiania,GO
CUST_013271,UNIQ_013271,87424,salvador,BA
CUST_013272,UNIQ_013272,10973,curitiba,PR
CUST_013273,UNIQ_013273,81136,belem,PA
CUST_013274,UNIQ_013274,74571,joao pessoa,PB
CUST_013275,UNIQ_013275,66547,rio de janeiro,RJ
CUST_013276,UNIQ_013276,93105,joao pessoa,PB
CUST_013277,UNIQ_013277,85311,natal,RN
CUST_013278,UNIQ_013278,37390,manaus,AM
CUST_013279,UNIQ_013279,32302,recife,PE
CUST_013280,UNIQ_013280,87275,cuiaba,MT
CUST_013281,UNIQ_013281,66360,maceio,AL
CUST_013282,UNIQ_013282,22487,florianopolis,SC
CUST_013283,UNIQ_013283,90938,florianopolis,SC
CUST_013284,UNIQ_013284,31748,rio de janeiro,RJ
CUST_013285,UNIQ_013285,71246,goiania,GO
CUST_013286,UNIQ_013286,97230,maceio,AL
CUST_013287,UNIQ_013287,66792,belem,PA
CUST_013288,UNIQ_013288,17514,porto alegre,RS
CUST_013289,UNIQ_013289,53718,aracaju,SE
CUST_013290,UNIQ_013290,57091,aracaju,SE
CUST_013291,UNIQ_013291,79521,aracaju,SE
CUST_013292,UNIQ_013292,80973,manaus,AM
CUST_013293,UNIQ_013293,52026,curitiba,PR
CUST_013294,UNIQ_013294,72629,teresina,PI
CUST_013295,UNIQ_013295,63022,fortaleza,CE
CUST_013296,UNIQ_013296,12357,curitiba,PR
CUST_013297,UNIQ_013297,44881,aracaju,SE
CUST_013298,UNIQ_013298,73210,natal,RN
CUST_013299,UNIQ_013299,96305,fortaleza,CE
CUST_013300,UNIQ_013300,32057,cuiaba,MT
CUST_013301,UNIQ_013301,49995,florianopolis,SC
CUST_013302,UNIQ_013302,93577,manaus,AM
CUST_013303,UNIQ_013303,58920,goiania,GO
CUST_013304,UNIQ_013304,86756,belo horizonte,MG
CUST_013305,UNIQ_013305,32121,natal,RN
CUST_013306,UNIQ_013306,30843,maceio,AL
CUST_013307,UNIQ_013307,34060,curitiba,PR
CUST_013308,UNIQ_013308,11130,florianopolis,SC
CUST_013309,UNIQ_013309,79898,salvador,BA
CUST_013310,UNIQ_013310,56224,curitiba,PR
CUST_013311,UNIQ_013311,32020,natal,RN
CUST_013312,UNIQ_013312,68618,belem,PA
CUST_013313,UNIQ_013313,82413,curitiba,PR
CUST_013314,UNIQ_013314,34733,teresina,PI
CUST_013315,UNIQ_013315,43023,cuiaba,MT
CUST_013316,UNIQ_013316,94688,curitiba,PR
CUST_013317,UNIQ_013317,21880,sao paulo,SP
CUST_013318,UNIQ_013318,31302,curitiba,PR
CUST_013319,UNIQ_013319,45851,recife,PE
CUST_013320,UNIQ_013320,47679,belo horizonte,MG
CUST_013321,UNIQ_013321,85156,cuiaba,MT
CUST_013322,UNIQ_013322,87859,curitiba,PR
CUST_013323,UNIQ_013323,11762,sao paulo,SP
CUST_013324,UNIQ_013324,95868,porto velho,RO
CUST_013325,UNIQ_013325,61697,teresina,PI
CUST_013326,UNIQ_013326,68115,curitiba,PR
CUST_013327,UNIQ_013327,27613,rio de janeiro,RJ
CUST_013328,UNIQ_013328,62232,teresina,PI
CUST_013329,UNIQ_013329,44377,sao paulo,SP
CUST_013330,UNIQ_013330,16896,goiania,GO
CUST_013331,UNIQ_013331,57357,cuiaba,MT
CUST_013332,UNIQ_013332,35454,teresina,PI
CUST_013333,UNIQ_013333,18749,curitiba,PR
CUST_013334,UNIQ_013334,47360,joao pessoa,PB
CUST_013335,UNIQ_013335,12459,rio de janeiro,RJ
CUST_013336,UNIQ_013336,90546,recife,PE
CUST_013337,UNIQ_013337,16540,belo horizonte,MG
CUST_013338,UNIQ_013338,85356,belo horizonte,MG
CUST_013339,UNIQ_013339,42192,recife,PE
CUST_013340,UNIQ_013340,36318,florianopolis,SC
CUST_013341,UNIQ_013341,91158,maceio,AL
CUST_013342,UNIQ_013342,27625,curitiba,PR
CUST_013343,UNIQ_013343,49043,curitiba,PR
CUST_013344,UNIQ_013344,22274,campo grande,MS
CUST_013345,UNIQ_013345,87579,belo horizonte,MG
CUST_013346,UNIQ_013346,60111,recife,PE
CUST_013347,UNIQ_013347,16131,sao paulo,SP
CUST_013348,UNIQ_013348,12787,teresina,PI
CUST_013349,UNIQ_013349,28817,aracaju,SE
CUST_013350,UNIQ_013350,73681,campo grande,MS
CUST_013351,UNIQ_013351,51991,rio de janeiro,RJ
CUST_013352,UNIQ_013352,46829,natal,RN
CUST_013353,UNIQ_013353,24535,natal,RN
CUST_013354,UNIQ_013354,17194,teresina,PI
CUST_013355,UNIQ_013355,67137,joao pessoa,PB
CUST_013356,UNIQ_013356,61238,fortaleza,CE
CUST_013357,UNIQ_013357,38624,belem,PA
CUST_013358,UNIQ_013358,56397,aracaju,SE
CUST_013359,UNIQ_013359,11930,sao paulo,SP
CUST_013360,UNIQ_013360,52672,cuiaba,MT
CUST_013361,UNIQ_013361,70690,recife,PE
CUST_013362,UNIQ_013362,36199,curitiba,PR
CUST_013363,UNIQ_013363,65529,porto alegre,RS
CUST_013364,UNIQ_013364,68286,belo horizonte,MG
CUST_013365,UNIQ_013365,96381,teresina,PI
CUST_013366,UNIQ_013366,39220,fortaleza,CE
CUST_013367,UNIQ_013367,36946,salvador,BA
CUST_013368,UNIQ_013368,63787,manaus,AM
CUST_013369,UNIQ_013369,11629,salvador,BA
CUST_013370,UNIQ_013370,43944,porto velho,RO
CUST_013371,UNIQ_013371,22209,belem,PA
CUST_013372,UNIQ_013372,49278,teresina,PI
CUST_013373,UNIQ_013373,36220,fortaleza,CE
CUST_013374,UNIQ_013374,60998,salvador,BA
CUST_013375,UNIQ_013375,46178,florianopolis,SC
CUST_013376,UNIQ_013376,25244,belem,PA
CUST_013377,UNIQ_013377,70262,manaus,AM
CUST_013378,UNIQ_013378,70807,curitiba,PR
CUST_013379,UNIQ_013379,96309,joao pessoa,PB
CUST_013380,UNIQ_013380,78597,natal,RN
CUST_013381,UNIQ_013381,72470,florianopolis,SC
CUST_013382,UNIQ_013382,14147,teresina,PI
CUST_013383,UNIQ_013383,37319,teresina,PI
CUST_013384,UNIQ_013384,89220,porto alegre,RS
CUST_013385,UNIQ_013385,33600,belem,PA
CUST_013386,UNIQ_013386,15898,porto velho,RO
CUST_013387,UNIQ_013387,66173,porto alegre,RS
CUST_013388,UNIQ_013388,72047,belo horizonte,MG
CUST_013389,UNIQ_013389,54588,goiania,GO
CUST_013390,UNIQ_013390,77056,salvador,BA
CUST_013391,UNIQ_013391,67852,maceio,AL
CUST_013392,UNIQ_013392,21343,sao paulo,SP
CUST_013393,UNIQ_013393,91228,joao pessoa,PB
CUST_013394,UNIQ_013394,84007,porto velho,RO
CUST_013395,UNIQ_013395,32601,manaus,AM
CUST_013396,UNIQ_013396,33953,belem,PA
CUST_013397,UNIQ_013397,32111,rio de janeiro,RJ
CUST_013398,UNIQ_013398,83447,belem,PA
CUST_013399,UNIQ_013399,68365,recife,PE
CUST_013400,UNIQ_013400,44944,belem,PA
CUST_013401,UNIQ_013401,20193,porto alegre,RS
CUST_013402,UNIQ_013402,32048,joao pessoa,PB
CUST_013403,UNIQ_013403,45214,recife,PE
CUST_013404,UNIQ_013404,66151,florianopolis,SC
CUST_013405,UNIQ_013405,35738,goiania,GO
CUST_013406,UNIQ_013406,60950,aracaju,SE
CUST_013407,UNIQ_013407,43492,cuiaba,MT
CUST_013408,UNIQ_013408,84746,campo grande,MS
CUST_013409,UNIQ_013409,31693,sao paulo,SP
CUST_013410,UNIQ_013410,48459,florianopolis,SC
CUST_013411,UNIQ_013411,58460,maceio,AL
CUST_013412,UNIQ_013412,59610,recife,PE
CUST_013413,UNIQ_013413,64790,fortaleza,CE
CUST_013414,UNIQ_013414,84425,maceio,AL
CUST_013415,UNIQ_013415,46814,rio de janeiro,RJ
CUST_013416,UNIQ_013416,32669,campo grande,MS
CUST_013417,UNIQ_013417,77596,manaus,AM
CUST_013418,UNIQ_013418,44894,teresina,PI
CUST_013419,UNIQ_013419,95568,belo horizonte,MG
CUST_013420,UNIQ_013420,10421,sao paulo,SP
CUST_013421,UNIQ_013421,54420,porto velho,RO
CUST_013422,UNIQ_013422,75648,recife,PE
CUST_013423,UNIQ_013423,92027,goiania,GO
CUST_013424,UNIQ_013424,73138,goiania,GO
CUST_013425,UNIQ_013425,32856,porto alegre,RS
CUST_013426,UNIQ_013426,61224,belo horizonte,MG
CUST_013427,UNIQ_013427,40730,porto alegre,RS
CUST_013428,UNIQ_013428,87328,goiania,GO
CUST_013429,UNIQ_013429,12097,porto velho,RO
CUST_013430,UNIQ_013430,86225,rio de janeiro,RJ
CUST_013431,UNIQ_013431,72515,recife,PE
CUST_013432,UNIQ_013432,20178,maceio,AL
CUST_013433,UNIQ_013433,98075,porto alegre,RS
CUST_013434,UNIQ_013434,16541,teresina,PI
CUST_013435,UNIQ_013435,74058,belem,PA
CUST_013436,UNIQ_013436,22302,teresina,PI
CUST_013437,UNIQ_013437,39114,belem,PA
CUST_013438,UNIQ_013438,76216,campo grande,MS
CUST_013439,UNIQ_013439,44330,aracaju,SE
CUST_013440,UNIQ_013440,37823,porto alegre,RS
CUST_013441,UNIQ_013441,16714,campo grande,MS
CUST_013442,UNIQ_013442,59175,natal,RN
CUST_013443,UNIQ_013443,81071,belo horizonte,MG
CUST_013444,UNIQ_013444,95436,campo grande,MS
CUST_013445,UNIQ_013445,64478,florianopolis,SC
CUST_013446,UNIQ_013446,64276,porto alegre,RS
CUST_013447,UNIQ_013447,27219,campo grande,MS
CUST_013448,UNIQ_013448,40649,natal,RN
CUST_013449,UNIQ_013449,82542,natal,RN
CUST_013450,UNIQ_013450,58200,belo horizonte,MG
CUST_013451,UNIQ_013451,21420,belem,PA
CUST_013452,UNIQ_013452,58859,aracaju,SE
CUST_013453,UNIQ_013453,89813,aracaju,SE
CUST_013454,UNIQ_013454,14398,cuiaba,MT
CUST_013455,UNIQ_013455,29549,rio de janeiro,RJ
CUST_013456,UNIQ_013456,72308,campo grande,MS
CUST_013457,UNIQ_013457,85610,curitiba,PR
CUST_013458,UNIQ_013458,11453,salvador,BA
CUST_013459,UNIQ_013459,50378,aracaju,SE
CUST_013460,UNIQ_013460,15375,goiania,GO
CUST_013461,UNIQ_013461,95172,campo grande,MS
CUST_013462,UNIQ_013462,60470,maceio,AL
CUST_013463,UNIQ_013463,48018,sao paulo,SP
CUST_013464,UNIQ_013464,57623,recife,PE
CUST_013465,UNIQ_013465,66151,teresina,PI
CUST_013466,UNIQ_013466,54231,rio de janeiro,RJ
CUST_013467,UNIQ_013467,39870,rio de janeiro,RJ
CUST_013468,UNIQ_013468,68223,recife,PE
CUST_013469,UNIQ_013469,65680,porto alegre,RS
CUST_013470,UNIQ_013470,76741,cuiaba,MT
CUST_013471,UNIQ_013471,37692,recife,PE
CUST_013472,UNIQ_013472,61951,sao paulo,SP
CUST_013473,UNIQ_013473,94490,joao pessoa,PB
CUST_013474,UNIQ_013474,97277,campo grande,MS
CUST_013475,UNIQ_013475,12916,manaus,AM
CUST_013476,UNIQ_013476,71735,natal,RN
CUST_013477,UNIQ_013477,81826,salvador,BA
CUST_013478,UNIQ_013478,33990,fortaleza,CE
CUST_013479,UNIQ_013479,65132,curitiba,PR
CUST_013480,UNIQ_013480,72308,teresina,PI
CUST_013481,UNIQ_013481,94197,cuiaba,MT
CUST_013482,UNIQ_013482,20653,porto alegre,RS
CUST_013483,UNIQ_013483,12116,porto velho,RO
CUST_013484,UNIQ_013484,69260,aracaju,SE
CUST_013485,UNIQ_013485,94809,aracaju,SE
CUST_013486,UNIQ_013486,66479,aracaju,SE
CUST_013487,UNIQ_013487,38577,goiania,GO
CUST_013488,UNIQ_013488,53186,aracaju,SE
CUST_013489,UNIQ_013489,16119,porto velho,RO
CUST_013490,UNIQ_013490,71699,natal,RN
CUST_013491,UNIQ_013491,85057,manaus,AM
CUST_013492,UNIQ_013492,36784,teresina,PI
CUST_013493,UNIQ_013493,99094,belem,PA
CUST_013494,UNIQ_013494,77506,curitiba,PR
CUST_013495,UNIQ_013495,76022,porto velho,RO
CUST_013496,UNIQ_013496,62403,joao pessoa,PB
CUST_013497,UNIQ_013497,51276,sao paulo,SP
CUST_013498,UNIQ_013498,12871,goiania,GO
CUST_013499,UNIQ_013499,84842,belem,PA
CUST_013500,UNIQ_013500,28218,fortaleza,CE
CUST_013501,UNIQ_013501,69691,salvador,BA
CUST_013502,UNIQ_013502,44388,rio de janeiro,RJ
CUST_013503,UNIQ_013503,65389,maceio,AL
CUST_013504,UNIQ_013504,81442,belo horizonte,MG
CUST_013505,UNIQ_013505,99495,natal,RN
CUST_013506,UNIQ_013506,13898,campo grande,MS
CUST_013507,UNIQ_013507,61216,teresina,PI
CUST_013508,UNIQ_013508,34486,manaus,AM
CUST_013509,UNIQ_013509,19139,rio de janeiro,RJ
CUST_013510,UNIQ_013510,31346,natal,RN
CUST_013511,UNIQ_013511,98626,cuiaba,MT
CUST_013512,UNIQ_013512,72202,sao paulo,SP
CUST_013513,UNIQ_013513,86050,manaus,AM
CUST_013514,UNIQ_013514,33240,cuiaba,MT
CUST_013515,UNIQ_013515,90702,aracaju,SE
CUST_013516,UNIQ_013516,98198,belo horizonte,MG
CUST_013517,UNIQ_013517,80321,cuiaba,MT
CUST_013518,UNIQ_013518,74295,curitiba,PR
CUST_013519,UNIQ_013519,83643,salvador,BA
CUST_013520,UNIQ_013520,64877,fortaleza,CE
CUST_013521,UNIQ_013521,36748,goiania,GO
CUST_013522,UNIQ_013522,70771,recife,PE
CUST_013523,UNIQ_013523,69970,belo horizonte,MG
CUST_013524,UNIQ_013524,79978,sao paulo,SP
CUST_013525,UNIQ_013525,50365,teresina,PI
CUST_013526,UNIQ_013526,44395,porto velho,RO
CUST_013527,UNIQ_013527,63113,curitiba,PR
CUST_013528,UNIQ_013528,48264,cuiaba,MT
CUST_013529,UNIQ_013529,13959,curitiba,PR
CUST_013530,UNIQ_013530,87510,manaus,AM
CUST_013531,UNIQ_013531,97145,maceio,AL
CUST_013532,UNIQ_013532,21416,recife,PE
CUST_013533,UNIQ_013533,52838,recife,PE
CUST_013534,UNIQ_013534,93851,belem,PA
CUST_013535,UNIQ_013535,12526,porto velho,RO
CUST_013536,UNIQ_013536,46998,salvador,BA
CUST_013537,UNIQ_013537,84131,florianopolis,SC
CUST_013538,UNIQ_013538,64859,porto velho,RO
CUST_013539,UNIQ_013539,13510,campo grande,MS
CUST_013540,UNIQ_013540,88487,natal,RN
CUST_013541,UNIQ_013541,18324,curitiba,PR
CUST_013542,UNIQ_013542,54561,porto velho,RO
CUST_013543,UNIQ_013543,67565,maceio,AL
CUST_013544,UNIQ_013544,10261,manaus,AM
CUST_013545,UNIQ_013545,43877,florianopolis,SC
CUST_013546,UNIQ_013546,79533,porto velho,RO
CUST_013547,UNIQ_013547,45593,curitiba,PR
CUST_013548,UNIQ_013548,83585,recife,PE
CUST_013549,UNIQ_013549,46429,aracaju,SE
CUST_013550,UNIQ_013550,17117,recife,PE
CUST_013551,UNIQ_013551,98905,fortaleza,CE
CUST_013552,UNIQ_013552,71067,belo horizonte,MG
CUST_013553,UNIQ_013553,24633,maceio,AL
CUST_013554,UNIQ_013554,71797,teresina,PI
CUST_013555,UNIQ_013555,10731,aracaju,SE
CUST_013556,UNIQ_013556,93101,natal,RN
CUST_013557,UNIQ_013557,94003,natal,RN
CUST_013558,UNIQ_013558,96943,porto alegre,RS
CUST_013559,UNIQ_013559,98840,recife,PE
CUST_013560,UNIQ_013560,55054,salvador,BA
CUST_013561,UNIQ_013561,86008,aracaju,SE
CUST_013562,UNIQ_013562,23494,rio de janeiro,RJ
CUST_013563,UNIQ_013563,95261,natal,RN
CUST_013564,UNIQ_013564,86142,porto alegre,RS
CUST_013565,UNIQ_013565,95727,fortaleza,CE
CUST_013566,UNIQ_013566,22209,aracaju,SE
CUST_013567,UNIQ_013567,10193,goiania,GO
CUST_013568,UNIQ_013568,68820,manaus,AM
CUST_013569,UNIQ_013569,24999,rio de janeiro,RJ
CUST_013570,UNIQ_013570,17130,joao pessoa,PB
CUST_013571,UNIQ_013571,30457,porto velho,RO
CUST_013572,UNIQ_013572,92681,teresina,PI
CUST_013573,UNIQ_013573,15574,belem,PA
CUST_013574,UNIQ_013574,16281,campo grande,MS
CUST_013575,UNIQ_013575,14074,manaus,AM
CUST_013576,UNIQ_013576,92457,aracaju,SE
CUST_013577,UNIQ_013577,14121,maceio,AL
CUST_013578,UNIQ_013578,93967,aracaju,SE
CUST_013579,UNIQ_013579,69540,belo horizonte,MG
CUST_013580,UNIQ_013580,62705,curitiba,PR
CUST_013581,UNIQ_013581,79296,fortaleza,CE
CUST_013582,UNIQ_013582,88726,curitiba,PR
CUST_013583,UNIQ_013583,82124,teresina,PI
CUST_013584,UNIQ_013584,95364,curitiba,PR
CUST_013585,UNIQ_013585,49209,belem,PA
CUST_013586,UNIQ_013586,52762,aracaju,SE
CUST_013587,UNIQ_013587,96574,sao paulo,SP
CUST_013588,UNIQ_013588,69984,sao paulo,SP
CUST_013589,UNIQ_013589,77677,fortaleza,CE
CUST_013590,UNIQ_013590,96477,aracaju,SE
CUST_013591,UNIQ_013591,54417,cuiaba,MT
CUST_013592,UNIQ_013592,34097,cuiaba,MT
CUST_013593,UNIQ_013593,92751,campo grande,MS
CUST_013594,UNIQ_013594,21641,porto alegre,RS
CUST_013595,UNIQ_013595,64912,belo horizonte,MG
CUST_013596,UNIQ_013596,10286,maceio,AL
CUST_013597,UNIQ_013597,87638,teresina,PI
CUST_013598,UNIQ_013598,88622,salvador,BA
CUST_013599,UNIQ_013599,24441,natal,RN
CUST_013600,UNIQ_013600,71898,curitiba,PR
CUST_013601,UNIQ_013601,61368,natal,RN
CUST_013602,UNIQ_013602,12038,fortaleza,CE
CUST_013603,UNIQ_013603,14337,maceio,AL
CUST_013604,UNIQ_013604,27494,aracaju,SE
CUST_013605,UNIQ_013605,41471,sao paulo,SP
CUST_013606,UNIQ_013606,25734,porto velho,RO
CUST_013607,UNIQ_013607,17447,campo grande,MS
CUST_013608,UNIQ_013608,65217,curitiba,PR
CUST_013609,UNIQ_013609,98148,manaus,AM
CUST_013610,UNIQ_013610,46780,porto alegre,RS
CUST_013611,UNIQ_013611,38618,porto alegre,RS
CUST_013612,UNIQ_013612,87969,goiania,GO
CUST_013613,UNIQ_013613,92603,natal,RN
CUST_013614,UNIQ_013614,94138,curitiba,PR
CUST_013615,UNIQ_013615,53779,porto alegre,RS
CUST_013616,UNIQ_013616,99190,aracaju,SE
CUST_013617,UNIQ_013617,10769,joao pessoa,PB
CUST_013618,UNIQ_013618,33415,belo horizonte,MG
CUST_013619,UNIQ_013619,48697,sao paulo,SP
CUST_013620,UNIQ_013620,49093,fortaleza,CE
CUST_013621,UNIQ_013621,96196,curitiba,PR
CUST_013622,UNIQ_013622,38173,florianopolis,SC
CUST_013623,UNIQ_013623,88206,teresina,PI
CUST_013624,UNIQ_013624,86751,sao paulo,SP
CUST_013625,UNIQ_013625,30474,belo horizonte,MG
CUST_013626,UNIQ_013626,70100,recife,PE
CUST_013627,UNIQ_013627,42590,florianopolis,SC
CUST_013628,UNIQ_013628,33938,sao paulo,SP
CUST_013629,UNIQ_013629,44899,maceio,AL
CUST_013630,UNIQ_013630,69159,cuiaba,MT
CUST_013631,UNIQ_013631,17706,natal,RN
CUST_013632,UNIQ_013632,89959,recife,PE
CUST_013633,UNIQ_013633,95069,natal,RN
CUST_013634,UNIQ_013634,10100,campo grande,MS
CUST_013635,UNIQ_013635,48488,fortaleza,CE
CUST_013636,UNIQ_013636,59208,recife,PE
CUST_013637,UNIQ_013637,27427,goiania,GO
CUST_013638,UNIQ_013638,15508,belem,PA
CUST_013639,UNIQ_013639,56512,florianopolis,SC
CUST_013640,UNIQ_013640,65694,recife,PE
CUST_013641,UNIQ_013641,75697,porto alegre,RS
CUST_013642,UNIQ_013642,79833,belo horizonte,MG
CUST_013643,UNIQ_013643,58131,campo grande,MS
CUST_013644,UNIQ_013644,99085,porto alegre,RS
CUST_013645,UNIQ_013645,41859,sao paulo,SP
CUST_013646,UNIQ_013646,45648,natal,RN
CUST_013647,UNIQ_013647,81668,aracaju,SE
CUST_013648,UNIQ_013648,25578,fortaleza,CE
CUST_013649,UNIQ_013649,84705,florianopolis,SC
CUST_013650,UNIQ_013650,75327,campo grande,MS
CUST_013651,UNIQ_013651,77865,recife,PE
CUST_013652,UNIQ_013652,46234,florianopolis,SC
CUST_013653,UNIQ_013653,63885,natal,RN
CUST_013654,UNIQ_013654,35897,fortaleza,CE
CUST_013655,UNIQ_013655,40254,fortaleza,CE
CUST_013656,UNIQ_013656,15038,teresina,PI
CUST_013657,UNIQ_013657,62852,natal,RN
CUST_013658,UNIQ_013658,89209,campo grande,MS
CUST_013659,UNIQ_013659,79329,porto velho,RO
CUST_013660,UNIQ_013660,47185,teresina,PI
CUST_013661,UNIQ_013661,19658,cuiaba,MT
CUST_013662,UNIQ_013662,58867,fortaleza,CE
CUST_013663,UNIQ_013663,50686,cuiaba,MT
CUST_013664,UNIQ_013664,73517,cuiaba,MT
CUST_013665,UNIQ_013665,27680,curitiba,PR
CUST_013666,UNIQ_013666,43629,rio de janeiro,RJ
CUST_013667,UNIQ_013667,89276,curitiba,PR
CUST_013668,UNIQ_013668,60718,aracaju,SE
CUST_013669,UNIQ_013669,31729,curitiba,PR
CUST_013670,UNIQ_013670,83882,teresina,PI
CUST_013671,UNIQ_013671,26883,porto velho,RO
CUST_013672,UNIQ_013672,60309,sao paulo,SP
CUST_013673,UNIQ_013673,62186,teresina,PI
CUST_013674,UNIQ_013674,69468,belo horizonte,MG
CUST_013675,UNIQ_013675,86468,cuiaba,MT
CUST_013676,UNIQ_013676,33189,teresina,PI
CUST_013677,UNIQ_013677,55187,manaus,AM
CUST_013678,UNIQ_013678,89989,natal,RN
CUST_013679,UNIQ_013679,88750,cuiaba,MT
CUST_013680,UNIQ_013680,87068,fortaleza,CE
CUST_013681,UNIQ_013681,81848,porto velho,RO
CUST_013682,UNIQ_013682,38224,recife,PE
CUST_013683,UNIQ_013683,82462,goiania,GO
CUST_013684,UNIQ_013684,62404,joao pessoa,PB
CUST_013685,UNIQ_013685,77471,maceio,AL
CUST_013686,UNIQ_013686,74937,campo grande,MS
CUST_013687,UNIQ_013687,90073,campo grande,MS
CUST_013688,UNIQ_013688,58780,curitiba,PR
CUST_013689,UNIQ_013689,11619,teresina,PI
CUST_013690,UNIQ_013690,25914,belem,PA
CUST_013691,UNIQ_013691,43398,recife,PE
CUST_013692,UNIQ_013692,32631,aracaju,SE
CUST_013693,UNIQ_013693,78584,rio de janeiro,RJ
CUST_013694,UNIQ_013694,89692,porto alegre,RS
CUST_013695,UNIQ_013695,22536,recife,PE
CUST_013696,UNIQ_013696,36233,goiania,GO
CUST_013697,UNIQ_013697,79190,porto velho,RO
CUST_013698,UNIQ_013698,88576,manaus,AM
CUST_013699,UNIQ_013699,30284,belo horizonte,MG
CUST_013700,UNIQ_013700,62750,fortaleza,CE
CUST_013701,UNIQ_013701,13844,sao paulo,SP
CUST_013702,UNIQ_013702,18716,sao paulo,SP
CUST_013703,UNIQ_013703,48992,belem,PA
CUST_013704,UNIQ_013704,95507,rio de janeiro,RJ
CUST_013705,UNIQ_013705,62284,campo grande,MS
CUST_013706,UNIQ_013706,90863,fortaleza,CE
CUST_013707,UNIQ_013707,49971,belo horizonte,MG
CUST_013708,UNIQ_013708,14424,recife,PE
CUST_013709,UNIQ_013709,83927,belem,PA
CUST_013710,UNIQ_013710,38537,belo horizonte,MG
CUST_013711,UNIQ_013711,25493,belem,PA
CUST_013712,UNIQ_013712,36755,sao paulo,SP
CUST_013713,UNIQ_013713,85354,aracaju,SE
CUST_013714,UNIQ_013714,52126,joao pessoa,PB
CUST_013715,UNIQ_013715,93305,fortaleza,CE
CUST_013716,UNIQ_013716,71613,maceio,AL
CUST_013717,UNIQ_013717,14347,fortaleza,CE
CUST_013718,UNIQ_013718,90333,cuiaba,MT
CUST_013719,UNIQ_013719,66987,maceio,AL
CUST_013720,UNIQ_013720,97996,goiania,GO
CUST_013721,UNIQ_013721,48944,natal,RN
CUST_013722,UNIQ_013722,97441,curitiba,PR
CUST_013723,UNIQ_013723,48908,fortaleza,CE
CUST_013724,UNIQ_013724,53189,sao paulo,SP
CUST_013725,UNIQ_013725,95061,porto velho,RO
CUST_013726,UNIQ_013726,17289,fortaleza,CE
CUST_013727,UNIQ_013727,33940,aracaju,SE
CUST_013728,UNIQ_013728,54149,recife,PE
CUST_013729,UNIQ_013729,14060,recife,PE
CUST_013730,UNIQ_013730,73501,cuiaba,MT
CUST_013731,UNIQ_013731,66112,teresina,PI
CUST_013732,UNIQ_013732,23409,porto velho,RO
CUST_013733,UNIQ_013733,44212,porto velho,RO
CUST_013734,UNIQ_013734,91322,maceio,AL
CUST_013735,UNIQ_013735,26397,natal,RN
CUST_013736,UNIQ_013736,81460,cuiaba,MT
CUST_013737,UNIQ_013737,95070,rio de janeiro,RJ
CUST_013738,UNIQ_013738,62730,florianopolis,SC
CUST_013739,UNIQ_013739,27263,maceio,AL
CUST_013740,UNIQ_013740,21164,sao paulo,SP
CUST_013741,UNIQ_013741,96360,joao pessoa,PB
CUST_013742,UNIQ_013742,42244,florianopolis,SC
CUST_013743,UNIQ_013743,68794,sao paulo,SP
CUST_013744,UNIQ_013744,63541,porto velho,RO
CUST_013745,UNIQ_013745,23173,teresina,PI
CUST_013746,UNIQ_013746,66441,aracaju,SE
CUST_013747,UNIQ_013747,53673,cuiaba,MT
CUST_013748,UNIQ_013748,30045,joao pessoa,PB
CUST_013749,UNIQ_013749,10881,belem,PA
CUST_013750,UNIQ_013750,42493,belem,PA
CUST_013751,UNIQ_013751,74323,belem,PA
CUST_013752,UNIQ_013752,25796,porto alegre,RS
CUST_013753,UNIQ_013753,51679,curitiba,PR
CUST_013754,UNIQ_013754,19508,recife,PE
CUST_013755,UNIQ_013755,73197,manaus,AM
CUST_013756,UNIQ_013756,51385,porto velho,RO
CUST_013757,UNIQ_013757,22705,natal,RN
CUST_013758,UNIQ_013758,16793,sao paulo,SP
CUST_013759,UNIQ_013759,74250,joao pessoa,PB
CUST_013760,UNIQ_013760,35749,joao pessoa,PB
CUST_013761,UNIQ_013761,19604,curitiba,PR
CUST_013762,UNIQ_013762,55824,joao pessoa,PB
CUST_013763,UNIQ_013763,39590,rio de janeiro,RJ
CUST_013764,UNIQ_013764,21293,teresina,PI
CUST_013765,UNIQ_013765,96932,cuiaba,MT
CUST_013766,UNIQ_013766,15896,curitiba,PR
CUST_013767,UNIQ_013767,53715,fortaleza,CE
CUST_013768,UNIQ_013768,86523,porto velho,RO
CUST_013769,UNIQ_013769,19303,porto velho,RO
CUST_013770,UNIQ_013770,35988,cuiaba,MT
CUST_013771,UNIQ_013771,73475,aracaju,SE
CUST_013772,UNIQ_013772,37520,manaus,AM
CUST_013773,UNIQ_013773,15284,campo grande,MS
CUST_013774,UNIQ_013774,49094,manaus,AM
CUST_013775,UNIQ_013775,48525,curitiba,PR
CUST_013776,UNIQ_013776,46052,belem,PA
CUST_013777,UNIQ_013777,47566,campo grande,MS
CUST_013778,UNIQ_013778,89814,maceio,AL
CUST_013779,UNIQ_013779,45511,sao paulo,SP
CUST_013780,UNIQ_013780,66525,joao pessoa,PB
CUST_013781,UNIQ_013781,68186,sao paulo,SP
CUST_013782,UNIQ_013782,64523,maceio,AL
CUST_013783,UNIQ_013783,39555,fortaleza,CE
CUST_013784,UNIQ_013784,18609,goiania,GO
CUST_013785,UNIQ_013785,71660,sao paulo,SP
CUST_013786,UNIQ_013786,52120,teresina,PI
CUST_013787,UNIQ_013787,89731,belo horizonte,MG
CUST_013788,UNIQ_013788,71763,belo horizonte,MG
CUST_013789,UNIQ_013789,83054,rio de janeiro,RJ
CUST_013790,UNIQ_013790,21773,florianopolis,SC
CUST_013791,UNIQ_013791,41312,joao pessoa,PB
CUST_013792,UNIQ_013792,80544,curitiba,PR
CUST_013793,UNIQ_013793,55496,cuiaba,MT
CUST_013794,UNIQ_013794,45125,belo horizonte,MG
CUST_013795,UNIQ_013795,60269,florianopolis,SC
CUST_013796,UNIQ_013796,43527,manaus,AM
CUST_013797,UNIQ_013797,89300,rio de janeiro,RJ
CUST_013798,UNIQ_013798,83183,belo horizonte,MG
CUST_013799,UNIQ_013799,76700,florianopolis,SC
CUST_013800,UNIQ_013800,55129,sao paulo,SP
CUST_013801,UNIQ_013801,81382,florianopolis,SC
CUST_013802,UNIQ_013802,22509,belo horizonte,MG
CUST_013803,UNIQ_013803,69230,goiania,GO
CUST_013804,UNIQ_013804,45553,porto alegre,RS
CUST_013805,UNIQ_013805,61432,porto velho,RO
CUST_013806,UNIQ_013806,42620,florianopolis,SC
CUST_013807,UNIQ_013807,97347,porto velho,RO
CUST_013808,UNIQ_013808,62215,salvador,BA
CUST_013809,UNIQ_013809,94752,rio de janeiro,RJ
CUST_013810,UNIQ_013810,71970,joao pessoa,PB
CUST_013811,UNIQ_013811,16629,sao paulo,SP
CUST_013812,UNIQ_013812,11482,belem,PA
CUST_013813,UNIQ_013813,42221,cuiaba,MT
CUST_013814,UNIQ_013814,50826,sao paulo,SP
CUST_013815,UNIQ_013815,50862,goiania,GO
CUST_013816,UNIQ_013816,80723,salvador,BA
CUST_013817,UNIQ_013817,12408,porto alegre,RS
CUST_013818,UNIQ_013818,89194,recife,PE
CUST_013819,UNIQ_013819,29609,maceio,AL
CUST_013820,UNIQ_013820,20673,curitiba,PR
CUST_013821,UNIQ_013821,13163,maceio,AL
CUST_013822,UNIQ_013822,87144,manaus,AM
CUST_013823,UNIQ_013823,61597,natal,RN
CUST_013824,UNIQ_013824,15230,curitiba,PR
CUST_013825,UNIQ_013825,77337,recife,PE
CUST_013826,UNIQ_013826,81301,florianopolis,SC
CUST_013827,UNIQ_013827,62342,maceio,AL
CUST_013828,UNIQ_013828,92358,porto alegre,RS
CUST_013829,UNIQ_013829,96516,sao paulo,SP
CUST_013830,UNIQ_013830,80015,campo grande,MS
CUST_013831,UNIQ_013831,11631,maceio,AL
CUST_013832,UNIQ_013832,61346,fortaleza,CE
CUST_013833,UNIQ_013833,30637,goiania,GO
CUST_013834,UNIQ_013834,54295,porto velho,RO
CUST_013835,UNIQ_013835,60087,belo horizonte,MG
CUST_013836,UNIQ_013836,67321,belem,PA
CUST_013837,UNIQ_013837,37085,porto velho,RO
CUST_013838,UNIQ_013838,41028,manaus,AM
CUST_013839,UNIQ_013839,64725,goiania,GO
CUST_013840,UNIQ_013840,36225,fortaleza,CE
CUST_013841,UNIQ_013841,34887,rio de janeiro,RJ
CUST_013842,UNIQ_013842,71397,porto velho,RO
CUST_013843,UNIQ_013843,44556,belem,PA
CUST_013844,UNIQ_013844,75947,sao paulo,SP
CUST_013845,UNIQ_013845,17002,aracaju,SE
CUST_013846,UNIQ_013846,73882,teresina,PI
CUST_013847,UNIQ_013847,76268,rio de janeiro,RJ
CUST_013848,UNIQ_013848,83189,porto velho,RO
CUST_013849,UNIQ_013849,15578,joao pessoa,PB
CUST_013850,UNIQ_013850,32044,porto velho,RO
CUST_013851,UNIQ_013851,99063,rio de janeiro,RJ
CUST_013852,UNIQ_013852,88575,salvador,BA
CUST_013853,UNIQ_013853,22144,porto velho,RO
CUST_013854,UNIQ_013854,92470,maceio,AL
CUST_013855,UNIQ_013855,39144,belem,PA
CUST_013856,UNIQ_013856,22042,belo horizonte,MG
CUST_013857,UNIQ_013857,99227,manaus,AM
CUST_013858,UNIQ_013858,61091,fortaleza,CE
CUST_013859,UNIQ_013859,23141,natal,RN
CUST_013860,UNIQ_013860,53946,salvador,BA
CUST_013861,UNIQ_013861,46133,maceio,AL
CUST_013862,UNIQ_013862,54368,maceio,AL
CUST_013863,UNIQ_013863,16166,maceio,AL
CUST_013864,UNIQ_013864,31365,goiania,GO
CUST_013865,UNIQ_013865,41584,natal,RN
CUST_013866,UNIQ_013866,96263,curitiba,PR
CUST_013867,UNIQ_013867,24606,salvador,BA
CUST_013868,UNIQ_013868,96009,porto velho,RO
CUST_013869,UNIQ_013869,14239,natal,RN
CUST_013870,UNIQ_013870,69614,belem,PA
CUST_013871,UNIQ_013871,29233,curitiba,PR
CUST_013872,UNIQ_013872,51096,sao paulo,SP
CUST_013873,UNIQ_013873,88724,recife,PE
CUST_013874,UNIQ_013874,98882,joao pessoa,PB
CUST_013875,UNIQ_013875,72396,sao paulo,SP
CUST_013876,UNIQ_013876,45735,joao pessoa,PB
CUST_013877,UNIQ_013877,46505,florianopolis,SC
CUST_013878,UNIQ_013878,72947,belem,PA
CUST_013879,UNIQ_013879,79707,rio de janeiro,RJ
CUST_013880,UNIQ_013880,93961,fortaleza,CE
CUST_013881,UNIQ_013881,20476,manaus,AM
CUST_013882,UNIQ_013882,18326,campo grande,MS
CUST_013883,UNIQ_013883,61170,belem,PA
CUST_013884,UNIQ_013884,90948,belo horizonte,MG
CUST_013885,UNIQ_013885,54427,cuiaba,MT
CUST_013886,UNIQ_013886,85573,recife,PE
CUST_013887,UNIQ_013887,65210,porto alegre,RS
CUST_013888,UNIQ_013888,60788,joao pessoa,PB
CUST_013889,UNIQ_013889,27336,teresina,PI
CUST_013890,UNIQ_013890,33567,teresina,PI
CUST_013891,UNIQ_013891,52823,recife,PE
CUST_013892,UNIQ_013892,59273,cuiaba,MT
CUST_013893,UNIQ_013893,57618,sao paulo,SP
CUST_013894,UNIQ_013894,11783,recife,PE
CUST_013895,UNIQ_013895,60379,fortaleza,CE
CUST_013896,UNIQ_013896,80073,belo horizonte,MG
CUST_013897,UNIQ_013897,12155,belem,PA
CUST_013898,UNIQ_013898,59017,fortaleza,CE
CUST_013899,UNIQ_013899,82813,joao pessoa,PB
CUST_013900,UNIQ_013900,10778,campo grande,MS
CUST_013901,UNIQ_013901,60890,manaus,AM
CUST_013902,UNIQ_013902,62597,aracaju,SE
CUST_013903,UNIQ_013903,53338,rio de janeiro,RJ
CUST_013904,UNIQ_013904,61559,rio de janeiro,RJ
CUST_013905,UNIQ_013905,15443,recife,PE
CUST_013906,UNIQ_013906,61879,natal,RN
CUST_013907,UNIQ_013907,66881,recife,PE
CUST_013908,UNIQ_013908,58623,sao paulo,SP
CUST_013909,UNIQ_013909,26943,rio de janeiro,RJ
CUST_013910,UNIQ_013910,94026,aracaju,SE
CUST_013911,UNIQ_013911,94800,belo horizonte,MG
CUST_013912,UNIQ_013912,44862,teresina,PI
CUST_013913,UNIQ_013913,91768,sao paulo,SP
CUST_013914,UNIQ_013914,87039,maceio,AL
CUST_013915,UNIQ_013915,11435,salvador,BA
CUST_013916,UNIQ_013916,86892,manaus,AM
CUST_013917,UNIQ_013917,87642,rio de janeiro,RJ
CUST_013918,UNIQ_013918,31614,salvador,BA
CUST_013919,UNIQ_013919,41097,rio de janeiro,RJ
CUST_013920,UNIQ_013920,28764,sao paulo,SP
CUST_013921,UNIQ_013921,27728,florianopolis,SC
CUST_013922,UNIQ_013922,89732,sao paulo,SP
CUST_013923,UNIQ_013923,54429,porto alegre,RS
CUST_013924,UNIQ_013924,36218,curitiba,PR
CUST_013925,UNIQ_013925,58631,campo grande,MS
CUST_013926,UNIQ_013926,71274,cuiaba,MT
CUST_013927,UNIQ_013927,58059,porto velho,RO
CUST_013928,UNIQ_013928,24694,recife,PE
CUST_013929,UNIQ_013929,95100,cuiaba,MT
CUST_013930,UNIQ_013930,61435,curitiba,PR
CUST_013931,UNIQ_013931,16493,rio de janeiro,RJ
CUST_013932,UNIQ_013932,79919,porto velho,RO
CUST_013933,UNIQ_013933,15635,teresina,PI
CUST_013934,UNIQ_013934,70747,fortaleza,CE
CUST_013935,UNIQ_013935,74618,florianopolis,SC
CUST_013936,UNIQ_013936,96715,belem,PA
CUST_013937,UNIQ_013937,43788,goiania,GO
CUST_013938,UNIQ_013938,92596,porto alegre,RS
CUST_013939,UNIQ_013939,27965,cuiaba,MT
CUST_013940,UNIQ_013940,51814,rio de janeiro,RJ
CUST_013941,UNIQ_013941,82985,belem,PA
CUST_013942,UNIQ_013942,46898,porto velho,RO
CUST_013943,UNIQ_013943,53172,belem,PA
CUST_013944,UNIQ_013944,77344,recife,PE
CUST_013945,UNIQ_013945,26299,belo horizonte,MG
CUST_013946,UNIQ_013946,12135,maceio,AL
CUST_013947,UNIQ_013947,25830,maceio,AL
CUST_013948,UNIQ_013948,88019,maceio,AL
CUST_013949,UNIQ_013949,55594,natal,RN
CUST_013950,UNIQ_013950,79388,florianopolis,SC
CUST_013951,UNIQ_013951,47144,manaus,AM
CUST_013952,UNIQ_013952,53276,belem,PA
CUST_013953,UNIQ_013953,63234,natal,RN
CUST_013954,UNIQ_013954,32003,curitiba,PR
CUST_013955,UNIQ_013955,99892,porto velho,RO
CUST_013956,UNIQ_013956,29583,florianopolis,SC
CUST_013957,UNIQ_013957,74660,salvador,BA
CUST_013958,UNIQ_013958,74886,porto velho,RO
CUST_013959,UNIQ_013959,51274,rio de janeiro,RJ
CUST_013960,UNIQ_013960,59792,teresina,PI
CUST_013961,UNIQ_013961,40767,sao paulo,SP
CUST_013962,UNIQ_013962,23441,teresina,PI
CUST_013963,UNIQ_013963,28289,teresina,PI
CUST_013964,UNIQ_013964,81009,belem,PA
CUST_013965,UNIQ_013965,13995,teresina,PI
CUST_013966,UNIQ_013966,11374,campo grande,MS
CUST_013967,UNIQ_013967,68839,belem,PA
CUST_013968,UNIQ_013968,65259,fortaleza,CE
CUST_013969,UNIQ_013969,12101,natal,RN
CUST_013970,UNIQ_013970,35787,fortaleza,CE
CUST_013971,UNIQ_013971,18242,florianopolis,SC
CUST_013972,UNIQ_013972,76056,florianopolis,SC
CUST_013973,UNIQ_013973,13561,florianopolis,SC
CUST_013974,UNIQ_013974,59081,belo horizonte,MG
CUST_013975,UNIQ_013975,99246,manaus,AM
CUST_013976,UNIQ_013976,18893,sao paulo,SP
CUST_013977,UNIQ_013977,40198,campo grande,MS
CUST_013978,UNIQ_013978,65464,belo horizonte,MG
CUST_013979,UNIQ_013979,22306,joao pessoa,PB
CUST_013980,UNIQ_013980,65475,goiania,GO
CUST_013981,UNIQ_013981,55463,rio de janeiro,RJ
CUST_013982,UNIQ_013982,67676,aracaju,SE
CUST_013983,UNIQ_013983,18105,cuiaba,MT
CUST_013984,UNIQ_013984,26901,florianopolis,SC
CUST_013985,UNIQ_013985,43509,curitiba,PR
CUST_013986,UNIQ_013986,19837,belem,PA
CUST_013987,UNIQ_013987,42151,manaus,AM
CUST_013988,UNIQ_013988,52781,cuiaba,MT
CUST_013989,UNIQ_013989,67978,belem,PA
CUST_013990,UNIQ_013990,44779,cuiaba,MT
CUST_013991,UNIQ_013991,59201,rio de janeiro,RJ
CUST_013992,UNIQ_013992,57889,porto alegre,RS
CUST_013993,UNIQ_013993,22723,manaus,AM
CUST_013994,UNIQ_013994,71281,goiania,GO
CUST_013995,UNIQ_013995,17132,cuiaba,MT
CUST_013996,UNIQ_013996,70323,goiania,GO
CUST_013997,UNIQ_013997,85060,salvador,BA
CUST_013998,UNIQ_013998,94277,belo horizonte,MG
CUST_013999,UNIQ_013999,93522,aracaju,SE
CUST_014000,UNIQ_014000,79667,cuiaba,MT
CUST_014001,UNIQ_014001,66980,natal,RN
CUST_014002,UNIQ_014002,63033,belem,PA
CUST_014003,UNIQ_014003,38155,cuiaba,MT
CUST_014004,UNIQ_014004,53266,teresina,PI
CUST_014005,UNIQ_014005,26129,natal,RN
CUST_014006,UNIQ_014006,40808,maceio,AL
CUST_014007,UNIQ_014007,52240,manaus,AM
CUST_014008,UNIQ_014008,74867,porto velho,RO
CUST_014009,UNIQ_014009,92208,porto alegre,RS
CUST_014010,UNIQ_014010,70293,maceio,AL
CUST_014011,UNIQ_014011,81688,natal,RN
CUST_014012,UNIQ_014012,59054,sao paulo,SP
CUST_014013,UNIQ_014013,16445,campo grande,MS
CUST_014014,UNIQ_014014,41835,curitiba,PR
CUST_014015,UNIQ_014015,72134,joao pessoa,PB
CUST_014016,UNIQ_014016,81049,belo horizonte,MG
CUST_014017,UNIQ_014017,42028,porto alegre,RS
CUST_014018,UNIQ_014018,94199,sao paulo,SP
CUST_014019,UNIQ_014019,83880,salvador,BA
CUST_014020,UNIQ_014020,31488,curitiba,PR
CUST_014021,UNIQ_014021,89098,sao paulo,SP
CUST_014022,UNIQ_014022,66686,florianopolis,SC
CUST_014023,UNIQ_014023,41705,joao pessoa,PB
CUST_014024,UNIQ_014024,34858,manaus,AM
CUST_014025,UNIQ_014025,89128,fortaleza,CE
CUST_014026,UNIQ_014026,37879,joao pessoa,PB
CUST_014027,UNIQ_014027,37568,fortaleza,CE
CUST_014028,UNIQ_014028,63067,cuiaba,MT
CUST_014029,UNIQ_014029,43957,belem,PA
CUST_014030,UNIQ_014030,34385,rio de janeiro,RJ
CUST_014031,UNIQ_014031,27481,maceio,AL
CUST_014032,UNIQ_014032,41466,goiania,GO
CUST_014033,UNIQ_014033,61745,curitiba,PR
CUST_014034,UNIQ_014034,59291,campo grande,MS
CUST_014035,UNIQ_014035,87822,porto velho,RO
CUST_014036,UNIQ_014036,43854,curitiba,PR
CUST_014037,UNIQ_014037,67579,curitiba,PR
CUST_014038,UNIQ_014038,41032,joao pessoa,PB
CUST_014039,UNIQ_014039,30899,porto velho,RO
CUST_014040,UNIQ_014040,80112,recife,PE
CUST_014041,UNIQ_014041,95420,goiania,GO
CUST_014042,UNIQ_014042,16125,fortaleza,CE
CUST_014043,UNIQ_014043,41234,fortaleza,CE
CUST_014044,UNIQ_014044,12843,curitiba,PR
CUST_014045,UNIQ_014045,22310,cuiaba,MT
CUST_014046,UNIQ_014046,10017,porto alegre,RS
CUST_014047,UNIQ_014047,65480,belo horizonte,MG
CUST_014048,UNIQ_014048,34759,porto velho,RO
CUST_014049,UNIQ_014049,32962,recife,PE
CUST_014050,UNIQ_014050,46556,aracaju,SE
CUST_014051,UNIQ_014051,28127,belem,PA
CUST_014052,UNIQ_014052,48918,manaus,AM
CUST_014053,UNIQ_014053,96486,joao pessoa,PB
CUST_014054,UNIQ_014054,89252,belo horizonte,MG
CUST_014055,UNIQ_014055,78848,cuiaba,MT
CUST_014056,UNIQ_014056,89705,fortaleza,CE
CUST_014057,UNIQ_014057,98167,sao paulo,SP
CUST_014058,UNIQ_014058,53437,joao pessoa,PB
CUST_014059,UNIQ_014059,21023,goiania,GO
CUST_014060,UNIQ_014060,45222,goiania,GO
CUST_014061,UNIQ_014061,26624,goiania,GO
CUST_014062,UNIQ_014062,17546,natal,RN
CUST_014063,UNIQ_014063,52415,campo grande,MS
CUST_014064,UNIQ_014064,84500,teresina,PI
CUST_014065,UNIQ_014065,91570,porto velho,RO
CUST_014066,UNIQ_014066,36442,belo horizonte,MG
CUST_014067,UNIQ_014067,38984,maceio,AL
CUST_014068,UNIQ_014068,13860,salvador,BA
CUST_014069,UNIQ_014069,61556,sao paulo,SP
CUST_014070,UNIQ_014070,42224,belem,PA
CUST_014071,UNIQ_014071,98268,manaus,AM
CUST_014072,UNIQ_014072,34157,fortaleza,CE
CUST_014073,UNIQ_014073,91974,teresina,PI
CUST_014074,UNIQ_014074,26814,fortaleza,CE
CUST_014075,UNIQ_014075,68903,joao pessoa,PB
CUST_014076,UNIQ_014076,71192,campo grande,MS
CUST_014077,UNIQ_014077,36706,manaus,AM
CUST_014078,UNIQ_014078,64285,belo horizonte,MG
CUST_014079,UNIQ_014079,14426,aracaju,SE
CUST_014080,UNIQ_014080,62665,natal,RN
CUST_014081,UNIQ_014081,72671,belem,PA
CUST_014082,UNIQ_014082,68058,sao paulo,SP
CUST_014083,UNIQ_014083,37175,sao paulo,SP
CUST_014084,UNIQ_014084,57383,maceio,AL
CUST_014085,UNIQ_014085,41200,rio de janeiro,RJ
CUST_014086,UNIQ_014086,14528,natal,RN
CUST_014087,UNIQ_014087,90525,goiania,GO
CUST_014088,UNIQ_014088,32212,goiania,GO
CUST_014089,UNIQ_014089,75984,porto velho,RO
CUST_014090,UNIQ_014090,27730,belem,PA
CUST_014091,UNIQ_014091,21116,belem,PA
CUST_014092,UNIQ_014092,93927,rio de janeiro,RJ
CUST_014093,UNIQ_014093,48995,joao pessoa,PB
CUST_014094,UNIQ_014094,27337,rio de janeiro,RJ
CUST_014095,UNIQ_014095,45422,joao pessoa,PB
CUST_014096,UNIQ_014096,98525,sao paulo,SP
CUST_014097,UNIQ_014097,72028,teresina,PI
CUST_014098,UNIQ_014098,76366,florianopolis,SC
CUST_014099,UNIQ_014099,66102,curitiba,PR
CUST_014100,UNIQ_014100,65082,campo grande,MS
CUST_014101,UNIQ_014101,58660,fortaleza,CE
CUST_014102,UNIQ_014102,10317,cuiaba,MT
CUST_014103,UNIQ_014103,30958,teresina,PI
CUST_014104,UNIQ_014104,15244,sao paulo,SP
CUST_014105,UNIQ_014105,63062,recife,PE
CUST_014106,UNIQ_014106,76631,manaus,AM
CUST_014107,UNIQ_014107,93138,florianopolis,SC
CUST_014108,UNIQ_014108,44389,natal,RN
CUST_014109,UNIQ_014109,19302,teresina,PI
CUST_014110,UNIQ_014110,85192,belem,PA
CUST_014111,UNIQ_014111,45031,campo grande,MS
CUST_014112,UNIQ_014112,87989,goiania,GO
CUST_014113,UNIQ_014113,94631,joao pessoa,PB
CUST_014114,UNIQ_014114,37376,cuiaba,MT
CUST_014115,UNIQ_014115,78513,salvador,BA
CUST_014116,UNIQ_014116,86949,manaus,AM
CUST_014117,UNIQ_014117,99049,cuiaba,MT
CUST_014118,UNIQ_014118,85276,joao pessoa,PB
CUST_014119,UNIQ_014119,46411,maceio,AL
CUST_014120,UNIQ_014120,20143,porto velho,RO
CUST_014121,UNIQ_014121,88478,porto alegre,RS
CUST_014122,UNIQ_014122,66000,aracaju,SE
CUST_014123,UNIQ_014123,87237,rio de janeiro,RJ
CUST_014124,UNIQ_014124,51286,porto velho,RO
CUST_014125,UNIQ_014125,11862,goiania,GO
CUST_014126,UNIQ_014126,88278,belem,PA
CUST_014127,UNIQ_014127,28733,manaus,AM
CUST_014128,UNIQ_014128,67215,teresina,PI
CUST_014129,UNIQ_014129,38374,belem,PA
CUST_014130,UNIQ_014130,27273,fortaleza,CE
CUST_014131,UNIQ_014131,87395,recife,PE
CUST_014132,UNIQ_014132,59939,porto alegre,RS
CUST_014133,UNIQ_014133,27139,salvador,BA
CUST_014134,UNIQ_014134,30571,salvador,BA
CUST_014135,UNIQ_014135,86771,maceio,AL
CUST_014136,UNIQ_014136,95316,maceio,AL
CUST_014137,UNIQ_014137,96577,belo horizonte,MG
CUST_014138,UNIQ_014138,53194,salvador,BA
CUST_014139,UNIQ_014139,47790,porto velho,RO
CUST_014140,UNIQ_014140,54490,maceio,AL
CUST_014141,UNIQ_014141,42961,recife,PE
CUST_014142,UNIQ_014142,10535,sao paulo,SP
CUST_014143,UNIQ_014143,33914,belo horizonte,MG
CUST_014144,UNIQ_014144,67270,campo grande,MS
CUST_014145,UNIQ_014145,28018,curitiba,PR
CUST_014146,UNIQ_014146,87539,manaus,AM
CUST_014147,UNIQ_014147,49870,aracaju,SE
CUST_014148,UNIQ_014148,49344,joao pessoa,PB
CUST_014149,UNIQ_014149,93489,curitiba,PR
CUST_014150,UNIQ_014150,54696,curitiba,PR
CUST_014151,UNIQ_014151,70436,natal,RN
CUST_014152,UNIQ_014152,74447,aracaju,SE
CUST_014153,UNIQ_014153,77291,belo horizonte,MG
CUST_014154,UNIQ_014154,78990,aracaju,SE
CUST_014155,UNIQ_014155,26877,fortaleza,CE
CUST_014156,UNIQ_014156,69015,manaus,AM
CUST_014157,UNIQ_014157,94274,aracaju,SE
CUST_014158,UNIQ_014158,95056,maceio,AL
CUST_014159,UNIQ_014159,17577,joao pessoa,PB
CUST_014160,UNIQ_014160,96148,goiania,GO
CUST_014161,UNIQ_014161,48027,maceio,AL
CUST_014162,UNIQ_014162,60847,belo horizonte,MG
CUST_014163,UNIQ_014163,16484,aracaju,SE
CUST_014164,UNIQ_014164,20097,natal,RN
CUST_014165,UNIQ_014165,43478,manaus,AM
CUST_014166,UNIQ_014166,94205,cuiaba,MT
CUST_014167,UNIQ_014167,62535,florianopolis,SC
CUST_014168,UNIQ_014168,71281,belem,PA
CUST_014169,UNIQ_014169,88572,cuiaba,MT
CUST_014170,UNIQ_014170,45522,maceio,AL
CUST_014171,UNIQ_014171,13211,natal,RN
CUST_014172,UNIQ_014172,77543,goiania,GO
CUST_014173,UNIQ_014173,68172,teresina,PI
CUST_014174,UNIQ_014174,45302,porto velho,RO
CUST_014175,UNIQ_014175,60701,cuiaba,MT
CUST_014176,UNIQ_014176,98902,manaus,AM
CUST_014177,UNIQ_014177,41646,maceio,AL
CUST_014178,UNIQ_014178,91382,sao paulo,SP
CUST_014179,UNIQ_014179,30206,campo grande,MS
CUST_014180,UNIQ_014180,61769,manaus,AM
CUST_014181,UNIQ_014181,16644,salvador,BA
CUST_014182,UNIQ_014182,17779,maceio,AL
CUST_014183,UNIQ_014183,28442,cuiaba,MT
CUST_014184,UNIQ_014184,20967,teresina,PI
CUST_014185,UNIQ_014185,62530,natal,RN
CUST_014186,UNIQ_014186,10971,fortaleza,CE
CUST_014187,UNIQ_014187,64879,salvador,BA
CUST_014188,UNIQ_014188,56704,goiania,GO
CUST_014189,UNIQ_014189,68932,goiania,GO
CUST_014190,UNIQ_014190,63261,aracaju,SE
CUST_014191,UNIQ_014191,53325,porto alegre,RS
CUST_014192,UNIQ_014192,97229,joao pessoa,PB
CUST_014193,UNIQ_014193,62244,aracaju,SE
CUST_014194,UNIQ_014194,52962,goiania,GO
CUST_014195,UNIQ_014195,74688,florianopolis,SC
CUST_014196,UNIQ_014196,23090,florianopolis,SC
CUST_014197,UNIQ_014197,43392,curitiba,PR
CUST_014198,UNIQ_014198,66485,joao pessoa,PB
CUST_014199,UNIQ_014199,10749,porto alegre,RS
CUST_014200,UNIQ_014200,16855,sao paulo,SP
CUST_014201,UNIQ_014201,78652,natal,RN
CUST_014202,UNIQ_014202,54247,campo grande,MS
CUST_014203,UNIQ_014203,64385,aracaju,SE
CUST_014204,UNIQ_014204,27405,aracaju,SE
CUST_014205,UNIQ_014205,99560,belem,PA
CUST_014206,UNIQ_014206,56846,rio de janeiro,RJ
CUST_014207,UNIQ_014207,64358,belo horizonte,MG
CUST_014208,UNIQ_014208,56255,natal,RN
CUST_014209,UNIQ_014209,52610,porto alegre,RS
CUST_014210,UNIQ_014210,30172,salvador,BA
CUST_014211,UNIQ_014211,43644,curitiba,PR
CUST_014212,UNIQ_014212,44080,belem,PA
CUST_014213,UNIQ_014213,77147,belo horizonte,MG
CUST_014214,UNIQ_014214,90166,cuiaba,MT
CUST_014215,UNIQ_014215,48811,joao pessoa,PB
CUST_014216,UNIQ_014216,28837,sao paulo,SP
CUST_014217,UNIQ_014217,36422,manaus,AM
CUST_014218,UNIQ_014218,63285,aracaju,SE
CUST_014219,UNIQ_014219,65810,maceio,AL
CUST_014220,UNIQ_014220,77182,sao paulo,SP
CUST_014221,UNIQ_014221,51717,recife,PE
CUST_014222,UNIQ_014222,15491,joao pessoa,PB
CUST_014223,UNIQ_014223,69327,belo horizonte,MG
CUST_014224,UNIQ_014224,42132,sao paulo,SP
CUST_014225,UNIQ_014225,35426,teresina,PI
CUST_014226,UNIQ_014226,91554,rio de janeiro,RJ
CUST_014227,UNIQ_014227,45098,belem,PA
CUST_014228,UNIQ_014228,37808,fortaleza,CE
CUST_014229,UNIQ_014229,94277,aracaju,SE
CUST_014230,UNIQ_014230,17964,teresina,PI
CUST_014231,UNIQ_014231,15927,curitiba,PR
CUST_014232,UNIQ_014232,16358,goiania,GO
CUST_014233,UNIQ_014233,90145,maceio,AL
CUST_014234,UNIQ_014234,39273,maceio,AL
CUST_014235,UNIQ_014235,89785,sao paulo,SP
CUST_014236,UNIQ_014236,19065,porto alegre,RS
CUST_014237,UNIQ_014237,45273,manaus,AM
CUST_014238,UNIQ_014238,11588,cuiaba,MT
CUST_014239,UNIQ_014239,66788,cuiaba,MT
CUST_014240,UNIQ_014240,89613,belo horizonte,MG
CUST_014241,UNIQ_014241,88168,joao pessoa,PB
CUST_014242,UNIQ_014242,85478,joao pessoa,PB
CUST_014243,UNIQ_014243,27685,joao pessoa,PB
CUST_014244,UNIQ_014244,54123,porto alegre,RS
CUST_014245,UNIQ_014245,82776,fortaleza,CE
CUST_014246,UNIQ_014246,24354,porto alegre,RS
CUST_014247,UNIQ_014247,57523,manaus,AM
CUST_014248,UNIQ_014248,89874,natal,RN
CUST_014249,UNIQ_014249,79026,porto alegre,RS
CUST_014250,UNIQ_014250,49167,sao paulo,SP
CUST_014251,UNIQ_014251,15536,goiania,GO
CUST_014252,UNIQ_014252,36823,campo grande,MS
CUST_014253,UNIQ_014253,59498,florianopolis,SC
CUST_014254,UNIQ_014254,49210,joao pessoa,PB
CUST_014255,UNIQ_014255,11856,aracaju,SE
CUST_014256,UNIQ_014256,52187,cuiaba,MT
CUST_014257,UNIQ_014257,93914,joao pessoa,PB
CUST_014258,UNIQ_014258,85109,recife,PE
CUST_014259,UNIQ_014259,98713,porto alegre,RS
CUST_014260,UNIQ_014260,54142,sao paulo,SP
CUST_014261,UNIQ_014261,92304,cuiaba,MT
CUST_014262,UNIQ_014262,15918,maceio,AL
CUST_014263,UNIQ_014263,96227,fortaleza,CE
CUST_014264,UNIQ_014264,10142,teresina,PI
CUST_014265,UNIQ_014265,90870,curitiba,PR
CUST_014266,UNIQ_014266,45424,porto alegre,RS
CUST_014267,UNIQ_014267,95285,fortaleza,CE
CUST_014268,UNIQ_014268,40574,rio de janeiro,RJ
CUST_014269,UNIQ_014269,56369,belo horizonte,MG
CUST_014270,UNIQ_014270,88704,aracaju,SE
CUST_014271,UNIQ_014271,53532,fortaleza,CE
CUST_014272,UNIQ_014272,46748,aracaju,SE
CUST_014273,UNIQ_014273,12301,porto velho,RO
CUST_014274,UNIQ_014274,35062,campo grande,MS
CUST_014275,UNIQ_014275,30128,belem,PA
CUST_014276,UNIQ_014276,39800,rio de janeiro,RJ
CUST_014277,UNIQ_014277,83861,salvador,BA
CUST_014278,UNIQ_014278,97161,campo grande,MS
CUST_014279,UNIQ_014279,71756,campo grande,MS
CUST_014280,UNIQ_014280,79807,belem,PA
CUST_014281,UNIQ_014281,70329,teresina,PI
CUST_014282,UNIQ_014282,89909,florianopolis,SC
CUST_014283,UNIQ_014283,24900,florianopolis,SC
CUST_014284,UNIQ_014284,18741,belem,PA
CUST_014285,UNIQ_014285,65752,aracaju,SE
CUST_014286,UNIQ_014286,78508,porto alegre,RS
CUST_014287,UNIQ_014287,36406,curitiba,PR
CUST_014288,UNIQ_014288,75648,sao paulo,SP
CUST_014289,UNIQ_014289,26926,aracaju,SE
CUST_014290,UNIQ_014290,51943,porto velho,RO
CUST_014291,UNIQ_014291,61961,aracaju,SE
CUST_014292,UNIQ_014292,46235,aracaju,SE
CUST_014293,UNIQ_014293,84783,salvador,BA
CUST_014294,UNIQ_014294,30863,teresina,PI
CUST_014295,UNIQ_014295,94764,recife,PE
CUST_014296,UNIQ_014296,32061,recife,PE
CUST_014297,UNIQ_014297,14080,teresina,PI
CUST_014298,UNIQ_014298,81910,florianopolis,SC
CUST_014299,UNIQ_014299,91619,natal,RN
CUST_014300,UNIQ_014300,31724,porto alegre,RS
CUST_014301,UNIQ_014301,65048,campo grande,MS
CUST_014302,UNIQ_014302,48343,joao pessoa,PB
CUST_014303,UNIQ_014303,37497,aracaju,SE
CUST_014304,UNIQ_014304,68124,salvador,BA
CUST_014305,UNIQ_014305,10326,manaus,AM
CUST_014306,UNIQ_014306,62803,natal,RN
CUST_014307,UNIQ_014307,87379,curitiba,PR
CUST_014308,UNIQ_014308,96140,manaus,AM
CUST_014309,UNIQ_014309,58697,belo horizonte,MG
CUST_014310,UNIQ_014310,79419,belo horizonte,MG
CUST_014311,UNIQ_014311,71438,belo horizonte,MG
CUST_014312,UNIQ_014312,75621,maceio,AL
CUST_014313,UNIQ_014313,48653,fortaleza,CE
CUST_014314,UNIQ_014314,60001,fortaleza,CE
CUST_014315,UNIQ_014315,54549,florianopolis,SC
CUST_014316,UNIQ_014316,50948,cuiaba,MT
CUST_014317,UNIQ_014317,91639,teresina,PI
CUST_014318,UNIQ_014318,87820,maceio,AL
CUST_014319,UNIQ_014319,65103,sao paulo,SP
CUST_014320,UNIQ_014320,40876,fortaleza,CE
CUST_014321,UNIQ_014321,70315,fortaleza,CE
CUST_014322,UNIQ_014322,38844,fortaleza,CE
CUST_014323,UNIQ_014323,25603,joao pessoa,PB
CUST_014324,UNIQ_014324,91877,campo grande,MS
CUST_014325,UNIQ_014325,85926,aracaju,SE
CUST_014326,UNIQ_014326,29857,sao paulo,SP
CUST_014327,UNIQ_014327,39884,curitiba,PR
CUST_014328,UNIQ_014328,99038,joao pessoa,PB
CUST_014329,UNIQ_014329,17420,cuiaba,MT
CUST_014330,UNIQ_014330,66152,rio de janeiro,RJ
CUST_014331,UNIQ_014331,45747,goiania,GO
CUST_014332,UNIQ_014332,92272,maceio,AL
CUST_014333,UNIQ_014333,17291,campo grande,MS
CUST_014334,UNIQ_014334,46774,maceio,AL
CUST_014335,UNIQ_014335,68540,campo grande,MS
CUST_014336,UNIQ_014336,52331,cuiaba,MT
CUST_014337,UNIQ_014337,19253,porto alegre,RS
CUST_014338,UNIQ_014338,65144,campo grande,MS
CUST_014339,UNIQ_014339,51151,joao pessoa,PB
CUST_014340,UNIQ_014340,36545,goiania,GO
CUST_014341,UNIQ_014341,78790,cuiaba,MT
CUST_014342,UNIQ_014342,81387,belo horizonte,MG
CUST_014343,UNIQ_014343,91830,maceio,AL
CUST_014344,UNIQ_014344,69301,rio de janeiro,RJ
CUST_014345,UNIQ_014345,70656,manaus,AM
CUST_014346,UNIQ_014346,18691,aracaju,SE
CUST_014347,UNIQ_014347,86439,florianopolis,SC
CUST_014348,UNIQ_014348,51996,belo horizonte,MG
CUST_014349,UNIQ_014349,88974,joao pessoa,PB
CUST_014350,UNIQ_014350,83115,rio de janeiro,RJ
CUST_014351,UNIQ_014351,49649,cuiaba,MT
CUST_014352,UNIQ_014352,76837,florianopolis,SC
CUST_014353,UNIQ_014353,92206,porto velho,RO
CUST_014354,UNIQ_014354,31973,natal,RN
CUST_014355,UNIQ_014355,82080,natal,RN
CUST_014356,UNIQ_014356,76260,manaus,AM
CUST_014357,UNIQ_014357,82154,porto alegre,RS
CUST_014358,UNIQ_014358,68103,aracaju,SE
CUST_014359,UNIQ_014359,36917,teresina,PI
CUST_014360,UNIQ_014360,12995,aracaju,SE
CUST_014361,UNIQ_014361,12214,fortaleza,CE
CUST_014362,UNIQ_014362,62244,joao pessoa,PB
CUST_014363,UNIQ_014363,29783,belo horizonte,MG
CUST_014364,UNIQ_014364,87814,recife,PE
CUST_014365,UNIQ_014365,99293,natal,RN
CUST_014366,UNIQ_014366,33646,salvador,BA
CUST_014367,UNIQ_014367,92784,salvador,BA
CUST_014368,UNIQ_014368,13651,porto velho,RO
CUST_014369,UNIQ_014369,21562,goiania,GO
CUST_014370,UNIQ_014370,81673,maceio,AL
CUST_014371,UNIQ_014371,30275,salvador,BA
CUST_014372,UNIQ_014372,94808,cuiaba,MT
CUST_014373,UNIQ_014373,78549,maceio,AL
CUST_014374,UNIQ_014374,95939,natal,RN
CUST_014375,UNIQ_014375,76944,salvador,BA
CUST_014376,UNIQ_014376,13480,fortaleza,CE
CUST_014377,UNIQ_014377,10923,joao pessoa,PB
CUST_014378,UNIQ_014378,60859,natal,RN
CUST_014379,UNIQ_014379,14803,porto velho,RO
CUST_014380,UNIQ_014380,16170,salvador,BA
CUST_014381,UNIQ_014381,86826,campo grande,MS
CUST_014382,UNIQ_014382,38763,fortaleza,CE
CUST_014383,UNIQ_014383,29232,joao pessoa,PB
CUST_014384,UNIQ_014384,82723,cuiaba,MT
CUST_014385,UNIQ_014385,60806,fortaleza,CE
CUST_014386,UNIQ_014386,89520,maceio,AL
CUST_014387,UNIQ_014387,39347,recife,PE
CUST_014388,UNIQ_014388,77027,porto alegre,RS
CUST_014389,UNIQ_014389,96684,teresina,PI
CUST_014390,UNIQ_014390,89622,belem,PA
CUST_014391,UNIQ_014391,16058,campo grande,MS
CUST_014392,UNIQ_014392,51442,recife,PE
CUST_014393,UNIQ_014393,65145,rio de janeiro,RJ
CUST_014394,UNIQ_014394,52978,joao pessoa,PB
CUST_014395,UNIQ_014395,76982,campo grande,MS
CUST_014396,UNIQ_014396,64233,porto velho,RO
CUST_014397,UNIQ_014397,39528,aracaju,SE
CUST_014398,UNIQ_014398,54344,manaus,AM
CUST_014399,UNIQ_014399,68470,florianopolis,SC
CUST_014400,UNIQ_014400,73810,sao paulo,SP
CUST_014401,UNIQ_014401,40949,campo grande,MS
CUST_014402,UNIQ_014402,32388,salvador,BA
CUST_014403,UNIQ_014403,23126,manaus,AM
CUST_014404,UNIQ_014404,53158,goiania,GO
CUST_014405,UNIQ_014405,92853,goiania,GO
CUST_014406,UNIQ_014406,99305,rio de janeiro,RJ
CUST_014407,UNIQ_014407,67668,goiania,GO
CUST_014408,UNIQ_014408,56855,rio de janeiro,RJ
CUST_014409,UNIQ_014409,94372,fortaleza,CE
CUST_014410,UNIQ_014410,78786,belo horizonte,MG
CUST_014411,UNIQ_014411,90985,joao pessoa,PB
CUST_014412,UNIQ_014412,98539,porto velho,RO
CUST_014413,UNIQ_014413,77708,recife,PE
CUST_014414,UNIQ_014414,46720,porto alegre,RS
CUST_014415,UNIQ_014415,15860,porto alegre,RS
CUST_014416,UNIQ_014416,58187,belem,PA
CUST_014417,UNIQ_014417,80437,aracaju,SE
CUST_014418,UNIQ_014418,23719,manaus,AM
CUST_014419,UNIQ_014419,50811,belo horizonte,MG
CUST_014420,UNIQ_014420,50444,belo horizonte,MG
CUST_014421,UNIQ_014421,16737,joao pessoa,PB
CUST_014422,UNIQ_014422,29973,salvador,BA
CUST_014423,UNIQ_014423,94957,recife,PE
CUST_014424,UNIQ_014424,16451,goiania,GO
CUST_014425,UNIQ_014425,62506,manaus,AM
CUST_014426,UNIQ_014426,68191,maceio,AL
CUST_014427,UNIQ_014427,52506,salvador,BA
CUST_014428,UNIQ_014428,79968,natal,RN
CUST_014429,UNIQ_014429,19784,porto velho,RO
CUST_014430,UNIQ_014430,86386,rio de janeiro,RJ
CUST_014431,UNIQ_014431,69026,campo grande,MS
CUST_014432,UNIQ_014432,68511,porto velho,RO
CUST_014433,UNIQ_014433,17004,maceio,AL
CUST_014434,UNIQ_014434,40424,fortaleza,CE
CUST_014435,UNIQ_014435,92255,belem,PA
CUST_014436,UNIQ_014436,56813,porto alegre,RS
CUST_014437,UNIQ_014437,77158,teresina,PI
CUST_014438,UNIQ_014438,44524,belem,PA
CUST_014439,UNIQ_014439,72000,teresina,PI
CUST_014440,UNIQ_014440,48462,cuiaba,MT
CUST_014441,UNIQ_014441,40395,sao paulo,SP
CUST_014442,UNIQ_014442,66003,teresina,PI
CUST_014443,UNIQ_014443,12837,belem,PA
CUST_014444,UNIQ_014444,66623,belo horizonte,MG
CUST_014445,UNIQ_014445,27657,manaus,AM
CUST_014446,UNIQ_014446,51851,porto velho,RO
CUST_014447,UNIQ_014447,38656,joao pessoa,PB
CUST_014448,UNIQ_014448,76326,joao pessoa,PB
CUST_014449,UNIQ_014449,25600,manaus,AM
CUST_014450,UNIQ_014450,86322,florianopolis,SC
CUST_014451,UNIQ_014451,57979,joao pessoa,PB
CUST_014452,UNIQ_014452,30993,campo grande,MS
CUST_014453,UNIQ_014453,97734,porto velho,RO
CUST_014454,UNIQ_014454,96841,fortaleza,CE
CUST_014455,UNIQ_014455,40608,campo grande,MS
CUST_014456,UNIQ_014456,76721,salvador,BA
CUST_014457,UNIQ_014457,83342,natal,RN
CUST_014458,UNIQ_014458,14947,manaus,AM
CUST_014459,UNIQ_014459,84047,fortaleza,CE
CUST_014460,UNIQ_014460,53440,belo horizonte,MG
CUST_014461,UNIQ_014461,58272,maceio,AL
CUST_014462,UNIQ_014462,94218,belem,PA
CUST_014463,UNIQ_014463,39723,curitiba,PR
CUST_014464,UNIQ_014464,32944,recife,PE
CUST_014465,UNIQ_014465,21858,belem,PA
CUST_014466,UNIQ_014466,58869,natal,RN
CUST_014467,UNIQ_014467,82088,belo horizonte,MG
CUST_014468,UNIQ_014468,92159,florianopolis,SC
CUST_014469,UNIQ_014469,80456,porto alegre,RS
CUST_014470,UNIQ_014470,86425,recife,PE
CUST_014471,UNIQ_014471,60995,teresina,PI
CUST_014472,UNIQ_014472,71153,sao paulo,SP
CUST_014473,UNIQ_014473,49307,manaus,AM
CUST_014474,UNIQ_014474,60371,belem,PA
CUST_014475,UNIQ_014475,43371,joao pessoa,PB
CUST_014476,UNIQ_014476,33158,natal,RN
CUST_014477,UNIQ_014477,55269,salvador,BA
CUST_014478,UNIQ_014478,56758,cuiaba,MT
CUST_014479,UNIQ_014479,47150,maceio,AL
CUST_014480,UNIQ_014480,92196,belo horizonte,MG
CUST_014481,UNIQ_014481,45092,joao pessoa,PB
CUST_014482,UNIQ_014482,25060,porto velho,RO
CUST_014483,UNIQ_014483,18341,teresina,PI
CUST_014484,UNIQ_014484,10385,campo grande,MS
CUST_014485,UNIQ_014485,11720,goiania,GO
CUST_014486,UNIQ_014486,31703,curitiba,PR
CUST_014487,UNIQ_014487,77321,belo horizonte,MG
CUST_014488,UNIQ_014488,63017,salvador,BA
CUST_014489,UNIQ_014489,82327,cuiaba,MT
CUST_014490,UNIQ_014490,94610,belo horizonte,MG
CUST_014491,UNIQ_014491,22960,belem,PA
CUST_014492,UNIQ_014492,49302,recife,PE
CUST_014493,UNIQ_014493,97509,porto alegre,RS
CUST_014494,UNIQ_014494,60672,joao pessoa,PB
CUST_014495,UNIQ_014495,87437,rio de janeiro,RJ
CUST_014496,UNIQ_014496,83721,porto alegre,RS
CUST_014497,UNIQ_014497,73812,manaus,AM
CUST_014498,UNIQ_014498,47722,campo grande,MS
CUST_014499,UNIQ_014499,26837,sao paulo,SP
CUST_014500,UNIQ_014500,26433,cuiaba,MT
CUST_014501,UNIQ_014501,63093,maceio,AL
CUST_014502,UNIQ_014502,97089,belem,PA
CUST_014503,UNIQ_014503,36382,recife,PE
CUST_014504,UNIQ_014504,29865,sao paulo,SP
CUST_014505,UNIQ_014505,93154,teresina,PI
CUST_014506,UNIQ_014506,13875,florianopolis,SC
CUST_014507,UNIQ_014507,94647,cuiaba,MT
CUST_014508,UNIQ_014508,60393,cuiaba,MT
CUST_014509,UNIQ_014509,25279,curitiba,PR
CUST_014510,UNIQ_014510,34721,maceio,AL
CUST_014511,UNIQ_014511,59428,teresina,PI
CUST_014512,UNIQ_014512,70251,campo grande,MS
CUST_014513,UNIQ_014513,88614,salvador,BA
CUST_014514,UNIQ_014514,64458,natal,RN
CUST_014515,UNIQ_014515,67082,teresina,PI
CUST_014516,UNIQ_014516,10196,belo horizonte,MG
CUST_014517,UNIQ_014517,51084,fortaleza,CE
CUST_014518,UNIQ_014518,41524,natal,RN
CUST_014519,UNIQ_014519,32792,porto alegre,RS
CUST_014520,UNIQ_014520,27619,rio de janeiro,RJ
CUST_014521,UNIQ_014521,27516,fortaleza,CE
CUST_014522,UNIQ_014522,45214,recife,PE
CUST_014523,UNIQ_014523,87120,porto velho,RO
CUST_014524,UNIQ_014524,15192,maceio,AL
CUST_014525,UNIQ_014525,37362,belo horizonte,MG
CUST_014526,UNIQ_014526,65492,campo grande,MS
CUST_014527,UNIQ_014527,38928,maceio,AL
CUST_014528,UNIQ_014528,73992,teresina,PI
CUST_014529,UNIQ_014529,90897,florianopolis,SC
CUST_014530,UNIQ_014530,22292,sao paulo,SP
CUST_014531,UNIQ_014531,69289,joao pessoa,PB
CUST_014532,UNIQ_014532,19459,porto velho,RO
CUST_014533,UNIQ_014533,29624,goiania,GO
CUST_014534,UNIQ_014534,46186,belem,PA
CUST_014535,UNIQ_014535,25767,natal,RN
CUST_014536,UNIQ_014536,48504,porto alegre,RS
CUST_014537,UNIQ_014537,90842,sao paulo,SP
CUST_014538,UNIQ_014538,37694,curitiba,PR
CUST_014539,UNIQ_014539,55935,recife,PE
CUST_014540,UNIQ_014540,70020,belo horizonte,MG
CUST_014541,UNIQ_014541,61832,belem,PA
CUST_014542,UNIQ_014542,66922,florianopolis,SC
CUST_014543,UNIQ_014543,28364,belem,PA
CUST_014544,UNIQ_014544,16887,natal,RN
CUST_014545,UNIQ_014545,82035,salvador,BA
CUST_014546,UNIQ_014546,42287,natal,RN
CUST_014547,UNIQ_014547,26808,joao pessoa,PB
CUST_014548,UNIQ_014548,38597,natal,RN
CUST_014549,UNIQ_014549,84397,belo horizonte,MG
CUST_014550,UNIQ_014550,56753,cuiaba,MT
CUST_014551,UNIQ_014551,90260,natal,RN
CUST_014552,UNIQ_014552,56663,goiania,GO
CUST_014553,UNIQ_014553,30702,cuiaba,MT
CUST_014554,UNIQ_014554,73696,curitiba,PR
CUST_014555,UNIQ_014555,59234,campo grande,MS
CUST_014556,UNIQ_014556,22147,porto alegre,RS
CUST_014557,UNIQ_014557,89672,belem,PA
CUST_014558,UNIQ_014558,13450,rio de janeiro,RJ
CUST_014559,UNIQ_014559,81771,manaus,AM
CUST_014560,UNIQ_014560,10325,goiania,GO
CUST_014561,UNIQ_014561,53846,curitiba,PR
CUST_014562,UNIQ_014562,18329,goiania,GO
CUST_014563,UNIQ_014563,45531,manaus,AM
CUST_014564,UNIQ_014564,99567,belem,PA
CUST_014565,UNIQ_014565,82001,porto alegre,RS
CUST_014566,UNIQ_014566,73060,natal,RN
CUST_014567,UNIQ_014567,33667,fortaleza,CE
CUST_014568,UNIQ_014568,80247,maceio,AL
CUST_014569,UNIQ_014569,85060,recife,PE
CUST_014570,UNIQ_014570,49412,sao paulo,SP
CUST_014571,UNIQ_014571,41614,joao pessoa,PB
CUST_014572,UNIQ_014572,18664,recife,PE
CUST_014573,UNIQ_014573,57342,porto alegre,RS
CUST_014574,UNIQ_014574,59541,porto alegre,RS
CUST_014575,UNIQ_014575,58993,belo horizonte,MG
CUST_014576,UNIQ_014576,48326,joao pessoa,PB
CUST_014577,UNIQ_014577,35948,cuiaba,MT
CUST_014578,UNIQ_014578,56871,fortaleza,CE
CUST_014579,UNIQ_014579,25002,belo horizonte,MG
CUST_014580,UNIQ_014580,87117,porto alegre,RS
CUST_014581,UNIQ_014581,78941,campo grande,MS
CUST_014582,UNIQ_014582,71152,aracaju,SE
CUST_014583,UNIQ_014583,51525,cuiaba,MT
CUST_014584,UNIQ_014584,18326,manaus,AM
CUST_014585,UNIQ_014585,11058,fortaleza,CE
CUST_014586,UNIQ_014586,11830,belem,PA
CUST_014587,UNIQ_014587,52235,cuiaba,MT
CUST_014588,UNIQ_014588,41963,belem,PA
CUST_014589,UNIQ_014589,74952,campo grande,MS
CUST_014590,UNIQ_014590,65695,teresina,PI
CUST_014591,UNIQ_014591,77349,salvador,BA
CUST_014592,UNIQ_014592,16785,manaus,AM
CUST_014593,UNIQ_014593,59017,aracaju,SE
CUST_014594,UNIQ_014594,16763,aracaju,SE
CUST_014595,UNIQ_014595,23094,rio de janeiro,RJ
CUST_014596,UNIQ_014596,72970,maceio,AL
CUST_014597,UNIQ_014597,21242,recife,PE
CUST_014598,UNIQ_014598,37017,belem,PA
CUST_014599,UNIQ_014599,21050,cuiaba,MT
CUST_014600,UNIQ_014600,22071,goiania,GO
CUST_014601,UNIQ_014601,42790,belo horizonte,MG
CUST_014602,UNIQ_014602,66771,recife,PE
CUST_014603,UNIQ_014603,80105,joao pessoa,PB
CUST_014604,UNIQ_014604,32391,teresina,PI
CUST_014605,UNIQ_014605,11937,salvador,BA
CUST_014606,UNIQ_014606,81893,joao pessoa,PB
CUST_014607,UNIQ_014607,81931,belo horizonte,MG
CUST_014608,UNIQ_014608,22755,campo grande,MS
CUST_014609,UNIQ_014609,90627,rio de janeiro,RJ
CUST_014610,UNIQ_014610,92688,natal,RN
CUST_014611,UNIQ_014611,51953,aracaju,SE
CUST_014612,UNIQ_014612,49477,teresina,PI
CUST_014613,UNIQ_014613,53341,fortaleza,CE
CUST_014614,UNIQ_014614,16930,campo grande,MS
CUST_014615,UNIQ_014615,94189,teresina,PI
CUST_014616,UNIQ_014616,95419,maceio,AL
CUST_014617,UNIQ_014617,28715,sao paulo,SP
CUST_014618,UNIQ_014618,85784,teresina,PI
CUST_014619,UNIQ_014619,42032,manaus,AM
CUST_014620,UNIQ_014620,58796,belo horizonte,MG
CUST_014621,UNIQ_014621,33488,porto alegre,RS
CUST_014622,UNIQ_014622,11603,manaus,AM
CUST_014623,UNIQ_014623,14356,natal,RN
CUST_014624,UNIQ_014624,34207,rio de janeiro,RJ
CUST_014625,UNIQ_014625,17108,manaus,AM
CUST_014626,UNIQ_014626,75824,curitiba,PR
CUST_014627,UNIQ_014627,53940,teresina,PI
CUST_014628,UNIQ_014628,12472,goiania,GO
CUST_014629,UNIQ_014629,28101,goiania,GO
CUST_014630,UNIQ_014630,47788,curitiba,PR
CUST_014631,UNIQ_014631,22561,salvador,BA
CUST_014632,UNIQ_014632,30106,belem,PA
CUST_014633,UNIQ_014633,62915,sao paulo,SP
CUST_014634,UNIQ_014634,72966,teresina,PI
CUST_014635,UNIQ_014635,23513,rio de janeiro,RJ
CUST_014636,UNIQ_014636,19881,goiania,GO
CUST_014637,UNIQ_014637,51911,porto alegre,RS
CUST_014638,UNIQ_014638,84237,cuiaba,MT
CUST_014639,UNIQ_014639,12502,fortaleza,CE
CUST_014640,UNIQ_014640,62664,salvador,BA
CUST_014641,UNIQ_014641,42748,teresina,PI
CUST_014642,UNIQ_014642,78066,manaus,AM
CUST_014643,UNIQ_014643,26872,fortaleza,CE
CUST_014644,UNIQ_014644,27908,fortaleza,CE
CUST_014645,UNIQ_014645,14896,porto alegre,RS
CUST_014646,UNIQ_014646,51879,rio de janeiro,RJ
CUST_014647,UNIQ_014647,86953,recife,PE
CUST_014648,UNIQ_014648,34142,fortaleza,CE
CUST_014649,UNIQ_014649,16185,curitiba,PR
CUST_014650,UNIQ_014650,59516,florianopolis,SC
CUST_014651,UNIQ_014651,95854,fortaleza,CE
CUST_014652,UNIQ_014652,22531,sao paulo,SP
CUST_014653,UNIQ_014653,16076,porto velho,RO
CUST_014654,UNIQ_014654,24925,belo horizonte,MG
CUST_014655,UNIQ_014655,43557,manaus,AM
CUST_014656,UNIQ_014656,50205,maceio,AL
CUST_014657,UNIQ_014657,39311,manaus,AM
CUST_014658,UNIQ_014658,23242,cuiaba,MT
CUST_014659,UNIQ_014659,39861,manaus,AM
CUST_014660,UNIQ_014660,57660,curitiba,PR
CUST_014661,UNIQ_014661,77767,curitiba,PR
CUST_014662,UNIQ_014662,25301,natal,RN
CUST_014663,UNIQ_014663,30751,manaus,AM
CUST_014664,UNIQ_014664,88342,recife,PE
CUST_014665,UNIQ_014665,53979,porto alegre,RS
CUST_014666,UNIQ_014666,99033,teresina,PI
CUST_014667,UNIQ_014667,53680,belem,PA
CUST_014668,UNIQ_014668,38387,fortaleza,CE
CUST_014669,UNIQ_014669,34336,belem,PA
CUST_014670,UNIQ_014670,62393,aracaju,SE
CUST_014671,UNIQ_014671,49052,belem,PA
CUST_014672,UNIQ_014672,68027,porto velho,RO
CUST_014673,UNIQ_014673,10652,teresina,PI
CUST_014674,UNIQ_014674,44564,curitiba,PR
CUST_014675,UNIQ_014675,77108,cuiaba,MT
CUST_014676,UNIQ_014676,66282,teresina,PI
CUST_014677,UNIQ_014677,45077,manaus,AM
CUST_014678,UNIQ_014678,17144,curitiba,PR
CUST_014679,UNIQ_014679,56741,cuiaba,MT
CUST_014680,UNIQ_014680,67313,recife,PE
CUST_014681,UNIQ_014681,93447,campo grande,MS
CUST_014682,UNIQ_014682,91933,joao pessoa,PB
CUST_014683,UNIQ_014683,46271,recife,PE
CUST_014684,UNIQ_014684,82108,cuiaba,MT
CUST_014685,UNIQ_014685,33245,florianopolis,SC
CUST_014686,UNIQ_014686,71852,porto velho,RO
CUST_014687,UNIQ_014687,56689,recife,PE
CUST_014688,UNIQ_014688,22073,natal,RN
CUST_014689,UNIQ_014689,33273,goiania,GO
CUST_014690,UNIQ_014690,62990,natal,RN
CUST_014691,UNIQ_014691,53583,florianopolis,SC
CUST_014692,UNIQ_014692,18694,cuiaba,MT
CUST_014693,UNIQ_014693,73953,porto alegre,RS
CUST_014694,UNIQ_014694,30670,natal,RN
CUST_014695,UNIQ_014695,42281,florianopolis,SC
CUST_014696,UNIQ_014696,17940,aracaju,SE
CUST_014697,UNIQ_014697,64598,porto velho,RO
CUST_014698,UNIQ_014698,49340,teresina,PI
CUST_014699,UNIQ_014699,44943,salvador,BA
CUST_014700,UNIQ_014700,58427,joao pessoa,PB
CUST_014701,UNIQ_014701,42664,recife,PE
CUST_014702,UNIQ_014702,86232,natal,RN
CUST_014703,UNIQ_014703,30873,florianopolis,SC
CUST_014704,UNIQ_014704,67872,belem,PA
CUST_014705,UNIQ_014705,61617,porto alegre,RS
CUST_014706,UNIQ_014706,51652,teresina,PI
CUST_014707,UNIQ_014707,54310,recife,PE
CUST_014708,UNIQ_014708,83556,manaus,AM
CUST_014709,UNIQ_014709,63440,cuiaba,MT
CUST_014710,UNIQ_014710,93072,fortaleza,CE
CUST_014711,UNIQ_014711,82278,cuiaba,MT
CUST_014712,UNIQ_014712,42747,goiania,GO
CUST_014713,UNIQ_014713,47963,fortaleza,CE
CUST_014714,UNIQ_014714,60889,manaus,AM
CUST_014715,UNIQ_014715,87645,joao pessoa,PB
CUST_014716,UNIQ_014716,49034,fortaleza,CE
CUST_014717,UNIQ_014717,54401,salvador,BA
CUST_014718,UNIQ_014718,20721,joao pessoa,PB
CUST_014719,UNIQ_014719,94011,curitiba,PR
CUST_014720,UNIQ_014720,94523,campo grande,MS
CUST_014721,UNIQ_014721,35757,teresina,PI
CUST_014722,UNIQ_014722,39439,maceio,AL
CUST_014723,UNIQ_014723,45579,goiania,GO
CUST_014724,UNIQ_014724,96422,manaus,AM
CUST_014725,UNIQ_014725,63847,belem,PA
CUST_014726,UNIQ_014726,53060,maceio,AL
CUST_014727,UNIQ_014727,66251,aracaju,SE
CUST_014728,UNIQ_014728,97655,recife,PE
CUST_014729,UNIQ_014729,13425,cuiaba,MT
CUST_014730,UNIQ_014730,23273,teresina,PI
CUST_014731,UNIQ_014731,80569,natal,RN
CUST_014732,UNIQ_014732,48801,fortaleza,CE
CUST_014733,UNIQ_014733,71654,cuiaba,MT
CUST_014734,UNIQ_014734,93743,cuiaba,MT
CUST_014735,UNIQ_014735,90728,recife,PE
CUST_014736,UNIQ_014736,81614,porto velho,RO
CUST_014737,UNIQ_014737,64431,belo horizonte,MG
CUST_014738,UNIQ_014738,56463,salvador,BA
CUST_014739,UNIQ_014739,98317,recife,PE
CUST_014740,UNIQ_014740,20918,aracaju,SE
CUST_014741,UNIQ_014741,61596,salvador,BA
CUST_014742,UNIQ_014742,95954,aracaju,SE
CUST_014743,UNIQ_014743,70542,manaus,AM
CUST_014744,UNIQ_014744,13830,belo horizonte,MG
CUST_014745,UNIQ_014745,13030,recife,PE
CUST_014746,UNIQ_014746,37291,joao pessoa,PB
CUST_014747,UNIQ_014747,27144,joao pessoa,PB
CUST_014748,UNIQ_014748,17724,natal,RN
CUST_014749,UNIQ_014749,31764,joao pessoa,PB
CUST_014750,UNIQ_014750,22506,sao paulo,SP
CUST_014751,UNIQ_014751,80294,porto alegre,RS
CUST_014752,UNIQ_014752,65523,porto velho,RO
CUST_014753,UNIQ_014753,82599,joao pessoa,PB
CUST_014754,UNIQ_014754,82867,sao paulo,SP
CUST_014755,UNIQ_014755,60672,fortaleza,CE
CUST_014756,UNIQ_014756,85214,porto alegre,RS
CUST_014757,UNIQ_014757,25443,manaus,AM
CUST_014758,UNIQ_014758,26054,fortaleza,CE
CUST_014759,UNIQ_014759,62197,belem,PA
CUST_014760,UNIQ_014760,87614,manaus,AM
CUST_014761,UNIQ_014761,67936,belem,PA
CUST_014762,UNIQ_014762,34109,natal,RN
CUST_014763,UNIQ_014763,94206,goiania,GO
CUST_014764,UNIQ_014764,28894,porto alegre,RS
CUST_014765,UNIQ_014765,92946,cuiaba,MT
CUST_014766,UNIQ_014766,60934,curitiba,PR
CUST_014767,UNIQ_014767,55150,belem,PA
CUST_014768,UNIQ_014768,36884,natal,RN
CUST_014769,UNIQ_014769,88361,manaus,AM
CUST_014770,UNIQ_014770,70294,salvador,BA
CUST_014771,UNIQ_014771,86687,fortaleza,CE
CUST_014772,UNIQ_014772,92655,cuiaba,MT
CUST_014773,UNIQ_014773,11487,belem,PA
CUST_014774,UNIQ_014774,61827,manaus,AM
CUST_014775,UNIQ_014775,44375,cuiaba,MT
CUST_014776,UNIQ_014776,97155,aracaju,SE
CUST_014777,UNIQ_014777,97525,belo horizonte,MG
CUST_014778,UNIQ_014778,33792,salvador,BA
CUST_014779,UNIQ_014779,60235,teresina,PI
CUST_014780,UNIQ_014780,84338,belem,PA
CUST_014781,UNIQ_014781,21590,campo grande,MS
CUST_014782,UNIQ_014782,63739,porto velho,RO
CUST_014783,UNIQ_014783,98111,campo grande,MS
CUST_014784,UNIQ_014784,63961,sao paulo,SP
CUST_014785,UNIQ_014785,39385,maceio,AL
CUST_014786,UNIQ_014786,53075,manaus,AM
CUST_014787,UNIQ_014787,88653,recife,PE
CUST_014788,UNIQ_014788,14307,salvador,BA
CUST_014789,UNIQ_014789,61069,salvador,BA
CUST_014790,UNIQ_014790,32257,salvador,BA
CUST_014791,UNIQ_014791,84870,florianopolis,SC
CUST_014792,UNIQ_014792,24888,sao paulo,SP
CUST_014793,UNIQ_014793,42361,natal,RN
CUST_014794,UNIQ_014794,88857,cuiaba,MT
CUST_014795,UNIQ_014795,86690,porto alegre,RS
CUST_014796,UNIQ_014796,20656,rio de janeiro,RJ
CUST_014797,UNIQ_014797,39677,manaus,AM
CUST_014798,UNIQ_014798,45674,recife,PE
CUST_014799,UNIQ_014799,38238,porto alegre,RS
CUST_014800,UNIQ_014800,97278,joao pessoa,PB
CUST_014801,UNIQ_014801,73180,teresina,PI
CUST_014802,UNIQ_014802,99869,manaus,AM
CUST_014803,UNIQ_014803,79924,porto alegre,RS
CUST_014804,UNIQ_014804,46889,salvador,BA
CUST_014805,UNIQ_014805,83839,rio de janeiro,RJ
CUST_014806,UNIQ_014806,44773,maceio,AL
CUST_014807,UNIQ_014807,18136,belo horizonte,MG
CUST_014808,UNIQ_014808,66906,belo horizonte,MG
CUST_014809,UNIQ_014809,88708,joao pessoa,PB
CUST_014810,UNIQ_014810,14941,manaus,AM
CUST_014811,UNIQ_014811,42905,belo horizonte,MG
CUST_014812,UNIQ_014812,21946,maceio,AL
CUST_014813,UNIQ_014813,62488,salvador,BA
CUST_014814,UNIQ_014814,47083,sao paulo,SP
CUST_014815,UNIQ_014815,95780,cuiaba,MT
CUST_014816,UNIQ_014816,96889,cuiaba,MT
CUST_014817,UNIQ_014817,13265,belo horizonte,MG
CUST_014818,UNIQ_014818,50835,rio de janeiro,RJ
CUST_014819,UNIQ_014819,15066,curitiba,PR
CUST_014820,UNIQ_014820,79420,fortaleza,CE
CUST_014821,UNIQ_014821,64687,maceio,AL
CUST_014822,UNIQ_014822,25606,teresina,PI
CUST_014823,UNIQ_014823,81341,natal,RN
CUST_014824,UNIQ_014824,19483,rio de janeiro,RJ
CUST_014825,UNIQ_014825,88934,porto velho,RO
CUST_014826,UNIQ_014826,42302,rio de janeiro,RJ
CUST_014827,UNIQ_014827,28924,belem,PA
CUST_014828,UNIQ_014828,36289,salvador,BA
CUST_014829,UNIQ_014829,75790,porto alegre,RS
CUST_014830,UNIQ_014830,49631,goiania,GO
CUST_014831,UNIQ_014831,44227,maceio,AL
CUST_014832,UNIQ_014832,17853,fortaleza,CE
CUST_014833,UNIQ_014833,51844,manaus,AM
CUST_014834,UNIQ_014834,19789,manaus,AM
CUST_014835,UNIQ_014835,18045,teresina,PI
CUST_014836,UNIQ_014836,84117,joao pessoa,PB
CUST_014837,UNIQ_014837,73656,salvador,BA
CUST_014838,UNIQ_014838,23066,cuiaba,MT
CUST_014839,UNIQ_014839,81243,manaus,AM
CUST_014840,UNIQ_014840,17701,natal,RN
CUST_014841,UNIQ_014841,52457,belo horizonte,MG
CUST_014842,UNIQ_014842,22960,joao pessoa,PB
CUST_014843,UNIQ_014843,74947,belo horizonte,MG
CUST_014844,UNIQ_014844,36644,salvador,BA
CUST_014845,UNIQ_014845,22813,fortaleza,CE
CUST_014846,UNIQ_014846,99370,cuiaba,MT
CUST_014847,UNIQ_014847,12126,belem,PA
CUST_014848,UNIQ_014848,49774,fortaleza,CE
CUST_014849,UNIQ_014849,97688,campo grande,MS
CUST_014850,UNIQ_014850,31177,sao paulo,SP
CUST_014851,UNIQ_014851,82829,aracaju,SE
CUST_014852,UNIQ_014852,47922,belo horizonte,MG
CUST_014853,UNIQ_014853,25627,belo horizonte,MG
CUST_014854,UNIQ_014854,79942,fortaleza,CE
CUST_014855,UNIQ_014855,92837,campo grande,MS
CUST_014856,UNIQ_014856,51564,belem,PA
CUST_014857,UNIQ_014857,73514,fortaleza,CE
CUST_014858,UNIQ_014858,89635,belo horizonte,MG
CUST_014859,UNIQ_014859,67165,manaus,AM
CUST_014860,UNIQ_014860,76856,joao pessoa,PB
CUST_014861,UNIQ_014861,74337,florianopolis,SC
CUST_014862,UNIQ_014862,48609,natal,RN
CUST_014863,UNIQ_014863,34578,teresina,PI
CUST_014864,UNIQ_014864,19404,porto velho,RO
CUST_014865,UNIQ_014865,82628,recife,PE
CUST_014866,UNIQ_014866,14916,belo horizonte,MG
CUST_014867,UNIQ_014867,49539,joao pessoa,PB
CUST_014868,UNIQ_014868,24575,porto velho,RO
CUST_014869,UNIQ_014869,26005,natal,RN
CUST_014870,UNIQ_014870,47521,cuiaba,MT
CUST_014871,UNIQ_014871,42702,curitiba,PR
CUST_014872,UNIQ_014872,25593,fortaleza,CE
CUST_014873,UNIQ_014873,47219,florianopolis,SC
CUST_014874,UNIQ_014874,19979,rio de janeiro,RJ
CUST_014875,UNIQ_014875,20800,recife,PE
CUST_014876,UNIQ_014876,38546,goiania,GO
CUST_014877,UNIQ_014877,16736,goiania,GO
CUST_014878,UNIQ_014878,88225,teresina,PI
CUST_014879,UNIQ_014879,96755,teresina,PI
CUST_014880,UNIQ_014880,60926,curitiba,PR
CUST_014881,UNIQ_014881,63283,belo horizonte,MG
CUST_014882,UNIQ_014882,43196,maceio,AL
CUST_014883,UNIQ_014883,54188,florianopolis,SC
CUST_014884,UNIQ_014884,52359,curitiba,PR
CUST_014885,UNIQ_014885,95981,curitiba,PR
CUST_014886,UNIQ_014886,50879,joao pessoa,PB
CUST_014887,UNIQ_014887,10264,belo horizonte,MG
CUST_014888,UNIQ_014888,92968,fortaleza,CE
CUST_014889,UNIQ_014889,47092,florianopolis,SC
CUST_014890,UNIQ_014890,18520,joao pessoa,PB
CUST_014891,UNIQ_014891,86513,campo grande,MS
CUST_014892,UNIQ_014892,88277,maceio,AL
CUST_014893,UNIQ_014893,46165,porto velho,RO
CUST_014894,UNIQ_014894,78906,aracaju,SE
CUST_014895,UNIQ_014895,65826,florianopolis,SC
CUST_014896,UNIQ_014896,89234,natal,RN
CUST_014897,UNIQ_014897,76412,belem,PA
CUST_014898,UNIQ_014898,88365,cuiaba,MT
CUST_014899,UNIQ_014899,17648,recife,PE
CUST_014900,UNIQ_014900,58397,sao paulo,SP
CUST_014901,UNIQ_014901,87443,salvador,BA
CUST_014902,UNIQ_014902,66713,goiania,GO
CUST_014903,UNIQ_014903,55595,campo grande,MS
CUST_014904,UNIQ_014904,37290,natal,RN
CUST_014905,UNIQ_014905,57718,florianopolis,SC
CUST_014906,UNIQ_014906,48829,aracaju,SE
CUST_014907,UNIQ_014907,34147,fortaleza,CE
CUST_014908,UNIQ_014908,93643,campo grande,MS
CUST_014909,UNIQ_014909,69727,belo horizonte,MG
CUST_014910,UNIQ_014910,61080,fortaleza,CE
CUST_014911,UNIQ_014911,27467,natal,RN
CUST_014912,UNIQ_014912,63096,florianopolis,SC
CUST_014913,UNIQ_014913,13393,florianopolis,SC
CUST_014914,UNIQ_014914,60171,porto alegre,RS
CUST_014915,UNIQ_014915,72444,sao paulo,SP
CUST_014916,UNIQ_014916,96944,sao paulo,SP
CUST_014917,UNIQ_014917,20879,rio de janeiro,RJ
CUST_014918,UNIQ_014918,95709,belem,PA
CUST_014919,UNIQ_014919,24579,porto alegre,RS
CUST_014920,UNIQ_014920,10667,recife,PE
CUST_014921,UNIQ_014921,76747,natal,RN
CUST_014922,UNIQ_014922,33597,teresina,PI
CUST_014923,UNIQ_014923,15311,porto alegre,RS
CUST_014924,UNIQ_014924,68337,aracaju,SE
CUST_014925,UNIQ_014925,10674,salvador,BA
CUST_014926,UNIQ_014926,93646,sao paulo,SP
CUST_014927,UNIQ_014927,63631,teresina,PI
CUST_014928,UNIQ_014928,88578,maceio,AL
CUST_014929,UNIQ_014929,98121,rio de janeiro,RJ
CUST_014930,UNIQ_014930,23145,porto alegre,RS
CUST_014931,UNIQ_014931,27770,joao pessoa,PB
CUST_014932,UNIQ_014932,28444,maceio,AL
CUST_014933,UNIQ_014933,71828,sao paulo,SP
CUST_014934,UNIQ_014934,32085,teresina,PI
CUST_014935,UNIQ_014935,75732,manaus,AM
CUST_014936,UNIQ_014936,25953,salvador,BA
CUST_014937,UNIQ_014937,96455,florianopolis,SC
CUST_014938,UNIQ_014938,28350,curitiba,PR
CUST_014939,UNIQ_014939,28720,recife,PE
CUST_014940,UNIQ_014940,29409,maceio,AL
CUST_014941,UNIQ_014941,32936,curitiba,PR
CUST_014942,UNIQ_014942,30319,maceio,AL
CUST_014943,UNIQ_014943,11726,belem,PA
CUST_014944,UNIQ_014944,46401,maceio,AL
CUST_014945,UNIQ_014945,52826,joao pessoa,PB
CUST_014946,UNIQ_014946,78945,fortaleza,CE
CUST_014947,UNIQ_014947,56912,manaus,AM
CUST_014948,UNIQ_014948,87470,porto velho,RO
CUST_014949,UNIQ_014949,48949,porto velho,RO
CUST_014950,UNIQ_014950,10168,rio de janeiro,RJ
CUST_014951,UNIQ_014951,22093,porto alegre,RS
CUST_014952,UNIQ_014952,82645,rio de janeiro,RJ
CUST_014953,UNIQ_014953,69293,porto alegre,RS
CUST_014954,UNIQ_014954,25181,porto velho,RO
CUST_014955,UNIQ_014955,58893,recife,PE
CUST_014956,UNIQ_014956,25133,salvador,BA
CUST_014957,UNIQ_014957,55485,recife,PE
CUST_014958,UNIQ_014958,51211,sao paulo,SP
CUST_014959,UNIQ_014959,51770,manaus,AM
CUST_014960,UNIQ_014960,29086,campo grande,MS
CUST_014961,UNIQ_014961,94296,curitiba,PR
CUST_014962,UNIQ_014962,87601,aracaju,SE
CUST_014963,UNIQ_014963,11003,fortaleza,CE
CUST_014964,UNIQ_014964,47914,teresina,PI
CUST_014965,UNIQ_014965,93827,salvador,BA
CUST_014966,UNIQ_014966,74143,florianopolis,SC
CUST_014967,UNIQ_014967,15365,maceio,AL
CUST_014968,UNIQ_014968,70864,porto velho,RO
CUST_014969,UNIQ_014969,41491,aracaju,SE
CUST_014970,UNIQ_014970,26728,sao paulo,SP
CUST_014971,UNIQ_014971,12253,maceio,AL
CUST_014972,UNIQ_014972,13110,belo horizonte,MG
CUST_014973,UNIQ_014973,23412,belem,PA
CUST_014974,UNIQ_014974,47709,porto velho,RO
CUST_014975,UNIQ_014975,41796,goiania,GO
CUST_014976,UNIQ_014976,20118,belem,PA
CUST_014977,UNIQ_014977,53636,porto velho,RO
CUST_014978,UNIQ_014978,76917,fortaleza,CE
CUST_014979,UNIQ_014979,95955,salvador,BA
CUST_014980,UNIQ_014980,47737,porto alegre,RS
CUST_014981,UNIQ_014981,82832,joao pessoa,PB
CUST_014982,UNIQ_014982,69524,teresina,PI
CUST_014983,UNIQ_014983,92419,belem,PA
CUST_014984,UNIQ_014984,82168,fortaleza,CE
CUST_014985,UNIQ_014985,32975,rio de janeiro,RJ
CUST_014986,UNIQ_014986,94090,belo horizonte,MG
CUST_014987,UNIQ_014987,98360,aracaju,SE
CUST_014988,UNIQ_014988,89985,maceio,AL
CUST_014989,UNIQ_014989,12958,recife,PE
CUST_014990,UNIQ_014990,39099,natal,RN
CUST_014991,UNIQ_014991,75237,florianopolis,SC
CUST_014992,UNIQ_014992,94210,maceio,AL
CUST_014993,UNIQ_014993,98301,sao paulo,SP
CUST_014994,UNIQ_014994,70903,recife,PE
CUST_014995,UNIQ_014995,86701,maceio,AL
CUST_014996,UNIQ_014996,97508,salvador,BA
CUST_014997,UNIQ_014997,22759,fortaleza,CE
CUST_014998,UNIQ_014998,96593,recife,PE
CUST_014999,UNIQ_014999,68278,porto velho,RO
CUST_015000,UNIQ_015000,41398,porto alegre,RS
