product_id,product_category_name,units_sold,total_revenue,average_price
PROD_000005,toys,51,66438.26,1302.7109803921567
PROD_001490,computers,44,62954.219999999994,1430.7777272727271
PROD_001159,health,47,61879.350000000006,1316.581914893617
PROD_002467,furniture,42,60147.70000000001,1432.0880952380955
PROD_001488,electronics,47,60107.40000000001,1278.88085106383
PROD_000593,home_appliances,42,60044.810000000005,1429.6383333333335
PROD_001171,computers,40,59402.099999999984,1485.0524999999996
PROD_000231,home_appliances,41,58891.609999999986,1436.3807317073167
PROD_001829,toys,43,58333.43000000003,1356.591395348838
PROD_000480,health,50,58277.56999999999,1165.5513999999998
PROD_002029,home_appliances,40,57352.20000000001,1433.8050000000003
PROD_002457,furniture,41,57341.35999999999,1398.569756097561
PROD_001281,sports,51,57027.12,1118.1788235294118
PROD_000204,electronics,43,56638.69,1317.1788372093024
PROD_002172,automotive,36,56574.299999999996,1571.5083333333332
PROD_002030,automotive,43,56557.63,1315.2937209302324
PROD_000406,automotive,44,56513.329999999994,1284.3938636363634
PROD_001811,music,43,56467.93999999998,1313.2079069767437
PROD_001878,electronics,41,56243.99,1371.8046341463414
PROD_000440,sports,43,56232.58,1307.7344186046512
PROD_001902,electronics,41,56041.69999999999,1366.8707317073167
PROD_001624,computers,42,56003.849999999984,1333.4249999999997
PROD_001732,electronics,36,55745.74,1548.4927777777777
PROD_000417,food,40,55713.11,1392.82775
PROD_000611,books,42,55708.89000000001,1326.402142857143
PROD_001217,automotive,40,55645.51000000001,1391.1377500000003
PROD_001527,food,46,55634.560000000005,1209.4469565217391
PROD_000512,sports,41,55328.47,1349.4748780487805
PROD_002584,computers,41,55275.58000000001,1348.1848780487808
PROD_001448,music,41,55112.749999999985,1344.213414634146
PROD_001965,automotive,36,55076.599999999984,1529.905555555555
PROD_002906,sports,40,54795.810000000005,1369.89525
PROD_001689,toys,40,54558.70999999999,1363.9677499999998
PROD_000047,sports,39,54550.83000000001,1398.739230769231
PROD_001913,health,38,54528.070000000014,1434.9492105263162
PROD_002151,computers,45,54524.10000000001,1211.646666666667
PROD_000618,computers,40,54497.26999999998,1362.4317499999995
PROD_000727,toys,43,54418.770000000004,1265.5527906976745
PROD_000177,electronics,42,54322.95,1293.4035714285715
PROD_001344,office,43,54237.76999999999,1261.3434883720927
PROD_000203,electronics,36,54148.35,1504.1208333333334
PROD_001117,automotive,39,54132.420000000006,1388.0107692307695
PROD_001817,sports,37,54077.619999999995,1461.5572972972973
PROD_000550,furniture,38,53894.540000000015,1418.277368421053
PROD_001531,music,42,53887.469999999994,1283.0349999999999
PROD_001813,beauty,40,53873.28999999999,1346.83225
PROD_001427,computers,40,53848.329999999994,1346.20825
PROD_000988,computers,41,53812.759999999995,1312.5063414634144
PROD_000754,furniture,34,53784.11,1581.885588235294
PROD_002768,fashion,39,53753.21999999999,1378.287692307692
PROD_000238,electronics,38,53702.49999999999,1413.223684210526
PROD_000834,health,40,53699.8,1342.4950000000001
PROD_002371,electronics,39,53696.899999999994,1376.8435897435895
PROD_002257,sports,37,53679.68999999999,1450.8024324324322
PROD_001235,health,39,53655.87,1375.7915384615385
PROD_000893,furniture,40,53650.74999999999,1341.2687499999997
PROD_002622,office,31,53613.34,1729.462580645161
PROD_001571,fashion,43,53588.57000000001,1246.2458139534886
PROD_001959,automotive,36,53563.45999999999,1487.8738888888886
PROD_002825,garden,39,53549.97000000001,1373.076153846154
PROD_002760,garden,38,53444.53999999999,1406.4352631578945
PROD_001661,home_appliances,38,53384.76,1404.862105263158
PROD_000363,sports,36,53284.600000000006,1480.127777777778
PROD_001515,food,39,53196.75999999999,1364.0194871794868
PROD_001082,books,41,53149.33,1296.3251219512194
PROD_001072,fashion,36,53079.47000000001,1474.4297222222224
PROD_002897,electronics,38,53034.18000000001,1395.6363157894739
PROD_000267,toys,37,52989.5,1432.1486486486488
PROD_001459,music,36,52891.62,1469.2116666666668
PROD_001669,furniture,42,52616.80000000001,1252.7809523809526
PROD_002603,garden,39,52549.47999999999,1347.422564102564
PROD_000034,office,44,52511.759999999995,1193.4490909090907
PROD_000941,furniture,36,52478.49999999999,1457.7361111111109
PROD_001389,furniture,35,52401.070000000014,1497.173428571429
PROD_001749,fashion,38,52391.7,1378.728947368421
PROD_000876,furniture,42,52386.599999999984,1247.2999999999997
PROD_002774,fashion,40,52318.93,1307.97325
PROD_001075,home_appliances,41,52307.54000000001,1275.7936585365856
PROD_000528,home_appliances,35,52244.420000000006,1492.6977142857145
PROD_001161,music,37,52176.24,1410.1686486486485
PROD_001752,toys,36,52152.68999999999,1448.685833333333
PROD_001094,beauty,41,51850.64,1264.649756097561
PROD_001486,beauty,38,51740.149999999994,1361.582894736842
PROD_002545,furniture,34,51689.63,1520.2832352941175
PROD_000233,books,39,51672.57000000001,1324.9376923076925
PROD_001823,sports,45,51427.919999999984,1142.8426666666662
PROD_001207,food,34,51396.53000000001,1511.662647058824
PROD_002057,sports,41,51379.82,1253.1663414634147
PROD_001162,beauty,37,51332.96000000002,1387.377297297298
PROD_002507,furniture,31,51259.110000000015,1653.5196774193553
PROD_002981,toys,34,51211.50000000001,1506.2205882352944
PROD_001621,books,35,51206.65,1463.047142857143
PROD_000264,furniture,33,51183.829999999994,1551.0251515151513
PROD_002883,toys,34,51153.98,1504.528823529412
PROD_002960,music,40,51090.43000000001,1277.2607500000001
PROD_001257,beauty,34,51076.369999999995,1502.2461764705881
PROD_000775,electronics,40,51071.84,1276.7959999999998
PROD_002350,office,38,51055.74999999999,1343.5723684210525
PROD_002412,furniture,37,50988.51000000001,1378.0678378378382
PROD_001768,home_appliances,42,50983.70000000001,1213.8976190476194
PROD_000910,beauty,39,50889.96000000001,1304.8707692307694
PROD_002669,sports,38,50886.469999999994,1339.117631578947
PROD_000901,furniture,38,50883.479999999996,1339.0389473684208
PROD_002898,computers,37,50877.29,1375.061891891892
PROD_000413,fashion,32,50832.03999999999,1588.5012499999998
PROD_001058,office,40,50659.340000000004,1266.4835
PROD_000167,office,37,50639.75999999999,1368.6421621621619
PROD_000932,electronics,41,50614.560000000005,1234.5014634146344
PROD_000327,electronics,39,50592.56999999999,1297.2453846153844
PROD_000831,automotive,41,50587.979999999996,1233.8531707317072
PROD_000432,computers,42,50578.27999999999,1204.2447619047616
PROD_001691,furniture,32,50555.30000000001,1579.8531250000003
PROD_002727,sports,35,50477.899999999994,1442.225714285714
PROD_002935,electronics,36,50476.03000000001,1402.1119444444448
PROD_001195,computers,36,50464.85999999999,1401.8016666666665
PROD_000016,toys,38,50436.78000000001,1327.2836842105266
PROD_002463,music,31,50412.72,1626.2167741935484
PROD_000596,books,39,50389.62999999998,1292.0417948717945
PROD_002961,fashion,34,50357.88000000001,1481.1141176470592
PROD_001783,automotive,36,50341.609999999986,1398.3780555555552
PROD_002283,health,38,50304.78999999999,1323.8102631578945
PROD_001925,health,39,50219.96000000002,1287.6912820512825
PROD_000551,health,36,50173.43999999999,1393.7066666666663
PROD_001428,automotive,31,50157.11000000001,1617.971290322581
PROD_001583,toys,37,50155.95,1355.5662162162162
PROD_002866,automotive,38,50113.85,1318.7855263157894
PROD_001970,music,41,50098.33999999999,1221.9107317073167
PROD_002200,books,38,50042.64000000001,1316.9115789473685
PROD_000442,food,35,49995.850000000006,1428.4528571428573
PROD_002213,toys,37,49961.119999999995,1350.3005405405404
PROD_001467,health,38,49934.479999999996,1314.0652631578946
PROD_001658,furniture,33,49853.75000000001,1510.7196969696972
PROD_001998,automotive,40,49828.71,1245.71775
PROD_001821,health,37,49764.060000000005,1344.9745945945947
PROD_002083,fashion,32,49652.670000000006,1551.6459375000002
PROD_000412,office,35,49580.45000000001,1416.5842857142861
PROD_000224,health,38,49519.05,1303.1328947368422
PROD_000253,fashion,35,49501.4,1414.3257142857144
PROD_002448,food,32,49490.37999999999,1546.5743749999997
PROD_000653,food,40,49459.91999999999,1236.4979999999998
PROD_000053,office,37,49398.79000000002,1335.102432432433
PROD_000516,music,38,49379.59999999999,1299.4631578947367
PROD_000174,furniture,36,49363.83000000001,1371.2175000000002
PROD_001737,automotive,36,49325.48,1370.1522222222222
PROD_000725,beauty,35,49277.669999999984,1407.933428571428
PROD_002948,health,40,49228.30999999999,1230.7077499999998
PROD_000430,computers,31,49226.07,1587.937741935484
PROD_002413,beauty,34,49201.78,1447.1111764705881
PROD_000561,health,32,49185.69999999999,1537.0531249999997
PROD_001290,automotive,35,49155.66,1404.4474285714286
PROD_000969,furniture,37,49155.64999999999,1328.5310810810806
PROD_001869,toys,35,49144.80000000001,1404.137142857143
PROD_001657,home_appliances,39,49092.13,1258.772564102564
PROD_002979,home_appliances,33,49084.71,1487.4154545454546
PROD_000420,toys,39,49074.16000000002,1258.3117948717954
PROD_002035,books,38,49064.09999999999,1291.1605263157892
PROD_001519,toys,35,49012.58,1400.3594285714287
PROD_000345,beauty,36,48999.38000000001,1361.0938888888893
PROD_000857,garden,38,48993.34,1289.2984210526315
PROD_001083,home_appliances,38,48959.189999999995,1288.399736842105
PROD_001318,automotive,38,48941.68000000001,1287.9389473684212
PROD_000187,toys,40,48918.72000000001,1222.9680000000003
PROD_002660,beauty,39,48917.38999999999,1254.292051282051
PROD_002862,electronics,39,48887.09,1253.5151282051281
PROD_000824,computers,33,48874.91999999999,1481.0581818181815
PROD_000449,furniture,40,48870.159999999996,1221.754
PROD_002481,garden,32,48772.60000000002,1524.1437500000006
PROD_000955,automotive,35,48743.329999999994,1392.6665714285712
PROD_000010,toys,34,48723.04,1433.030588235294
PROD_000638,automotive,33,48709.650000000016,1476.0500000000004
PROD_002784,toys,36,48682.66,1352.2961111111113
PROD_000297,electronics,39,48681.16,1248.2348717948719
PROD_001808,fashion,36,48669.14,1351.9205555555554
PROD_001198,music,37,48594.840000000004,1313.374054054054
PROD_001476,books,40,48590.350000000006,1214.7587500000002
PROD_001163,sports,37,48575.229999999996,1312.844054054054
PROD_001127,garden,35,48562.39999999999,1387.4971428571425
PROD_001404,furniture,29,48554.14,1674.2806896551724
PROD_001977,electronics,35,48541.15,1386.89
PROD_002460,automotive,37,48541.05000000001,1311.9202702702705
PROD_000085,office,35,48536.41,1386.7545714285716
PROD_001756,fashion,37,48489.679999999986,1310.5318918918915
PROD_001948,home_appliances,37,48485.32999999999,1310.414324324324
PROD_000116,home_appliances,38,48479.350000000006,1275.7723684210528
PROD_001431,automotive,37,48467.97999999999,1309.9454054054052
PROD_001860,furniture,33,48458.58,1468.4418181818182
PROD_002162,music,37,48455.41,1309.6056756756757
PROD_001460,electronics,37,48435.189999999995,1309.059189189189
PROD_002557,garden,37,48432.45,1308.9851351351351
PROD_001342,health,35,48377.62999999998,1382.2179999999996
PROD_000246,garden,41,48366.88999999999,1179.6802439024389
PROD_002679,toys,37,48365.81,1307.184054054054
PROD_000097,toys,33,48364.12,1465.579393939394
PROD_002288,garden,30,48316.96,1610.5653333333332
PROD_001786,toys,40,48275.560000000005,1206.8890000000001
PROD_000294,books,31,48275.27,1557.2667741935484
PROD_001582,home_appliances,37,48250.46000000001,1304.0664864864866
PROD_001964,garden,36,48219.92000000001,1339.4422222222227
PROD_002146,books,34,48181.87000000001,1417.113823529412
PROD_002358,beauty,31,48165.00999999999,1553.7099999999996
PROD_001493,food,34,48125.89000000001,1415.4673529411766
PROD_001891,computers,36,48093.619999999995,1335.9338888888888
PROD_000082,home_appliances,36,48074.06000000002,1335.3905555555561
PROD_002512,toys,33,48066.35,1456.5560606060606
PROD_000896,food,34,48063.25,1413.625
PROD_001267,sports,41,48056.21,1172.1026829268292
PROD_001542,automotive,35,48041.430000000015,1372.6122857142861
PROD_000705,computers,34,48038.91999999999,1412.9094117647055
PROD_002867,fashion,31,48037.67,1549.602258064516
PROD_001370,electronics,31,48037.450000000004,1549.5951612903227
PROD_001176,toys,34,48036.75,1412.8455882352941
PROD_002149,health,40,48033.36000000001,1200.8340000000003
PROD_001637,music,35,48027.450000000004,1372.2128571428573
PROD_001383,office,34,48008.399999999994,1412.0117647058821
PROD_001861,computers,34,48003.85,1411.8779411764706
PROD_002687,food,36,47972.72999999999,1332.575833333333
PROD_000890,food,36,47941.40999999999,1331.705833333333
PROD_000949,furniture,40,47924.770000000004,1198.1192500000002
PROD_001871,automotive,39,47921.88,1228.7661538461539
PROD_001603,home_appliances,31,47904.12000000001,1545.2941935483875
PROD_001926,office,37,47898.12,1294.543783783784
PROD_001563,automotive,32,47873.36,1496.0425
PROD_001303,automotive,36,47861.57,1329.4880555555555
PROD_000076,furniture,32,47855.31999999999,1495.4787499999998
PROD_002927,beauty,32,47853.09,1495.4090625
PROD_000836,books,36,47814.94000000001,1328.192777777778
PROD_002860,books,35,47748.01000000001,1364.2288571428574
PROD_000533,furniture,36,47747.27,1326.3130555555554
PROD_000227,computers,38,47736.68,1256.2284210526316
PROD_001866,office,37,47736.17999999999,1290.1670270270267
PROD_001759,fashion,36,47720.520000000004,1325.5700000000002
PROD_001120,music,34,47698.39999999998,1402.8941176470582
PROD_001853,toys,36,47624.1,1322.8916666666667
PROD_002853,food,38,47617.09,1253.0813157894736
PROD_001960,toys,36,47597.99999999999,1322.1666666666665
PROD_000225,fashion,37,47590.07000000001,1286.2181081081083
PROD_000786,music,34,47561.58,1398.8700000000001
PROD_001073,food,31,47498.579999999994,1532.212258064516
PROD_000908,toys,38,47494.09000000001,1249.844473684211
PROD_002841,computers,32,47488.17999999999,1484.0056249999998
PROD_001311,office,36,47472.0,1318.6666666666667
PROD_000488,music,35,47467.86,1356.2245714285714
PROD_001969,books,37,47438.75000000001,1282.1283783783786
PROD_001526,toys,32,47436.65000000001,1482.3953125000003
PROD_002945,toys,38,47417.84999999999,1247.8381578947367
PROD_000644,sports,33,47363.36000000001,1435.2533333333336
PROD_000156,food,36,47334.74,1314.8538888888888
PROD_002925,fashion,35,47328.53,1352.2437142857143
PROD_000784,computers,37,47326.89999999999,1279.105405405405
PROD_002769,food,37,47322.549999999996,1278.9878378378378
PROD_001394,electronics,37,47284.23,1277.9521621621623
PROD_002565,food,33,47261.409999999996,1432.1639393939392
PROD_002842,beauty,32,47249.229999999996,1476.5384374999999
PROD_001647,music,32,47241.76000000001,1476.3050000000003
PROD_000352,music,33,47234.86999999999,1431.3596969696966
PROD_000273,fashion,32,47224.450000000004,1475.7640625000001
PROD_000921,beauty,36,47214.880000000005,1311.5244444444445
PROD_000373,garden,38,47121.21000000002,1240.0318421052636
PROD_002983,automotive,29,47118.65000000001,1624.781034482759
PROD_000055,home_appliances,35,47113.729999999996,1346.1065714285712
PROD_000149,beauty,36,47094.829999999994,1308.1897222222221
PROD_000750,computers,30,47093.83999999999,1569.7946666666662
PROD_002940,garden,37,47060.919999999984,1271.9167567567563
PROD_001517,music,35,47022.74,1343.5068571428571
PROD_001419,beauty,35,47020.579999999994,1343.4451428571426
PROD_002705,toys,34,47017.64000000001,1382.8717647058825
PROD_002308,food,32,46983.950000000004,1468.2484375000001
PROD_001434,toys,33,46973.03,1423.4251515151516
PROD_002235,toys,43,46964.51,1092.1979069767442
PROD_002097,fashion,37,46948.779999999984,1268.8859459459454
PROD_002870,sports,40,46927.8,1173.1950000000002
PROD_001709,home_appliances,34,46926.65999999999,1380.1958823529408
PROD_001816,computers,33,46902.38,1421.2842424242424
PROD_000884,fashion,30,46873.939999999995,1562.4646666666665
PROD_000356,beauty,36,46864.850000000006,1301.801388888889
PROD_000918,toys,34,46839.2,1377.6235294117646
PROD_001746,automotive,34,46828.669999999984,1377.3138235294114
PROD_002919,music,39,46805.689999999995,1200.1458974358973
PROD_000911,automotive,37,46789.89,1264.5916216216217
PROD_000794,garden,34,46789.259999999995,1376.1547058823528
PROD_000675,music,35,46778.130000000005,1336.518
PROD_000302,music,35,46742.50000000001,1335.5000000000002
PROD_002922,music,35,46719.35,1334.8385714285714
PROD_000133,furniture,36,46698.62999999999,1297.1841666666664
PROD_002856,food,33,46680.509999999995,1414.560909090909
PROD_001662,computers,28,46629.10999999999,1665.325357142857
PROD_000103,books,34,46622.32,1371.244705882353
PROD_002374,garden,35,46622.0,1332.057142857143
PROD_001939,toys,30,46605.59,1553.5196666666666
PROD_001595,toys,38,46597.45,1226.2486842105263
PROD_000310,fashion,36,46574.67999999999,1293.741111111111
PROD_000494,garden,32,46562.64,1455.0825
PROD_002118,toys,34,46558.09,1369.355588235294
PROD_001795,electronics,34,46549.659999999996,1369.1076470588234
PROD_000722,sports,38,46548.81,1224.9686842105264
PROD_001911,toys,35,46548.159999999996,1329.9474285714284
PROD_001411,electronics,34,46541.53,1368.8685294117647
PROD_000366,home_appliances,32,46531.66,1454.114375
PROD_000990,health,36,46525.530000000006,1292.3758333333335
PROD_001631,electronics,37,46502.630000000005,1256.827837837838
PROD_000557,health,36,46456.72,1290.4644444444446
PROD_002496,toys,32,46455.23000000002,1451.7259375000006
PROD_000524,automotive,35,46438.41000000001,1326.8117142857145
PROD_000424,automotive,32,46411.76,1450.3675
PROD_000454,books,35,46408.56999999999,1325.9591428571428
PROD_000867,automotive,38,46400.17999999999,1221.0573684210524
PROD_002833,music,34,46395.399999999994,1364.570588235294
PROD_002928,garden,37,46394.57999999998,1253.907567567567
PROD_001545,beauty,33,46357.979999999996,1404.7872727272727
PROD_000945,beauty,33,46356.19,1404.7330303030303
PROD_000455,fashion,39,46333.399999999994,1188.0358974358974
PROD_002287,garden,33,46325.96,1403.8169696969696
PROD_000315,health,41,46322.64999999999,1129.8207317073168
PROD_001881,garden,31,46303.299999999996,1493.6548387096773
PROD_001376,furniture,36,46295.30000000001,1285.9805555555558
PROD_001616,home_appliances,34,46294.469999999994,1361.6020588235292
PROD_001347,books,30,46260.38999999999,1542.0129999999997
PROD_000661,automotive,36,46248.56999999999,1284.6825
PROD_001842,electronics,34,46231.19000000002,1359.7408823529418
PROD_002738,furniture,33,46215.76999999999,1400.4778787878786
PROD_002535,food,33,46160.04000000002,1398.7890909090916
PROD_000822,health,32,46144.35999999999,1442.0112499999998
PROD_002249,fashion,41,46132.07999999999,1125.1726829268289
PROD_000123,home_appliances,43,46099.57,1072.083023255814
PROD_002838,garden,33,46090.37999999999,1396.6781818181814
PROD_000083,health,31,46081.71,1486.5067741935484
PROD_001802,health,32,46069.419999999984,1439.6693749999995
PROD_001454,home_appliances,33,46058.84000000001,1395.7224242424245
PROD_000521,toys,36,46042.060000000005,1278.9461111111113
PROD_000468,computers,31,46042.049999999996,1485.2274193548385
PROD_000534,garden,38,46018.369999999995,1211.0097368421052
PROD_000985,health,41,45966.68,1121.138536585366
PROD_002215,food,34,45960.52999999999,1351.780294117647
PROD_001708,office,31,45937.25999999999,1481.8470967741932
PROD_000478,computers,31,45928.380000000005,1481.5606451612905
PROD_001180,toys,34,45916.59,1350.4879411764705
PROD_001096,fashion,36,45912.020000000004,1275.333888888889
PROD_002441,furniture,34,45908.55999999998,1350.251764705882
PROD_001412,music,38,45900.73999999999,1207.9142105263156
PROD_000762,music,38,45885.07,1207.5018421052632
PROD_000479,electronics,31,45872.00999999997,1479.7422580645152
PROD_002552,music,37,45871.19,1239.761891891892
PROD_000777,fashion,34,45864.84,1348.965882352941
PROD_001824,fashion,33,45859.749999999985,1389.6893939393935
PROD_001700,sports,32,45840.52999999999,1432.5165624999997
PROD_002076,computers,36,45837.33999999998,1273.259444444444
PROD_000230,books,33,45836.77999999999,1388.993333333333
PROD_001216,computers,36,45822.57000000001,1272.8491666666669
PROD_001296,furniture,36,45793.100000000006,1272.0305555555558
PROD_000318,garden,36,45770.979999999996,1271.416111111111
PROD_000887,garden,31,45753.88999999999,1475.9319354838708
PROD_002804,garden,34,45724.799999999996,1344.8470588235293
PROD_002878,books,32,45664.310000000005,1427.0096875000002
PROD_001472,beauty,33,45639.45999999999,1383.0139393939392
PROD_002271,toys,32,45624.0,1425.75
PROD_001834,beauty,32,45617.770000000004,1425.5553125000001
PROD_002855,furniture,34,45615.16000000001,1341.6223529411768
PROD_000279,toys,37,45614.73,1232.8305405405406
PROD_000397,books,38,45613.58,1200.3573684210526
PROD_001393,office,33,45609.14000000001,1382.0951515151517
PROD_000329,toys,32,45599.119999999995,1424.9724999999999
PROD_001279,sports,33,45592.65999999999,1381.5957575757573
PROD_000839,furniture,35,45545.96,1301.3131428571428
PROD_000197,garden,34,45545.7,1339.5794117647058
PROD_001966,music,33,45529.13,1379.670606060606
PROD_002997,home_appliances,34,45528.87,1339.084411764706
PROD_002123,fashion,34,45511.71000000001,1338.5797058823532
PROD_000483,fashion,30,45483.41,1516.1136666666669
PROD_001667,sports,34,45423.44000000002,1335.9835294117652
PROD_002351,furniture,31,45416.13000000001,1465.0364516129036
PROD_000195,beauty,36,45409.95,1261.3874999999998
PROD_000695,music,34,45408.340000000004,1335.539411764706
PROD_001322,furniture,34,45375.030000000006,1334.5597058823532
PROD_002594,furniture,39,45349.06,1162.7964102564101
PROD_002821,furniture,37,45345.13999999999,1225.5443243243242
PROD_001168,food,38,45335.13999999999,1193.0299999999997
PROD_001332,garden,34,45306.98,1332.5582352941178
PROD_000114,automotive,33,45301.34999999999,1372.7681818181816
PROD_000193,office,35,45300.02,1294.2862857142857
PROD_001278,toys,36,45273.63999999999,1257.6011111111109
PROD_002688,music,35,45258.96,1293.1131428571427
PROD_000873,automotive,33,45244.829999999994,1371.0554545454543
PROD_001706,office,38,45190.049999999996,1189.211842105263
PROD_000066,automotive,31,45184.5,1457.5645161290322
PROD_001547,food,37,45157.439999999995,1220.4713513513511
PROD_000127,books,31,45151.95000000001,1456.5145161290327
PROD_002183,electronics,29,45141.78999999999,1556.6134482758619
PROD_002776,electronics,31,45078.469999999994,1454.144193548387
PROD_001325,automotive,33,45064.38999999999,1365.5875757575755
PROD_002745,beauty,33,45049.49,1365.1360606060605
PROD_001358,books,31,45039.75,1452.8951612903227
PROD_001533,computers,32,45038.26,1407.445625
PROD_001870,sports,35,45026.42,1286.4691428571427
PROD_002749,furniture,34,44996.54,1323.4276470588236
PROD_002006,sports,33,44988.94,1363.3012121212123
PROD_001185,sports,36,44966.25000000001,1249.0625000000002
PROD_000079,books,39,44964.40000000001,1152.9333333333336
PROD_001456,food,33,44872.58,1359.7751515151515
PROD_001885,home_appliances,34,44872.16,1319.769411764706
PROD_002285,home_appliances,34,44867.18000000001,1319.6229411764707
PROD_000930,health,34,44836.35999999999,1318.716470588235
PROD_002782,food,33,44834.84,1358.631515151515
PROD_001822,books,34,44834.799999999996,1318.670588235294
PROD_001166,automotive,40,44833.28999999999,1120.83225
PROD_002497,office,33,44831.079999999994,1358.5175757575755
PROD_001558,books,35,44803.009999999995,1280.0859999999998
PROD_000605,office,38,44795.60000000001,1178.8315789473688
PROD_000171,books,31,44768.14,1444.1335483870967
PROD_001758,office,32,44722.389999999985,1397.5746874999995
PROD_000895,fashion,33,44707.82000000001,1354.7824242424244
PROD_001520,automotive,31,44706.09999999999,1442.1322580645158
PROD_000051,sports,32,44700.34,1396.885625
PROD_002827,electronics,34,44699.13,1314.680294117647
PROD_001990,furniture,35,44668.72,1276.249142857143
PROD_000062,toys,35,44666.84000000001,1276.195428571429
PROD_000612,computers,30,44642.48000000002,1488.0826666666674
PROD_002629,beauty,36,44641.3,1240.0361111111113
PROD_002662,beauty,31,44634.11,1439.81
PROD_002417,furniture,37,44633.73000000001,1206.3170270270273
PROD_002500,garden,32,44631.58,1394.736875
PROD_001368,food,32,44621.27999999999,1394.4149999999997
PROD_000651,food,32,44562.119999999995,1392.5662499999999
PROD_001105,sports,26,44552.55999999999,1713.5599999999997
PROD_000879,furniture,33,44548.90000000001,1349.966666666667
PROD_002175,office,38,44547.02,1172.29
PROD_001537,books,34,44545.76000000001,1310.1694117647062
PROD_001357,books,34,44516.13999999999,1309.2982352941174
PROD_000806,sports,35,44507.40000000001,1271.6400000000003
PROD_000307,books,32,44497.87,1390.5584375
PROD_002258,music,34,44490.75,1308.5514705882354
PROD_002447,music,34,44448.1,1307.2970588235294
PROD_001464,electronics,38,44407.179999999986,1168.6099999999997
PROD_002312,fashion,32,44360.65000000001,1386.2703125000003
PROD_001983,electronics,31,44314.02,1429.484516129032
PROD_002263,garden,34,44305.98999999999,1303.1173529411763
PROD_000208,toys,31,44293.39000000001,1428.8190322580647
PROD_002494,garden,31,44292.92,1428.803870967742
PROD_002773,music,36,44258.740000000005,1229.4094444444445
PROD_002680,health,34,44249.88000000001,1301.4670588235297
PROD_000164,beauty,33,44239.16,1340.5806060606062
PROD_001765,garden,30,44217.759999999995,1473.9253333333331
PROD_001101,office,36,44217.469999999994,1228.2630555555554
PROD_001229,health,38,44210.1,1163.4236842105263
PROD_002138,computers,35,44209.42,1263.1262857142856
PROD_001066,books,32,44196.70999999999,1381.1471874999997
PROD_002415,electronics,30,44195.56999999999,1473.1856666666665
PROD_000977,electronics,27,44189.17,1636.635925925926
PROD_001298,sports,36,44165.9,1226.8305555555555
PROD_000094,sports,32,44164.36999999999,1380.1365624999996
PROD_001646,toys,37,44158.91,1193.4840540540542
PROD_000277,computers,31,44148.87999999998,1424.157419354838
PROD_000756,electronics,32,44136.84000000001,1379.2762500000003
PROD_000484,toys,34,44133.869999999995,1298.0549999999998
PROD_000319,music,30,44122.920000000006,1470.7640000000001
PROD_000011,office,32,44111.77999999999,1378.4931249999997
PROD_000864,health,34,44102.63,1297.1361764705882
PROD_001645,home_appliances,31,44102.46,1422.66
PROD_001380,beauty,36,44097.240000000005,1224.9233333333334
PROD_001233,furniture,31,44075.78,1421.7993548387096
PROD_002261,sports,38,44071.53999999999,1159.7773684210524
PROD_002089,food,28,44070.63000000001,1573.9510714285718
PROD_002120,books,36,44067.729999999996,1224.103611111111
PROD_002663,fashion,33,44039.21000000001,1334.5215151515154
PROD_002498,automotive,41,44030.07000000001,1073.9041463414635
PROD_001568,garden,29,44021.219999999994,1517.9731034482757
PROD_001790,toys,29,44001.740000000005,1517.301379310345
PROD_002670,furniture,35,43998.94,1257.1125714285715
PROD_000358,health,34,43976.7,1293.4323529411763
PROD_002920,fashion,39,43975.09,1127.56641025641
PROD_000464,office,37,43974.32999999999,1188.495405405405
PROD_001890,furniture,32,43960.86,1373.776875
PROD_001392,books,35,43950.06999999999,1255.7162857142855
PROD_000766,furniture,28,43936.17,1569.1489285714285
PROD_000250,office,37,43926.49,1187.2024324324325
PROD_001934,sports,36,43922.27000000002,1220.063055555556
PROD_002045,fashion,34,43904.420000000006,1291.3064705882355
PROD_002714,computers,34,43891.83,1290.9361764705882
PROD_002347,garden,37,43875.54000000001,1185.8254054054057
PROD_002991,fashion,36,43841.75000000001,1217.8263888888891
PROD_001665,sports,31,43832.740000000005,1413.95935483871
PROD_001334,music,38,43821.85999999999,1153.206842105263
PROD_001034,health,37,43805.17000000001,1183.9235135135139
PROD_000898,sports,34,43788.51000000001,1287.8973529411767
PROD_000858,home_appliances,37,43783.03999999999,1183.3254054054053
PROD_002628,toys,31,43779.64,1412.2464516129032
PROD_000588,food,38,43760.69,1151.597105263158
PROD_001206,books,34,43757.119999999995,1286.9741176470586
PROD_001933,office,41,43736.579999999994,1066.7458536585364
PROD_002314,fashion,30,43722.14,1457.4046666666666
PROD_002614,toys,35,43681.31,1248.0374285714286
PROD_002311,garden,31,43673.71,1408.8293548387096
PROD_001057,health,31,43623.09,1407.196451612903
PROD_002754,computers,35,43622.950000000004,1246.3700000000001
PROD_001606,toys,37,43621.98,1178.9724324324325
PROD_000968,garden,34,43603.28,1282.449411764706
PROD_001711,fashion,34,43586.07000000001,1281.9432352941178
PROD_002376,books,33,43580.37000000001,1320.617272727273
PROD_000266,home_appliances,35,43574.65000000001,1244.9900000000002
PROD_000586,electronics,30,43556.24,1451.8746666666666
PROD_001780,health,33,43546.32000000001,1319.5854545454547
PROD_001877,fashion,32,43539.53,1360.6103125
PROD_002009,electronics,33,43534.630000000005,1319.2312121212124
PROD_000068,office,33,43519.740000000005,1318.7800000000002
PROD_002907,office,32,43499.11000000001,1359.3471875000002
PROD_001181,office,32,43491.62,1359.113125
PROD_001141,fashion,33,43466.8,1317.1757575757576
PROD_001063,fashion,31,43461.420000000006,1401.981290322581
PROD_001958,automotive,32,43448.92,1357.77875
PROD_002195,garden,34,43445.030000000006,1277.795
PROD_000038,beauty,30,43441.45999999999,1448.0486666666663
PROD_002810,music,30,43404.19,1446.8063333333334
PROD_000922,fashion,34,43369.29000000001,1275.5673529411768
PROD_000334,furniture,34,43366.63999999999,1275.4894117647057
PROD_001729,furniture,36,43363.85999999999,1204.5516666666665
PROD_001950,books,31,43361.65000000001,1398.7629032258067
PROD_002050,garden,33,43347.62000000001,1313.5642424242428
PROD_002339,beauty,35,43345.77000000001,1238.4505714285717
PROD_000795,garden,30,43339.84,1444.6613333333332
PROD_000866,computers,31,43311.619999999995,1397.1490322580644
PROD_000485,computers,36,43296.119999999995,1202.6699999999998
PROD_001421,home_appliances,37,43289.26000000002,1169.9800000000005
PROD_002762,automotive,34,43288.74,1273.1982352941177
PROD_001721,office,34,43269.42999999999,1272.6302941176468
PROD_002014,office,33,43267.95,1311.1499999999999
PROD_002536,electronics,34,43266.82000000001,1272.5535294117649
PROD_001398,home_appliances,35,43261.969999999994,1236.0562857142857
PROD_001505,automotive,36,43236.60999999999,1201.0169444444443
PROD_000265,sports,34,43232.47,1271.5432352941177
PROD_002707,electronics,33,43227.54,1309.9254545454546
PROD_001138,fashion,34,43223.49,1271.2791176470587
PROD_000001,music,31,43216.19000000001,1394.0706451612907
PROD_002921,books,28,43205.96000000001,1543.0700000000002
PROD_001218,health,35,43195.59999999999,1234.1599999999999
PROD_001165,food,37,43173.28999999999,1166.8456756756755
PROD_001724,food,33,43169.200000000004,1308.1575757575758
PROD_001787,music,33,43163.23,1307.9766666666667
PROD_000624,health,34,43155.85999999999,1269.2899999999997
PROD_001543,food,32,43141.26,1348.164375
PROD_002530,computers,32,43138.06,1348.064375
PROD_000181,health,29,43128.27,1487.1817241379308
PROD_000071,computers,28,43127.08,1540.2528571428572
PROD_001918,electronics,40,43120.96,1078.024
PROD_001686,computers,30,43118.439999999995,1437.2813333333331
PROD_000791,beauty,33,43111.64000000001,1306.4133333333336
PROD_000481,toys,30,43097.07,1436.569
PROD_001054,automotive,32,43089.52,1346.5475
PROD_002276,beauty,33,43086.75,1305.659090909091
PROD_002969,furniture,31,43081.83999999999,1389.736774193548
PROD_001648,home_appliances,36,43074.710000000014,1196.5197222222225
PROD_000336,office,33,43064.270000000004,1304.9778787878788
PROD_000450,toys,33,43055.659999999996,1304.7169696969695
PROD_002133,garden,28,43021.729999999996,1536.490357142857
PROD_002431,toys,33,43008.88999999999,1303.2996969696967
PROD_001814,computers,24,43005.98999999999,1791.9162499999995
PROD_002661,food,35,43003.479999999996,1228.6708571428571
PROD_000168,food,28,43001.83,1535.779642857143
PROD_000077,garden,38,42981.61,1131.095
PROD_002685,toys,37,42958.37999999999,1161.037297297297
PROD_001622,office,27,42954.24,1590.8977777777777
PROD_000061,toys,33,42944.98,1301.3630303030304
PROD_001193,music,32,42914.450000000004,1341.0765625000001
PROD_001386,office,34,42906.14,1261.945294117647
PROD_002433,music,33,42904.46000000001,1300.1351515151516
PROD_001047,toys,29,42885.360000000015,1478.80551724138
PROD_000091,books,33,42884.25,1299.5227272727273
PROD_002327,automotive,33,42869.72999999999,1299.082727272727
PROD_001010,home_appliances,36,42865.6,1190.711111111111
PROD_000947,sports,34,42856.16,1260.475294117647
PROD_002872,music,32,42840.899999999994,1338.7781249999998
PROD_002941,computers,31,42836.58000000001,1381.825161290323
PROD_000508,home_appliances,30,42820.13999999999,1427.3379999999997
PROD_001090,toys,32,42804.42,1337.638125
PROD_002370,books,33,42801.66000000001,1297.0200000000004
PROD_000078,toys,36,42796.6,1188.7944444444445
PROD_002490,fashion,36,42794.61000000001,1188.739166666667
PROD_000903,sports,35,42751.950000000004,1221.4842857142858
PROD_002606,automotive,32,42746.26000000001,1335.8206250000003
PROD_002879,furniture,34,42742.06,1257.1194117647058
PROD_001374,automotive,32,42726.03,1335.1884375
PROD_001851,books,30,42715.53,1423.8509999999999
PROD_001718,home_appliances,33,42715.039999999986,1294.3951515151512
PROD_002675,computers,31,42658.54,1376.081935483871
PROD_001444,electronics,32,42653.49,1332.9215625
PROD_002079,furniture,31,42653.29,1375.9125806451614
PROD_000112,automotive,32,42639.89999999999,1332.4968749999996
PROD_001855,home_appliances,33,42632.18,1291.8842424242425
PROD_001272,books,31,42626.39999999999,1375.045161290322
PROD_000863,books,32,42624.119999999995,1332.0037499999999
PROD_001302,beauty,29,42613.9,1469.4448275862069
PROD_001285,electronics,38,42610.04000000001,1121.3168421052633
PROD_001791,sports,34,42608.179999999986,1253.181764705882
PROD_000672,food,32,42607.659999999996,1331.4893749999999
PROD_001901,books,33,42596.99999999999,1290.8181818181815
PROD_002439,computers,32,42593.06999999999,1331.0334374999998
PROD_001372,beauty,36,42586.73,1182.9647222222222
PROD_000402,beauty,34,42580.270000000004,1252.3608823529412
PROD_001237,food,33,42580.25000000001,1290.3106060606062
PROD_001615,sports,29,42562.649999999994,1467.6775862068964
PROD_001475,music,32,42560.79,1330.0246875
PROD_001973,health,32,42546.24000000001,1329.5700000000004
PROD_000760,fashion,31,42538.76000000001,1372.2180645161293
PROD_001521,beauty,31,42521.99999999999,1371.6774193548385
PROD_001109,food,29,42518.51,1466.1555172413794
PROD_001184,music,30,42509.26,1416.9753333333333
PROD_000416,fashion,36,42494.060000000005,1180.3905555555557
PROD_002888,sports,35,42490.47999999999,1214.013714285714
PROD_000765,health,33,42483.119999999995,1287.3672727272726
PROD_002589,furniture,34,42481.200000000004,1249.4470588235295
PROD_000132,automotive,34,42478.04999999999,1249.3544117647054
PROD_001957,furniture,30,42463.609999999986,1415.453666666666
PROD_001532,automotive,31,42446.77,1369.2506451612903
PROD_001039,furniture,32,42443.14999999999,1326.3484374999996
PROD_001556,food,30,42434.84,1414.4946666666665
PROD_001581,beauty,36,42427.01,1178.5280555555555
PROD_002944,food,30,42425.13,1414.1709999999998
PROD_001468,health,30,42416.090000000004,1413.8696666666667
PROD_000166,health,27,42415.159999999996,1570.9318518518517
PROD_000371,health,33,42402.66999999999,1284.9293939393938
PROD_002673,beauty,35,42388.76,1211.1074285714287
PROD_000335,beauty,26,42377.97,1629.9219230769231
PROD_002470,home_appliances,32,42364.95999999999,1323.9049999999997
PROD_000663,electronics,36,42361.86,1176.7183333333332
PROD_002811,home_appliances,30,42330.630000000005,1411.0210000000002
PROD_002315,office,29,42325.219999999994,1459.490344827586
PROD_001153,garden,31,42315.090000000004,1365.0029032258067
PROD_000850,books,30,42309.189999999995,1410.3063333333332
PROD_000953,books,35,42309.06999999999,1208.8305714285711
PROD_000749,office,29,42297.23,1458.5251724137931
PROD_000152,health,31,42295.280000000006,1364.363870967742
PROD_000466,health,38,42292.950000000004,1112.9723684210528
PROD_000736,office,29,42289.9,1458.2724137931034
PROD_002147,toys,26,42277.62,1626.0623076923077
PROD_000707,sports,32,42276.700000000004,1321.1468750000001
PROD_002168,garden,34,42272.02999999999,1243.2949999999998
PROD_002715,toys,29,42244.92,1456.7213793103447
PROD_001618,home_appliances,33,42239.43,1279.9827272727273
PROD_001043,toys,34,42233.899999999994,1242.1735294117645
PROD_001666,garden,32,42229.61,1319.6753125
PROD_001289,fashion,32,42221.11,1319.4096875
PROD_002296,furniture,34,42188.37,1240.834411764706
PROD_000337,home_appliances,32,42185.04999999999,1318.2828124999996
PROD_000928,music,32,42184.05999999999,1318.2518749999997
PROD_000656,electronics,29,42173.61000000001,1454.2624137931036
PROD_000251,home_appliances,34,42172.530000000006,1240.368529411765
PROD_002317,music,29,42143.369999999995,1453.2196551724137
PROD_002322,office,33,42142.85,1277.0560606060606
PROD_000545,home_appliances,30,42140.18999999998,1404.6729999999993
PROD_002483,books,38,42128.460000000014,1108.6436842105268
PROD_002299,health,31,42118.17000000001,1358.6506451612906
PROD_001574,sports,33,42109.15000000001,1276.0348484848487
PROD_001304,books,36,42101.719999999994,1169.4922222222222
PROD_001455,computers,30,42079.62000000001,1402.6540000000002
PROD_001625,electronics,30,42054.329999999994,1401.811
PROD_000712,books,39,42047.219999999994,1078.133846153846
PROD_002398,home_appliances,34,42046.07000000001,1236.649117647059
PROD_001196,beauty,36,42040.54,1167.7927777777777
PROD_001610,health,29,42039.70999999999,1449.6451724137928
PROD_000627,automotive,33,42025.25999999999,1273.4927272727268
PROD_000617,food,32,42023.88999999999,1313.2465624999998
PROD_000248,automotive,31,41995.52,1354.694193548387
PROD_001439,music,31,41995.30999999999,1354.6874193548383
PROD_002486,food,33,41988.110000000015,1272.36696969697
PROD_000385,sports,30,41966.4,1398.88
PROD_002653,fashion,35,41965.03,1199.000857142857
PROD_002713,furniture,36,41962.61,1165.6280555555556
PROD_002779,music,36,41953.02,1165.3616666666667
PROD_001276,sports,32,41941.14,1310.660625
PROD_002990,health,31,41936.509999999995,1352.79064516129
PROD_002950,computers,38,41935.61,1103.5686842105263
PROD_002158,food,31,41930.659999999996,1352.6019354838709
PROD_001884,fashion,35,41904.85,1197.2814285714285
PROD_000069,automotive,28,41884.01000000002,1495.8575000000005
PROD_000662,computers,34,41873.75,1231.5808823529412
PROD_002972,office,28,41860.83,1495.029642857143
PROD_002096,toys,33,41860.14000000001,1268.4890909090911
PROD_000578,books,38,41855.56999999999,1101.4623684210524
PROD_001280,electronics,43,41851.81,973.2979069767441
PROD_001253,beauty,38,41847.92,1101.2610526315789
PROD_002708,garden,31,41836.97,1349.5796774193548
PROD_000734,music,29,41832.07,1442.4851724137932
PROD_002266,sports,34,41829.12,1230.2682352941176
PROD_001333,music,37,41819.36000000001,1130.252972972973
PROD_000184,automotive,35,41817.37999999999,1194.7822857142855
PROD_002365,books,34,41816.06999999999,1229.8844117647056
PROD_000147,electronics,32,41807.149999999994,1306.4734374999998
PROD_002208,books,38,41784.55999999999,1099.5936842105261
PROD_002456,electronics,31,41772.42999999999,1347.4977419354836
PROD_000716,garden,34,41729.340000000004,1227.3335294117649
PROD_000919,office,36,41727.369999999995,1159.093611111111
PROD_002952,garden,36,41708.31,1158.5641666666666
PROD_000388,garden,30,41700.34,1390.0113333333331
PROD_001697,books,32,41692.60999999999,1302.8940624999998
PROD_002568,garden,31,41685.32,1344.687741935484
PROD_002936,fashion,32,41673.17,1302.2865625
PROD_000429,toys,30,41673.12,1389.104
PROD_000515,sports,30,41668.490000000005,1388.9496666666669
PROD_000201,garden,28,41665.66000000001,1488.059285714286
PROD_000111,garden,34,41646.25,1224.889705882353
PROD_002946,fashion,29,41644.23,1436.007931034483
PROD_000797,music,31,41643.48000000001,1343.3380645161294
PROD_002053,automotive,32,41637.19,1301.1621875
PROD_000407,toys,31,41634.72,1343.0554838709677
PROD_002641,home_appliances,30,41628.35999999999,1387.6119999999999
PROD_002608,books,28,41627.6,1486.7
PROD_002766,food,34,41609.079999999994,1223.796470588235
PROD_002062,computers,34,41605.31999999999,1223.685882352941
PROD_000052,health,28,41601.81,1485.7789285714284
PROD_002505,office,29,41585.68000000001,1433.9889655172417
PROD_001356,automotive,36,41582.27,1155.0630555555554
PROD_002072,home_appliances,29,41581.58,1433.8475862068967
PROD_000236,home_appliances,33,41554.20000000001,1259.218181818182
PROD_001210,music,32,41542.53,1298.2040625
PROD_001892,furniture,33,41538.81000000001,1258.7518181818186
PROD_001565,beauty,39,41537.60000000001,1065.066666666667
PROD_001190,beauty,31,41536.33000000001,1339.8816129032261
PROD_000493,books,32,41522.27000000001,1297.5709375000004
PROD_002802,books,35,41521.19000000001,1186.3197142857146
PROD_002647,sports,35,41510.73,1186.0208571428573
PROD_001516,music,37,41503.60999999999,1121.719189189189
PROD_002471,automotive,34,41501.359999999986,1220.6282352941173
PROD_000679,garden,35,41497.89000000001,1185.6540000000002
PROD_000331,office,28,41496.130000000005,1482.004642857143
PROD_002099,toys,29,41485.88,1430.5475862068965
PROD_001560,home_appliances,31,41467.469999999994,1337.660322580645
PROD_002558,computers,30,41466.41,1382.2136666666668
PROD_000856,garden,33,41462.18,1256.429696969697
PROD_002425,food,28,41461.91,1480.7825
PROD_002520,music,31,41449.89000000001,1337.0932258064518
PROD_001345,beauty,34,41439.59000000001,1218.8114705882356
PROD_000426,beauty,32,41438.599999999984,1294.9562499999995
PROD_000191,electronics,36,41417.83,1150.4952777777778
PROD_002453,furniture,31,41416.65,1336.0209677419355
PROD_002977,books,34,41408.509999999995,1217.8973529411762
PROD_000701,toys,32,41404.82,1293.900625
PROD_000255,toys,32,41402.05,1293.8140625
PROD_002414,office,37,41386.61,1118.557027027027
PROD_000976,music,34,41376.58,1216.9582352941177
PROD_002604,garden,29,41358.17999999999,1426.1441379310343
PROD_001730,electronics,36,41355.24,1148.7566666666667
PROD_001698,office,30,41339.99999999999,1377.9999999999998
PROD_001699,music,32,41333.35999999999,1291.6674999999998
PROD_002104,furniture,31,41322.189999999995,1332.9738709677417
PROD_001211,electronics,29,41310.87,1424.5127586206897
PROD_002137,garden,32,41293.22999999999,1290.4134374999996
PROD_000339,home_appliances,33,41287.26,1251.129090909091
PROD_002442,furniture,31,41274.95000000001,1331.4500000000003
PROD_000600,garden,32,41265.02,1289.531875
PROD_000748,books,32,41263.35999999999,1289.4799999999998
PROD_002537,home_appliances,33,41262.560000000005,1250.3806060606062
PROD_000678,toys,29,41261.73,1422.8182758620692
PROD_000179,fashion,30,41229.3,1374.3100000000002
PROD_000121,computers,28,41216.51,1472.0182142857143
PROD_001014,furniture,28,41204.200000000004,1471.5785714285716
PROD_000272,books,33,41201.009999999995,1248.5154545454543
PROD_000676,books,30,41195.259999999995,1373.1753333333331
PROD_000647,books,30,41194.92999999999,1373.1643333333332
PROD_002487,toys,36,41193.3,1144.2583333333334
PROD_001954,fashion,29,41181.17,1420.040344827586
PROD_001762,sports,32,41176.700000000004,1286.7718750000001
PROD_000131,office,27,41157.420000000006,1524.3488888888892
PROD_000751,toys,26,41152.28999999999,1582.7803846153843
PROD_001295,garden,33,41147.079999999994,1246.881212121212
PROD_002772,books,29,41143.09999999999,1418.7275862068961
PROD_000228,books,32,41136.05,1285.5015625
PROD_000320,computers,32,41134.43,1285.4509375
PROD_000284,sports,28,41123.44999999999,1468.6946428571425
PROD_001867,automotive,30,41112.92,1370.4306666666666
PROD_002262,food,32,41112.91,1284.7784375
PROD_002465,toys,33,41084.80999999999,1244.9942424242422
PROD_000165,garden,31,41082.889999999985,1325.2545161290318
PROD_000410,books,31,41073.26000000001,1324.9438709677422
PROD_002438,electronics,33,41073.210000000014,1244.6427272727276
PROD_002052,fashion,28,41072.97,1466.8917857142858
PROD_000086,music,32,41072.62999999999,1283.5196874999997
PROD_000769,music,30,41050.6,1368.3533333333332
PROD_001652,home_appliances,28,41040.700000000004,1465.7392857142859
PROD_001240,home_appliances,32,41032.450000000004,1282.2640625000001
PROD_001305,food,32,41013.03,1281.6571875
PROD_001437,fashion,32,41006.82000000001,1281.4631250000002
PROD_002895,fashion,35,40982.6,1170.9314285714286
PROD_000189,home_appliances,29,40981.09,1413.1410344827584
PROD_002616,toys,35,40965.590000000004,1170.4454285714287
PROD_002357,sports,31,40955.46,1321.1438709677418
PROD_002863,office,31,40955.29,1321.1383870967743
PROD_001513,computers,30,40954.69000000001,1365.1563333333336
PROD_002294,books,35,40954.24,1170.1211428571428
PROD_002871,sports,34,40950.46,1204.4252941176471
PROD_002112,automotive,32,40945.85999999999,1279.5581249999998
PROD_002538,office,35,40919.880000000005,1169.1394285714287
PROD_002356,food,31,40916.57,1319.8893548387098
PROD_000145,music,38,40911.35,1076.6144736842105
PROD_002689,fashion,30,40910.959999999985,1363.6986666666662
PROD_002094,toys,34,40903.67000000001,1203.0491176470591
PROD_000447,fashion,30,40898.990000000005,1363.2996666666668
PROD_002929,toys,34,40893.42,1202.7476470588235
PROD_002650,food,35,40889.06000000002,1168.2588571428578
PROD_000009,garden,33,40888.380000000005,1239.0418181818184
PROD_001529,computers,33,40878.409999999996,1238.7396969696968
PROD_001712,toys,31,40868.26,1318.3309677419356
PROD_002098,office,30,40866.17999999999,1362.2059999999997
PROD_000527,automotive,32,40844.45000000001,1276.3890625000004
PROD_001789,sports,34,40841.97000000001,1201.2344117647062
PROD_002384,computers,36,40816.36000000001,1133.787777777778
PROD_000243,beauty,38,40809.4,1073.9315789473685
PROD_000343,fashion,33,40769.34,1235.4345454545453
PROD_000925,furniture,28,40760.979999999996,1455.7492857142856
PROD_002744,home_appliances,29,40742.64000000001,1404.9186206896554
PROD_002765,books,32,40733.02,1272.906875
PROD_001080,music,32,40727.41,1272.7315625
PROD_001680,garden,33,40709.049999999996,1233.6075757575757
PROD_001575,garden,35,40675.420000000006,1162.1548571428573
PROD_000433,computers,32,40667.46000000001,1270.8581250000002
PROD_001978,toys,34,40664.77000000002,1196.022647058824
PROD_001443,health,36,40655.15,1129.3097222222223
PROD_001213,computers,34,40623.39,1194.8055882352942
PROD_001286,office,28,40617.12,1450.6114285714286
PROD_001403,electronics,31,40616.539999999986,1310.210967741935
PROD_001263,sports,33,40613.33999999999,1230.7072727272723
PROD_001644,music,32,40602.249999999985,1268.8203124999995
PROD_002973,garden,32,40600.87999999999,1268.7774999999997
PROD_001819,toys,30,40592.569999999985,1353.0856666666662
PROD_001451,electronics,33,40570.659999999996,1229.4139393939392
PROD_001770,garden,29,40564.93,1398.7906896551724
PROD_001346,electronics,35,40556.92,1158.7691428571427
PROD_001905,garden,34,40535.740000000005,1192.2276470588238
PROD_002640,office,31,40529.539999999986,1307.404516129032
PROD_002627,toys,32,40521.81,1266.3065625
PROD_001682,health,29,40510.39000000001,1396.9100000000003
PROD_001413,home_appliances,30,40506.11999999999,1350.2039999999995
PROD_001148,beauty,30,40498.98000000001,1349.9660000000003
PROD_002434,garden,32,40489.15000000001,1265.2859375000003
PROD_002462,garden,31,40485.66999999999,1305.9893548387095
PROD_000743,computers,30,40485.07,1349.5023333333334
PROD_001112,automotive,34,40478.73000000001,1190.5508823529415
PROD_000367,garden,34,40470.74,1190.3158823529411
PROD_000303,toys,32,40460.80999999998,1264.4003124999995
PROD_001212,office,33,40455.73000000001,1225.9312121212124
PROD_001209,furniture,35,40453.469999999994,1155.8134285714284
PROD_002887,health,31,40450.81999999999,1304.8651612903222
PROD_000507,health,29,40448.76999999999,1394.7851724137927
PROD_002902,furniture,28,40433.92999999999,1444.0689285714284
PROD_001331,books,39,40432.979999999996,1036.7430769230768
PROD_002020,furniture,27,40431.969999999994,1497.48037037037
PROD_002996,toys,33,40404.9,1224.3909090909092
PROD_001916,furniture,32,40390.78999999999,1262.2121874999998
PROD_002105,automotive,35,40387.92,1153.9405714285713
PROD_002217,fashion,29,40375.950000000004,1392.2741379310346
PROD_000585,music,31,40371.850000000006,1302.317741935484
PROD_001009,home_appliances,29,40365.98,1391.9303448275864
PROD_002671,music,28,40363.49,1441.5532142857141
PROD_002185,furniture,31,40356.83,1301.8332258064518
PROD_000852,fashion,33,40356.33,1222.919090909091
PROD_002693,computers,26,40354.719999999994,1552.104615384615
PROD_001987,furniture,34,40341.75,1186.5220588235295
PROD_001156,books,30,40333.82,1344.4606666666666
PROD_002354,automotive,33,40320.92000000001,1221.846060606061
PROD_001506,health,30,40319.92,1343.9973333333332
PROD_002480,office,24,40319.71,1679.9879166666667
PROD_002631,garden,31,40318.959999999985,1300.6116129032253
PROD_001743,garden,28,40312.47000000001,1439.7310714285718
PROD_000943,music,34,40311.47,1185.6314705882353
PROD_001258,health,26,40309.25,1550.3557692307693
PROD_000883,books,35,40301.51000000001,1151.4717142857146
PROD_002021,food,32,40292.5,1259.140625
PROD_001912,health,31,40279.40999999999,1299.3358064516126
PROD_002563,toys,31,40277.34,1299.2690322580645
PROD_002910,electronics,28,40273.740000000005,1438.3478571428573
PROD_001951,garden,32,40273.560000000005,1258.5487500000002
PROD_000906,books,35,40270.38,1150.5822857142857
PROD_002426,books,37,40249.600000000006,1087.8270270270273
PROD_002236,electronics,29,40239.09,1387.5548275862068
PROD_001406,fashion,34,40226.72,1183.1388235294119
PROD_000972,sports,28,40226.450000000004,1436.6589285714288
PROD_001849,electronics,32,40219.99,1256.8746875
PROD_000028,fashion,34,40212.13,1182.7097058823529
PROD_000324,health,37,40211.22,1086.7897297297297
PROD_000598,toys,34,40203.51,1182.4561764705884
PROD_001200,garden,36,40194.740000000005,1116.5205555555558
PROD_001129,toys,38,40189.39000000001,1057.6155263157896
PROD_000304,beauty,34,40181.240000000005,1181.8011764705884
PROD_002913,books,31,40169.24,1295.781935483871
PROD_001628,garden,32,40166.310000000005,1255.1971875000002
PROD_001182,furniture,28,40161.240000000005,1434.3300000000002
PROD_000283,sports,29,40149.75000000001,1384.4741379310346
PROD_001710,garden,35,40146.36,1147.038857142857
PROD_001044,music,32,40145.8,1254.55625
PROD_000642,fashion,28,40144.43,1433.7296428571428
PROD_002524,toys,30,40143.47,1338.1156666666668
PROD_002548,books,31,40139.600000000006,1294.825806451613
PROD_001158,electronics,31,40136.01000000001,1294.7100000000003
PROD_000694,computers,31,40132.67,1294.602258064516
PROD_002396,electronics,31,40130.17999999999,1294.5219354838707
PROD_000636,electronics,35,40118.23999999999,1146.2354285714282
PROD_001820,sports,28,40105.30999999999,1432.3324999999998
PROD_002499,beauty,35,40101.04,1145.744
PROD_002756,automotive,33,40093.5,1214.9545454545455
PROD_001436,books,32,40089.15,1252.7859375
PROD_001441,automotive,34,40080.170000000006,1178.828529411765
PROD_002383,furniture,31,40077.66999999999,1292.8280645161287
PROD_000472,beauty,29,40072.87999999999,1381.8234482758617
PROD_000640,home_appliances,31,40053.26999999999,1292.0409677419352
PROD_001115,home_appliances,33,40047.86000000001,1213.5715151515153
PROD_002044,books,31,40041.469999999994,1291.660322580645
PROD_001742,automotive,30,40031.14999999999,1334.3716666666662
PROD_002278,office,31,40029.69,1291.2803225806451
PROD_001633,automotive,31,40028.76,1291.2503225806452
PROD_000757,fashion,31,40014.289999999986,1290.7835483870963
PROD_002406,beauty,32,40007.259999999995,1250.2268749999998
PROD_002956,automotive,27,40006.71000000001,1481.7300000000002
PROD_002989,health,31,39996.409999999996,1290.2067741935482
PROD_002473,home_appliances,30,39986.36000000001,1332.878666666667
PROD_000317,health,29,39974.740000000005,1378.4393103448278
PROD_000510,food,30,39972.520000000004,1332.4173333333335
PROD_001178,fashion,39,39966.06999999999,1024.7710256410255
PROD_002102,garden,32,39959.119999999995,1248.7224999999999
PROD_002180,automotive,31,39952.2,1288.7806451612903
PROD_000835,computers,29,39932.55,1376.9844827586207
PROD_001750,office,33,39912.39000000001,1209.466363636364
PROD_000023,books,31,39911.29,1287.4609677419355
PROD_000686,beauty,31,39904.07,1287.228064516129
PROD_000814,toys,33,39902.670000000006,1209.1718181818183
PROD_002378,food,30,39902.19999999999,1330.073333333333
PROD_002302,garden,29,39880.12,1375.176551724138
PROD_002182,home_appliances,37,39878.549999999996,1077.7986486486486
PROD_000059,office,35,39862.69999999999,1138.9342857142854
PROD_002003,sports,30,39853.26999999999,1328.442333333333
PROD_002515,fashion,29,39844.33999999999,1373.9427586206893
PROD_001061,fashion,30,39836.61000000001,1327.8870000000002
PROD_002668,garden,34,39831.36000000001,1171.5105882352943
PROD_001509,home_appliances,32,39819.93000000001,1244.3728125000002
PROD_001818,music,35,39817.14,1137.6325714285715
PROD_001390,toys,30,39814.22,1327.1406666666667
PROD_002400,music,31,39796.23999999999,1283.7496774193546
PROD_000726,toys,33,39793.81,1205.8730303030302
PROD_002780,sports,34,39779.25,1169.9779411764705
PROD_000139,food,29,39769.680000000015,1371.3682758620694
PROD_001236,books,30,39766.85999999999,1325.5619999999997
PROD_002551,beauty,27,39759.31000000001,1472.5670370370374
PROD_002695,toys,34,39744.869999999995,1168.9667647058823
PROD_002889,sports,29,39742.42,1370.4282758620689
PROD_000194,electronics,30,39722.17999999999,1324.0726666666665
PROD_002968,toys,25,39716.18000000001,1588.6472000000003
PROD_001727,sports,32,39706.7,1240.834375
PROD_001895,books,33,39701.030000000006,1203.0615151515153
PROD_002865,fashion,34,39699.36,1167.6282352941178
PROD_000787,beauty,30,39678.84,1322.628
PROD_000387,automotive,28,39669.43,1416.765357142857
PROD_001679,office,28,39649.54999999999,1416.0553571428568
PROD_000738,books,31,39640.66,1278.7309677419355
PROD_001596,office,25,39638.02999999999,1585.5211999999997
PROD_001294,office,34,39627.420000000006,1165.5123529411767
PROD_000983,automotive,31,39611.25,1277.782258064516
PROD_000888,electronics,31,39601.28999999999,1277.4609677419353
PROD_002737,music,30,39601.1,1320.0366666666666
PROD_001852,beauty,31,39598.32,1277.3651612903225
PROD_002965,furniture,33,39592.75000000001,1199.7803030303032
PROD_001538,fashion,31,39590.61,1277.1164516129033
PROD_000314,fashion,29,39588.84,1365.1324137931033
PROD_000838,computers,29,39583.82,1364.9593103448276
PROD_001365,music,37,39579.91,1069.7272972972974
PROD_001175,electronics,28,39578.29000000001,1413.5103571428574
PROD_000370,fashion,29,39572.920000000006,1364.5834482758623
PROD_002298,beauty,28,39565.92999999999,1413.0689285714284
PROD_001243,toys,30,39563.24,1318.7746666666667
PROD_001433,sports,31,39557.36,1276.043870967742
PROD_002632,toys,34,39557.19,1163.4467647058825
PROD_001208,toys,35,39551.33,1130.038
PROD_001352,music,27,39549.13,1464.7825925925924
PROD_001174,furniture,28,39537.37,1412.0489285714286
PROD_002901,food,32,39536.420000000006,1235.5131250000002
PROD_001620,automotive,29,39536.060000000005,1363.3124137931036
PROD_002402,electronics,29,39528.12,1363.0386206896553
PROD_001336,automotive,29,39526.740000000005,1362.9910344827588
PROD_000546,food,29,39525.100000000006,1362.9344827586208
PROD_000659,food,26,39512.91,1519.727307692308
PROD_000032,automotive,30,39510.020000000004,1317.0006666666668
PROD_002845,computers,33,39483.76,1196.4775757575758
PROD_000364,electronics,33,39480.48999999999,1196.3784848484845
PROD_002348,health,29,39480.38,1361.3924137931033
PROD_000841,computers,29,39473.40000000001,1361.1517241379313
PROD_001898,beauty,35,39465.91,1127.5974285714287
PROD_002516,electronics,32,39463.719999999994,1233.2412499999998
PROD_001748,home_appliances,30,39462.399999999994,1315.4133333333332
PROD_001113,toys,29,39442.05000000001,1360.0706896551728
PROD_002527,books,32,39430.70000000001,1232.2093750000004
PROD_000092,food,34,39427.21,1159.6238235294118
PROD_001223,food,28,39424.399999999994,1408.0142857142855
PROD_001609,furniture,30,39424.29,1314.143
PROD_001894,beauty,30,39421.59999999999,1314.053333333333
PROD_002502,fashion,32,39421.130000000005,1231.9103125000001
PROD_001067,sports,32,39404.76999999999,1231.3990624999997
PROD_002569,sports,30,39386.04,1312.868
PROD_000004,music,36,39365.780000000006,1093.4938888888892
PROD_002280,food,34,39361.71000000001,1157.6973529411766
PROD_000826,beauty,34,39337.29000000001,1156.979117647059
PROD_002265,music,25,39334.15,1573.366
PROD_002697,furniture,32,39330.61000000001,1229.0815625000002
PROD_001387,furniture,39,39320.01,1008.2053846153847
PROD_001247,automotive,30,39291.999999999985,1309.733333333333
PROD_001414,home_appliances,31,39290.29,1267.4287096774194
PROD_000827,beauty,30,39281.60999999999,1309.3869999999997
PROD_000316,garden,29,39275.05,1354.3120689655173
PROD_002547,office,30,39264.97,1308.8323333333333
PROD_001016,books,32,39264.490000000005,1227.0153125000002
PROD_000348,electronics,34,39259.34,1154.6864705882351
PROD_002272,home_appliances,32,39256.670000000006,1226.7709375000002
PROD_001396,sports,33,39254.189999999995,1189.5209090909088
PROD_002702,beauty,30,39244.69999999999,1308.1566666666663
PROD_000235,electronics,36,39230.73,1089.7425
PROD_002060,electronics,28,39225.78999999999,1400.9210714285712
PROD_001326,home_appliances,25,39222.46000000001,1568.8984000000003
PROD_002729,health,27,39218.17999999999,1452.525185185185
PROD_002143,books,28,39210.74,1400.3835714285713
PROD_000987,music,30,39193.72,1306.4573333333333
PROD_000452,computers,30,39192.21000000001,1306.4070000000002
PROD_001025,music,33,39172.57000000001,1187.047575757576
PROD_000710,health,30,39167.82,1305.594
PROD_001807,electronics,29,39167.350000000006,1350.5982758620692
PROD_000390,books,35,39163.49,1118.9568571428572
PROD_001968,food,29,39157.22,1350.2489655172415
PROD_000341,furniture,26,39140.83000000001,1505.4165384615387
PROD_002379,computers,28,39138.33,1397.7975000000001
PROD_000100,home_appliances,33,39135.81,1185.9336363636362
PROD_001919,health,25,39130.810000000005,1565.2324
PROD_000798,music,32,39128.68000000001,1222.7712500000002
PROD_001186,home_appliances,31,39116.33,1261.8170967741937
PROD_001641,health,30,39111.549999999996,1303.7183333333332
PROD_000711,home_appliances,30,39109.979999999996,1303.666
PROD_000900,garden,33,39108.61000000001,1185.109393939394
PROD_002063,books,32,39106.57,1222.0803125
PROD_002976,music,28,39101.70000000001,1396.489285714286
PROD_002043,health,28,39090.86,1396.1021428571428
PROD_000409,sports,29,39090.649999999994,1347.9534482758618
PROD_000157,electronics,34,39087.29,1149.6261764705882
PROD_001863,health,30,39083.92000000001,1302.7973333333337
PROD_001408,garden,31,39073.500000000015,1260.4354838709683
PROD_002937,garden,24,39070.56,1627.9399999999998
PROD_001005,furniture,36,39066.05,1085.1680555555556
PROD_001059,automotive,36,39064.92,1085.1366666666665
PROD_001366,fashion,36,39056.34999999999,1084.8986111111108
PROD_000015,beauty,28,39045.840000000004,1394.4942857142858
PROD_001032,fashion,29,39045.41,1346.3934482758623
PROD_000905,toys,29,39030.79000000001,1345.889310344828
PROD_000323,computers,30,39029.99,1300.9996666666666
PROD_000632,garden,27,39027.13,1445.4492592592592
PROD_002492,food,28,39026.66999999999,1393.8096428571425
PROD_000934,electronics,28,39012.44,1393.3014285714287
PROD_001260,beauty,26,39005.310000000005,1500.204230769231
PROD_002341,food,27,38999.5,1444.4259259259259
PROD_000223,toys,29,38990.95000000001,1344.5155172413797
PROD_002626,health,29,38981.01,1344.1727586206898
PROD_000704,office,34,38976.57999999999,1146.3699999999997
PROD_001854,sports,32,38975.40000000001,1217.9812500000003
PROD_000730,garden,29,38972.96000000001,1343.8951724137933
PROD_000006,books,33,38970.09999999999,1180.9121212121208
PROD_001065,toys,33,38952.35,1180.3742424242423
PROD_001328,food,25,38931.92,1557.2767999999999
PROD_001572,sports,28,38931.29,1390.4032142857143
PROD_002775,health,34,38925.55999999999,1144.8694117647055
PROD_001221,furniture,32,38925.41,1216.4190625
PROD_000431,fashion,32,38919.59000000001,1216.2371875000003
PROD_001815,beauty,30,38915.46,1297.182
PROD_002340,garden,29,38910.27,1341.733448275862
PROD_002129,automotive,32,38909.38,1215.918125
PROD_000214,fashion,27,38894.52999999999,1440.538148148148
PROD_001778,garden,29,38883.560000000005,1340.8124137931036
PROD_000620,sports,30,38880.06,1296.002
PROD_002615,furniture,32,38866.840000000004,1214.5887500000001
PROD_001140,automotive,32,38863.86,1214.495625
PROD_001566,garden,30,38863.259999999995,1295.4419999999998
PROD_001777,automotive,31,38856.65000000001,1253.4403225806454
PROD_001635,toys,30,38850.57,1295.019
PROD_002031,garden,32,38842.14,1213.816875
PROD_002479,garden,32,38840.78,1213.774375
PROD_000263,fashion,31,38836.36000000001,1252.785806451613
PROD_000460,music,35,38829.96,1109.4274285714284
PROD_002198,electronics,37,38822.08999999999,1049.2456756756753
PROD_002875,home_appliances,27,38817.82,1437.697037037037
PROD_001612,health,30,38813.54999999999,1293.7849999999996
PROD_002805,books,34,38812.35999999999,1141.5399999999997
PROD_001287,beauty,33,38802.350000000006,1175.828787878788
PROD_000361,health,30,38801.73,1293.391
PROD_001388,food,30,38789.94,1292.998
PROD_002696,fashion,30,38789.16999999999,1292.972333333333
PROD_002234,computers,28,38785.89,1385.2103571428572
PROD_000058,health,30,38774.16999999999,1292.472333333333
PROD_002382,computers,30,38763.79,1292.1263333333334
PROD_002366,beauty,30,38763.60999999999,1292.120333333333
PROD_000989,food,28,38756.82,1384.172142857143
PROD_000357,computers,31,38749.97999999999,1249.9993548387092
PROD_002169,health,34,38741.77,1139.4638235294117
PROD_001502,music,32,38735.200000000004,1210.4750000000001
PROD_000517,home_appliances,29,38718.66999999999,1335.1265517241377
PROD_002150,books,30,38717.130000000005,1290.5710000000001
PROD_001880,fashion,29,38708.65,1334.7810344827587
PROD_001684,health,30,38707.899999999994,1290.263333333333
PROD_001017,furniture,31,38696.450000000004,1248.2725806451615
PROD_002488,sports,29,38693.38999999999,1334.2548275862066
PROD_002245,garden,28,38685.47000000001,1381.623928571429
PROD_000721,home_appliances,31,38636.96,1246.3535483870967
PROD_001507,home_appliances,34,38634.539999999986,1136.3099999999995
PROD_001555,home_appliances,38,38626.85,1016.4960526315789
PROD_000109,home_appliances,28,38623.22,1379.4007142857142
PROD_002777,computers,26,38610.13,1485.0049999999999
PROD_002432,beauty,27,38609.24,1429.9718518518519
PROD_002503,home_appliances,26,38606.13,1484.8511538461537
PROD_000649,food,29,38601.030000000006,1331.0700000000002
PROD_002787,music,31,38597.549999999996,1245.082258064516
PROD_002926,electronics,31,38591.25,1244.8790322580646
PROD_001600,books,33,38584.169999999984,1169.2172727272723
PROD_001410,furniture,29,38583.380000000005,1330.461379310345
PROD_001170,books,32,38574.22,1205.444375
PROD_002667,computers,30,38573.61000000001,1285.7870000000003
PROD_000511,fashion,25,38569.079999999994,1542.7631999999999
PROD_000084,health,35,38549.74,1101.4211428571427
PROD_001741,toys,31,38546.75,1243.4435483870968
PROD_000074,fashion,31,38543.12000000001,1243.3264516129036
PROD_002305,computers,29,38534.13,1328.7631034482758
PROD_000101,office,32,38509.399999999994,1203.4187499999998
PROD_002932,health,29,38506.82,1327.8213793103448
PROD_002988,health,28,38492.780000000006,1374.742142857143
PROD_002718,beauty,27,38490.009999999995,1425.5559259259257
PROD_001189,automotive,33,38488.159999999996,1166.3078787878787
PROD_001420,fashion,30,38487.64000000001,1282.9213333333335
PROD_002611,health,31,38478.159999999996,1241.2309677419353
PROD_002884,food,33,38475.62000000001,1165.927878787879
PROD_001774,beauty,31,38472.89,1241.0609677419354
PROD_001713,automotive,26,38450.21000000001,1478.854230769231
PROD_000735,automotive,34,38445.810000000005,1130.759117647059
PROD_001726,health,31,38436.68,1239.8929032258065
PROD_000506,music,28,38435.829999999994,1372.7082142857141
PROD_002489,beauty,30,38425.81999999999,1280.8606666666665
PROD_000017,toys,34,38423.38,1130.0994117647058
PROD_000574,books,30,38418.90000000001,1280.6300000000003
PROD_002313,music,31,38413.19,1239.1351612903227
PROD_000845,furniture,28,38411.729999999996,1371.8474999999999
PROD_000956,electronics,30,38409.72000000001,1280.3240000000003
PROD_001754,beauty,32,38390.33999999999,1199.6981249999997
PROD_001036,sports,26,38387.89,1476.4573076923077
PROD_000106,toys,27,38383.41000000001,1421.6077777777782
PROD_001889,electronics,26,38382.77,1476.2603846153845
PROD_000237,garden,29,38368.20999999999,1323.0417241379307
PROD_001021,garden,25,38362.020000000004,1534.4808000000003
PROD_000583,food,29,38358.810000000005,1322.7175862068966
PROD_000793,music,29,38347.00000000001,1322.3103448275865
PROD_000843,beauty,32,38341.87,1198.1834375
PROD_001424,fashion,31,38335.54000000001,1236.6303225806455
PROD_002331,beauty,33,38330.73,1161.537272727273
PROD_002955,electronics,31,38329.66000000001,1236.4406451612906
PROD_000993,music,27,38323.98999999998,1419.4070370370364
PROD_002418,electronics,33,38320.92,1161.24
PROD_001833,home_appliances,33,38320.829999999994,1161.2372727272725
PROD_002703,office,32,38318.69999999999,1197.4593749999997
PROD_000616,fashion,28,38316.64,1368.4514285714286
PROD_001254,sports,28,38308.45,1368.1589285714285
PROD_001430,fashion,28,38307.10999999999,1368.1110714285712
PROD_001489,health,31,38293.130000000005,1235.2622580645163
PROD_000579,books,30,38281.13,1276.0376666666666
PROD_000571,music,33,38277.06,1159.910909090909
PROD_000913,office,36,38276.48,1063.2355555555557
PROD_000840,furniture,27,38273.67,1417.5433333333333
PROD_000057,computers,27,38270.08000000001,1417.4103703703706
PROD_000788,health,32,38259.93000000001,1195.6228125000002
PROD_000421,garden,27,38259.88000000001,1417.0325925925931
PROD_001445,computers,28,38247.39,1365.9782142857143
PROD_000239,garden,30,38234.36,1274.4786666666666
PROD_001385,toys,27,38227.98999999999,1415.8514814814812
PROD_001651,books,30,38227.74999999999,1274.258333333333
PROD_000465,computers,28,38224.920000000006,1365.1757142857145
PROD_001228,electronics,31,38213.28,1232.6864516129033
PROD_002484,toys,28,38195.329999999994,1364.1189285714283
PROD_002974,garden,29,38187.32000000001,1316.8041379310348
PROD_000474,toys,30,38186.84999999999,1272.8949999999998
PROD_000966,health,28,38183.51,1363.6967857142859
PROD_002232,health,28,38161.450000000004,1362.9089285714288
PROD_001826,electronics,33,38139.84000000001,1155.7527272727275
PROD_001763,beauty,26,38134.73,1466.7203846153848
PROD_002455,electronics,32,38119.98,1191.249375
PROD_001804,food,30,38114.95999999999,1270.4986666666664
PROD_000288,fashion,33,38103.75,1154.659090909091
PROD_002440,computers,28,38098.96999999999,1360.6774999999996
PROD_000818,books,32,38096.07,1190.5021875
PROD_000796,furniture,30,38093.92999999999,1269.7976666666664
PROD_002881,toys,26,38093.43,1465.1319230769232
PROD_002281,furniture,30,38071.75,1269.0583333333334
PROD_000365,electronics,30,38067.47,1268.9156666666668
PROD_001923,music,27,38067.4,1409.9037037037037
PROD_000944,automotive,30,38066.409999999996,1268.8803333333333
PROD_000395,music,34,38063.819999999985,1119.5241176470583
PROD_001806,beauty,30,38061.78,1268.7259999999999
PROD_002346,electronics,28,38060.21,1359.2932142857142
PROD_001874,office,29,38056.49,1312.2927586206895
PROD_002975,garden,28,38052.64,1359.0228571428572
PROD_001937,sports,28,38047.33,1358.8332142857143
PROD_001062,furniture,31,38038.78,1227.0574193548387
PROD_002427,music,31,38037.40000000001,1227.0129032258067
PROD_000260,electronics,33,38034.46000000001,1152.559393939394
PROD_000261,garden,25,38031.85999999999,1521.2743999999998
PROD_000346,computers,29,38024.04000000001,1311.1737931034486
PROD_002306,books,27,38002.399999999994,1407.4962962962961
PROD_000829,sports,32,37999.93,1187.4978125
PROD_002254,beauty,29,37999.689999999995,1310.3341379310343
PROD_000031,sports,29,37987.12,1309.9006896551725
PROD_001007,electronics,27,37983.74999999999,1406.8055555555552
PROD_001788,furniture,31,37977.95,1225.0951612903225
PROD_000312,furniture,27,37974.93,1406.4788888888888
PROD_002886,health,28,37964.22,1355.865
PROD_001055,food,27,37954.880000000005,1405.7362962962964
PROD_000249,music,25,37951.850000000006,1518.0740000000003
PROD_000254,furniture,30,37944.58000000001,1264.8193333333336
PROD_002372,health,30,37940.35999999999,1264.6786666666665
PROD_001988,beauty,32,37933.03,1185.4071875
PROD_000469,electronics,31,37930.92999999999,1223.578387096774
PROD_001613,electronics,33,37927.450000000004,1149.3166666666668
PROD_001660,automotive,33,37918.049999999996,1149.0318181818182
PROD_002194,electronics,34,37914.63000000001,1115.1361764705887
PROD_000182,music,28,37913.48999999999,1354.053214285714
PROD_002561,home_appliances,32,37886.05,1183.9390625
PROD_002796,garden,30,37881.71,1262.7236666666665
PROD_002980,electronics,28,37862.689999999995,1352.2389285714285
PROD_000013,health,32,37856.270000000004,1183.0084375000001
PROD_000539,fashion,30,37855.28999999999,1261.8429999999998
PROD_000099,furniture,30,37851.8,1261.7266666666667
PROD_001099,beauty,32,37844.079999999994,1182.6274999999998
PROD_002911,electronics,30,37843.77,1261.4589999999998
PROD_001453,office,35,37817.17999999999,1080.4908571428568
PROD_002286,books,29,37789.52,1303.086896551724
PROD_002757,health,32,37786.829999999994,1180.8384374999998
PROD_002625,garden,29,37781.619999999995,1302.8144827586204
PROD_002559,books,31,37766.94,1218.2883870967742
PROD_001587,health,27,37761.57,1398.5766666666666
PROD_000436,garden,28,37760.840000000004,1348.6014285714286
PROD_000186,health,31,37754.16,1217.8761290322582
PROD_002397,health,34,37750.86,1110.3194117647058
PROD_001734,health,30,37747.200000000004,1258.2400000000002
PROD_001632,automotive,28,37743.0,1347.9642857142858
PROD_001523,computers,23,37742.28,1640.968695652174
PROD_000096,beauty,32,37738.13999999999,1179.3168749999998
PROD_000731,toys,25,37737.89,1509.5156
PROD_001457,music,28,37732.6,1347.5928571428572
PROD_000497,garden,31,37723.0,1216.8709677419354
PROD_001683,sports,28,37722.310000000005,1347.2253571428573
PROD_000718,furniture,29,37719.97000000001,1300.6886206896554
PROD_000781,home_appliances,30,37717.28999999999,1257.2429999999997
PROD_000907,beauty,25,37711.55000000001,1508.4620000000004
PROD_002728,furniture,31,37709.79,1216.4448387096775
PROD_002832,electronics,26,37701.659999999996,1450.063846153846
PROD_001974,computers,33,37690.79000000001,1142.1451515151518
PROD_001230,health,36,37690.28999999999,1046.9524999999999
PROD_002717,books,30,37679.33000000001,1255.977666666667
PROD_001051,computers,29,37675.52,1299.1558620689655
PROD_001397,garden,28,37674.380000000005,1345.5135714285716
PROD_002416,office,28,37672.85,1345.4589285714285
PROD_000802,toys,24,37672.3,1569.6791666666668
PROD_001785,sports,34,37660.70999999999,1107.6679411764703
PROD_002541,music,30,37659.57999999999,1255.319333333333
PROD_000404,fashion,28,37654.99,1344.8210714285713
PROD_000219,sports,35,37637.770000000004,1075.3648571428573
PROD_001534,furniture,30,37625.68,1254.1893333333333
PROD_002882,garden,30,37614.70000000001,1253.8233333333337
PROD_000997,computers,29,37614.52,1297.0524137931034
PROD_001809,sports,32,37609.41,1175.2940625
PROD_000608,sports,34,37602.84000000001,1105.9658823529414
PROD_002165,automotive,29,37596.57000000001,1296.4334482758622
PROD_000914,food,29,37586.95,1296.101724137931
PROD_001124,home_appliances,27,37580.51,1391.8707407407408
PROD_000780,toys,34,37569.039999999986,1104.971764705882
PROD_000899,electronics,33,37556.09999999999,1138.063636363636
PROD_002022,home_appliances,31,37554.17999999999,1211.4251612903224
PROD_002840,fashion,28,37540.57,1340.734642857143
PROD_002075,home_appliances,31,37538.41,1210.9164516129033
PROD_001327,music,27,37534.49999999999,1390.1666666666663
PROD_002812,health,31,37525.99,1210.515806451613
PROD_002472,sports,26,37506.82000000001,1442.5700000000002
PROD_001528,furniture,29,37499.32,1293.08
PROD_001723,music,30,37498.130000000005,1249.937666666667
PROD_000130,garden,24,37491.08,1562.1283333333333
PROD_000664,furniture,30,37482.829999999994,1249.4276666666665
PROD_001479,books,28,37479.1,1338.5392857142856
PROD_002375,music,33,37478.00999999999,1135.6972727272723
PROD_002849,beauty,32,37476.12999999999,1171.1290624999997
PROD_000747,food,31,37473.49,1208.822258064516
PROD_002807,fashion,31,37472.70999999999,1208.7970967741933
PROD_000696,health,38,37468.51999999999,986.0136842105261
PROD_001848,furniture,31,37456.08,1208.2606451612903
PROD_000573,office,31,37449.219999999994,1208.0393548387094
PROD_001674,toys,29,37429.82000000001,1290.6834482758622
PROD_000871,electronics,32,37428.689999999995,1169.6465624999998
PROD_000622,electronics,30,37426.89,1247.5629999999999
PROD_002155,fashion,28,37381.32000000001,1335.0471428571432
PROD_000119,furniture,27,37359.729999999996,1383.6937037037035
PROD_001245,toys,26,37358.380000000005,1436.8607692307694
PROD_002617,garden,27,37346.520000000004,1383.2044444444446
PROD_000767,furniture,29,37323.52,1287.0179310344827
PROD_001719,furniture,28,37304.9,1332.3178571428573
PROD_001027,garden,27,37297.030000000006,1381.3714814814816
PROD_001619,office,30,37295.47,1243.1823333333334
PROD_002252,electronics,28,37290.9,1331.8178571428573
PROD_000975,computers,29,37276.37999999999,1285.392413793103
PROD_001561,home_appliances,27,37272.46,1380.4614814814815
PROD_001761,music,31,37264.25999999999,1202.0729032258062
PROD_000828,garden,30,37264.16,1242.1386666666667
PROD_002405,health,31,37263.850000000006,1202.059677419355
PROD_002012,fashion,27,37262.36000000001,1380.0874074074077
PROD_000021,computers,29,37257.22,1284.731724137931
PROD_001104,home_appliances,29,37252.28999999999,1284.561724137931
PROD_001942,garden,27,37240.630000000005,1379.2825925925927
PROD_002324,food,28,37237.24999999999,1329.9017857142856
PROD_002942,health,31,37225.33,1200.8170967741937
PROD_001215,office,29,37224.890000000014,1283.6168965517247
PROD_002250,furniture,30,37224.81,1240.827
PROD_002091,toys,27,37223.71999999999,1378.6562962962957
PROD_002706,garden,30,37223.329999999994,1240.7776666666664
PROD_002064,office,25,37213.979999999996,1488.5592
PROD_001903,automotive,34,37202.83,1094.2008823529413
PROD_000630,health,24,37197.97,1549.9154166666667
PROD_001549,music,30,37193.80999999999,1239.7936666666662
PROD_001497,sports,27,37193.29000000001,1377.5292592592596
PROD_001093,health,33,37192.58999999999,1127.0481818181815
PROD_002041,garden,30,37186.40999999999,1239.5469999999996
PROD_001607,books,29,37178.39,1282.013448275862
PROD_000290,food,30,37171.40000000001,1239.0466666666669
PROD_001164,home_appliances,33,37171.05,1126.3954545454546
PROD_001850,home_appliances,26,37163.69999999999,1429.3730769230765
PROD_001653,music,27,37160.84999999999,1376.3277777777776
PROD_002933,computers,31,37141.68000000001,1198.1187096774197
PROD_000752,home_appliances,30,37141.55,1238.0516666666667
PROD_001862,furniture,27,37133.25000000001,1375.3055555555559
PROD_001511,automotive,30,37119.899999999994,1237.3299999999997
PROD_000185,toys,30,37119.18,1237.306
PROD_002533,automotive,29,37101.41,1279.3589655172416
PROD_001106,automotive,25,37079.549999999996,1483.1819999999998
PROD_001432,health,27,37071.98,1373.0362962962963
PROD_001320,fashion,26,37069.08,1425.7338461538461
PROD_002046,food,29,37068.94999999999,1278.2396551724134
PROD_001594,toys,28,37067.63999999999,1323.8442857142854
PROD_000816,health,37,37065.240000000005,1001.7632432432434
PROD_002691,automotive,29,37064.54,1278.0875862068965
PROD_000939,books,31,37062.170000000006,1195.5538709677421
PROD_002421,garden,32,37062.090000000004,1158.1903125000001
PROD_001591,health,35,37039.58,1058.2737142857143
PROD_002848,office,25,37033.14000000001,1481.3256000000003
PROD_001271,beauty,33,37029.47,1122.1051515151516
PROD_002309,toys,29,37022.119999999995,1276.6248275862067
PROD_000462,electronics,25,36993.89,1479.7556
PROD_000470,beauty,25,36990.689999999995,1479.6275999999998
PROD_000040,garden,26,36975.380000000005,1422.13
PROD_000804,food,32,36973.54,1155.423125
PROD_000570,garden,28,36971.68,1320.4171428571428
PROD_001239,home_appliances,29,36971.030000000006,1274.863103448276
PROD_000606,home_appliances,30,36970.20000000001,1232.3400000000004
PROD_002073,electronics,32,36969.42,1155.294375
PROD_002624,office,33,36959.329999999994,1119.9796969696968
PROD_002523,books,33,36946.12000000001,1119.5793939393943
PROD_000875,automotive,28,36944.69,1319.4532142857145
PROD_001803,beauty,31,36943.950000000004,1191.7403225806454
PROD_002156,garden,33,36940.02999999999,1119.3948484848481
PROD_001469,health,28,36934.14,1319.0764285714286
PROD_001725,books,28,36928.799999999996,1318.8857142857141
PROD_000313,fashion,29,36927.41,1273.3589655172416
PROD_002027,automotive,26,36927.030000000006,1420.270384615385
PROD_000604,fashion,28,36921.66,1318.6307142857145
PROD_001598,beauty,30,36913.45,1230.4483333333333
PROD_002903,sports,32,36902.54000000001,1153.2043750000003
PROD_000753,home_appliances,29,36895.71,1272.2658620689656
PROD_002028,garden,29,36883.6,1271.848275862069
PROD_002008,automotive,26,36880.31,1418.4734615384614
PROD_000012,beauty,25,36867.31,1474.6924
PROD_000683,food,26,36859.979999999996,1417.6915384615384
PROD_000199,toys,29,36847.240000000005,1270.5944827586209
PROD_000809,electronics,31,36843.57,1188.5022580645161
PROD_001300,home_appliances,31,36830.88,1188.0929032258064
PROD_001681,sports,30,36804.29,1226.8096666666668
PROD_000842,office,31,36803.19,1187.1996774193549
PROD_002618,home_appliances,32,36795.52,1149.86
PROD_002734,music,24,36791.00000000001,1532.9583333333337
PROD_001301,beauty,26,36779.149999999994,1414.582692307692
PROD_000770,music,29,36778.12,1268.2110344827588
PROD_002395,automotive,29,36754.88,1267.4096551724137
PROD_002579,toys,30,36740.04000000001,1224.6680000000003
PROD_002386,toys,27,36732.08,1360.4474074074076
PROD_000159,food,28,36725.659999999996,1311.6307142857142
PROD_001422,food,31,36725.18,1184.6832258064517
PROD_000745,electronics,24,36720.75,1530.03125
PROD_002275,toys,27,36695.12,1359.0785185185186
PROD_000810,furniture,29,36678.7,1264.7827586206895
PROD_000912,music,29,36674.4,1264.6344827586208
PROD_002592,electronics,27,36673.939999999995,1358.294074074074
PROD_000869,garden,24,36668.05,1527.8354166666668
PROD_001893,garden,36,36666.86999999999,1018.5241666666664
PROD_001499,office,27,36664.59000000001,1357.9477777777781
PROD_001030,computers,30,36663.86999999999,1222.1289999999997
PROD_000609,garden,29,36656.52,1264.0179310344827
PROD_002905,books,28,36638.060000000005,1308.502142857143
PROD_001952,health,27,36631.16,1356.7096296296297
PROD_001172,fashion,31,36628.29,1181.5577419354838
PROD_000351,music,30,36627.36,1220.912
PROD_001060,office,27,36621.07000000001,1356.3359259259262
PROD_002253,furniture,30,36614.479999999996,1220.4826666666665
PROD_002861,fashion,30,36610.590000000004,1220.353
PROD_001371,computers,30,36605.090000000004,1220.169666666667
PROD_000020,automotive,27,36602.8,1355.6592592592594
PROD_001359,beauty,27,36598.78999999999,1355.5107407407404
PROD_001830,garden,32,36589.49999999999,1143.4218749999998
PROD_001339,garden,29,36588.71000000001,1261.679655172414
PROD_002962,books,33,36583.439999999995,1108.5890909090908
PROD_001984,beauty,27,36582.32000000001,1354.900740740741
PROD_002739,furniture,29,36580.15000000001,1261.384482758621
PROD_002576,health,25,36578.159999999996,1463.1263999999999
PROD_000954,garden,27,36547.43,1353.6085185185186
PROD_001351,automotive,28,36534.87,1304.8167857142857
PROD_000592,furniture,30,36532.23000000001,1217.7410000000004
PROD_001426,automotive,26,36531.219999999994,1405.046923076923
PROD_002711,office,27,36518.66999999999,1352.543333333333
PROD_002859,beauty,31,36516.3,1177.9451612903226
PROD_000589,computers,29,36514.74,1259.1289655172413
PROD_002532,fashion,29,36512.60999999999,1259.055517241379
PROD_001914,toys,33,36496.63999999999,1105.9587878787877
PROD_001438,health,34,36491.91999999999,1073.291764705882
PROD_000778,books,33,36487.090000000004,1105.669393939394
PROD_001696,health,33,36482.33,1105.5251515151515
PROD_000811,books,30,36473.70999999999,1215.7903333333331
PROD_002753,furniture,29,36466.6,1257.4689655172413
PROD_002087,food,29,36463.22,1257.3524137931036
PROD_002540,sports,33,36461.350000000006,1104.889393939394
PROD_000135,electronics,27,36460.05999999999,1350.3725925925921
PROD_002803,home_appliances,25,36456.35,1458.254
PROD_000556,electronics,24,36455.63,1518.9845833333331
PROD_001782,sports,29,36452.19,1256.9720689655173
PROD_002755,health,31,36451.60999999999,1175.8583870967739
PROD_000008,books,28,36450.74999999999,1301.8124999999998
PROD_001192,health,27,36437.53,1349.5381481481481
PROD_001779,garden,31,36433.67,1175.2796774193548
PROD_002420,food,27,36428.560000000005,1349.205925925926
PROD_001769,furniture,33,36422.07000000001,1103.6990909090912
PROD_001856,books,29,36409.77,1255.5093103448276
PROD_001715,furniture,37,36407.43000000001,983.9845945945948
PROD_001149,beauty,27,36404.39000000001,1348.310740740741
PROD_002446,toys,25,36403.369999999995,1456.1347999999998
PROD_000554,food,29,36400.14,1255.1772413793103
PROD_000322,garden,35,36368.44,1039.0982857142858
PROD_002355,fashion,31,36362.22,1172.9748387096774
PROD_000801,food,28,36361.51,1298.6253571428572
PROD_001550,food,29,36350.12,1253.4524137931035
PROD_000019,toys,32,36349.13,1135.9103125
PROD_000535,fashion,30,36336.27999999999,1211.209333333333
PROD_000403,toys,29,36333.38999999999,1252.875517241379
PROD_000880,furniture,28,36329.48999999999,1297.4817857142855
PROD_002408,garden,29,36314.979999999996,1252.2406896551722
PROD_002643,sports,25,36308.10999999999,1452.3243999999997
PROD_001975,office,33,36280.789999999986,1099.4178787878784
PROD_002130,food,24,36267.76000000001,1511.156666666667
PROD_000300,furniture,31,36264.92,1169.836129032258
PROD_002218,office,30,36262.32000000001,1208.7440000000001
PROD_002387,toys,33,36254.52000000001,1098.6218181818185
PROD_001751,sports,33,36253.49000000001,1098.5906060606064
PROD_001539,books,33,36244.98,1098.3327272727274
PROD_002797,toys,30,36237.850000000006,1207.9283333333335
PROD_000355,sports,25,36232.509999999995,1449.3003999999999
PROD_001091,sports,29,36224.060000000005,1249.1055172413794
PROD_002157,computers,28,36220.12,1293.5757142857144
PROD_000501,music,29,36208.51,1248.5693103448277
PROD_002852,books,33,36206.62,1097.170303030303
PROD_000138,music,36,36200.770000000004,1005.5769444444445
PROD_000210,home_appliances,24,36194.92,1508.1216666666667
PROD_001204,electronics,27,36171.51000000001,1339.685555555556
PROD_002801,automotive,28,36160.780000000006,1291.456428571429
PROD_002649,books,26,36160.64,1390.793846153846
PROD_002794,office,26,36158.99,1390.7303846153845
PROD_000287,books,29,36141.35,1246.253448275862
PROD_000075,sports,29,36137.369999999995,1246.1162068965516
PROD_002188,office,30,36120.619999999995,1204.0206666666666
PROD_000996,electronics,32,36114.219999999994,1128.5693749999998
PROD_001040,computers,27,36085.990000000005,1336.5181481481484
PROD_000257,sports,35,36077.270000000004,1030.779142857143
PROD_002572,garden,28,36075.43,1288.4082142857144
PROD_002820,automotive,28,36071.19000000001,1288.256785714286
PROD_000056,garden,26,36061.7,1386.9884615384615
PROD_002330,electronics,25,36042.009999999995,1441.6803999999997
PROD_001338,office,29,36033.45000000001,1242.53275862069
PROD_000685,fashion,32,36028.15,1125.8796875
PROD_002786,food,33,36021.530000000006,1091.5615151515153
PROD_001938,food,35,36002.950000000004,1028.6557142857143
PROD_001753,fashion,29,36000.24,1241.3875862068965
PROD_000353,garden,28,35992.11,1285.4325000000001
PROD_001630,office,27,35991.73,1333.0270370370372
PROD_001797,garden,32,35978.84999999999,1124.3390624999997
PROD_002088,food,22,35978.189999999995,1635.3722727272725
PROD_001985,computers,32,35971.369999999995,1124.1053124999999
PROD_000022,food,35,35968.48,1027.6708571428571
PROD_000088,automotive,28,35964.71,1284.4539285714286
PROD_000063,furniture,28,35959.81999999999,1284.2792857142854
PROD_002620,fashion,29,35958.79,1239.958275862069
PROD_002011,computers,26,35953.350000000006,1382.8211538461542
PROD_002506,beauty,30,35946.72,1198.224
PROD_001847,electronics,30,35938.57,1197.9523333333334
PROD_002360,computers,33,35930.729999999996,1088.81
PROD_002174,furniture,32,35930.24999999999,1122.8203124999998
PROD_002291,home_appliances,25,35929.95000000001,1437.1980000000005
PROD_002000,home_appliances,30,35907.41000000001,1196.913666666667
PROD_000927,office,31,35907.390000000014,1158.3029032258069
PROD_002808,furniture,28,35897.380000000005,1282.0492857142858
PROD_001865,fashion,31,35891.700000000004,1157.7967741935486
PROD_001064,office,30,35891.46,1196.382
PROD_001364,music,26,35883.03,1380.1165384615383
PROD_002246,home_appliances,24,35880.2,1495.0083333333332
PROD_002279,garden,26,35878.13,1379.9280769230768
PROD_002574,food,29,35877.87,1237.1679310344828
PROD_000799,books,33,35873.26,1087.068484848485
PROD_002269,office,31,35871.72,1157.1522580645162
PROD_001971,garden,26,35870.66,1379.6407692307694
PROD_001626,office,28,35863.259999999995,1280.830714285714
PROD_000102,books,32,35861.27,1120.6646875
PROD_002970,office,22,35860.14000000001,1630.0063636363639
PROD_002590,food,28,35848.090000000004,1280.2889285714286
PROD_000584,furniture,33,35846.23000000001,1086.2493939393942
PROD_000872,toys,27,35845.32000000001,1327.6044444444447
PROD_000779,toys,30,35842.58,1194.7526666666668
PROD_001887,office,29,35838.32999999999,1235.8044827586202
PROD_001256,home_appliances,29,35838.17,1235.7989655172414
PROD_000067,music,30,35813.97,1193.799
PROD_002587,garden,26,35801.22,1376.97
PROD_001313,sports,29,35796.590000000004,1234.3651724137933
PROD_000865,toys,28,35789.63,1278.2010714285714
PROD_002967,beauty,29,35782.02000000001,1233.86275862069
PROD_000655,food,27,35781.59,1325.244074074074
PROD_002759,computers,25,35781.57000000001,1431.2628000000002
PROD_001801,furniture,34,35778.58,1052.3111764705882
PROD_000601,office,30,35772.810000000005,1192.4270000000001
PROD_001244,beauty,28,35762.01,1277.214642857143
PROD_001639,home_appliances,29,35752.14000000001,1232.8324137931036
PROD_001886,health,27,35737.18,1323.5992592592593
PROD_001315,automotive,27,35728.26,1323.268888888889
PROD_001832,toys,29,35725.42999999999,1231.9113793103445
PROD_000709,automotive,33,35724.1,1082.5484848484848
PROD_000572,music,28,35721.03999999999,1275.7514285714283
PROD_000029,health,32,35720.450000000004,1116.2640625000001
PROD_000291,electronics,29,35718.149999999994,1231.660344827586
PROD_001231,home_appliances,28,35710.770000000004,1275.384642857143
PROD_000720,toys,37,35705.130000000005,965.0035135135137
PROD_002828,electronics,32,35697.67,1115.5521875
PROD_000739,garden,27,35694.7,1322.0259259259258
PROD_000374,garden,30,35687.28,1189.576
PROD_002553,furniture,31,35673.8,1150.7677419354839
PROD_002770,automotive,25,35664.97,1426.5988
PROD_002562,toys,33,35659.579999999994,1080.5933333333332
PROD_001048,music,23,35658.43,1550.3665217391303
PROD_000330,computers,29,35656.740000000005,1229.54275862069
PROD_000175,fashion,29,35649.43000000001,1229.2906896551726
PROD_000859,books,28,35646.98,1273.1064285714288
PROD_000607,furniture,28,35642.87,1272.9596428571429
PROD_002454,food,26,35640.51,1370.7888461538462
PROD_000108,food,33,35640.47999999999,1080.0145454545452
PROD_001873,health,31,35627.79,1149.2835483870967
PROD_002986,food,27,35622.68,1319.3585185185186
PROD_001839,health,27,35620.99999999999,1319.296296296296
PROD_000122,furniture,27,35614.509999999995,1319.0559259259257
PROD_002055,health,27,35614.43000000001,1319.0529629629632
PROD_002917,automotive,33,35597.69,1078.7178787878788
PROD_000354,garden,26,35587.72000000001,1368.758461538462
PROD_001126,office,31,35586.92,1147.9651612903226
PROD_001085,electronics,35,35581.619999999995,1016.6177142857141
PROD_002015,music,26,35565.81999999999,1367.9161538461535
PROD_001784,garden,28,35564.25,1270.1517857142858
PROD_002002,books,25,35557.98,1422.3192000000001
PROD_000172,furniture,26,35551.10999999999,1367.3503846153844
PROD_001261,garden,35,35545.03999999999,1015.5725714285712
PROD_001504,music,33,35516.72,1076.2642424242424
PROD_002583,computers,25,35511.090000000004,1420.4436
PROD_002578,music,28,35501.59999999999,1267.9142857142854
PROD_002373,food,30,35491.28,1183.0426666666667
PROD_000326,sports,27,35488.02,1314.371111111111
PROD_001000,health,27,35457.46,1313.2392592592591
PROD_002469,computers,27,35454.100000000006,1313.114814814815
PROD_002023,furniture,30,35448.29000000001,1181.609666666667
PROD_000558,automotive,27,35447.69999999999,1312.8777777777775
PROD_001275,automotive,31,35444.770000000004,1143.379677419355
PROD_000495,health,27,35444.59999999999,1312.7629629629625
PROD_002747,music,25,35441.19999999999,1417.6479999999997
PROD_000566,fashion,30,35440.40000000001,1181.346666666667
PROD_000658,food,31,35438.700000000004,1143.183870967742
PROD_002429,electronics,26,35434.49,1362.865
PROD_001274,home_appliances,30,35430.93000000001,1181.0310000000002
PROD_000285,office,26,35429.130000000005,1362.6588461538463
PROD_001077,books,26,35421.43,1362.3626923076922
PROD_000036,beauty,32,35414.91,1106.7159375
PROD_000936,furniture,24,35412.86,1475.5358333333334
PROD_000610,sports,29,35412.299999999996,1221.1137931034482
PROD_001963,office,32,35395.73,1106.1165625
PROD_001962,books,26,35395.619999999995,1361.37
PROD_000805,furniture,29,35387.72,1220.2662068965517
PROD_002321,office,27,35386.729999999996,1310.6196296296296
PROD_000917,electronics,28,35385.259999999995,1263.7592857142856
PROD_001458,music,25,35381.78,1415.2712
PROD_002070,music,27,35380.02999999999,1310.3714814814812
PROD_002107,beauty,30,35375.94,1179.198
PROD_001319,computers,31,35371.13,1141.004193548387
PROD_000359,automotive,25,35349.05,1413.9620000000002
PROD_000504,computers,25,35338.310000000005,1413.5324000000003
PROD_000591,health,35,35331.66000000001,1009.4760000000003
PROD_000161,health,26,35329.38,1358.8223076923075
PROD_002959,automotive,29,35320.11000000001,1217.9348275862071
PROD_002219,beauty,27,35316.22,1308.0081481481482
PROD_001262,books,31,35314.89,1139.19
PROD_000024,fashion,28,35309.39,1261.0496428571428
PROD_000646,music,28,35307.41,1260.9789285714287
PROD_001142,home_appliances,26,35305.909999999996,1357.9196153846153
PROD_002126,furniture,25,35303.350000000006,1412.1340000000002
PROD_001872,fashion,30,35295.93,1176.531
PROD_000137,garden,30,35283.380000000005,1176.1126666666669
PROD_000870,books,25,35281.19,1411.2476000000001
PROD_002722,sports,25,35272.11,1410.8844
PROD_001355,fashion,29,35266.52,1216.086896551724
PROD_002931,beauty,28,35264.26,1259.4378571428572
PROD_002593,music,28,35261.340000000004,1259.3335714285715
PROD_000048,fashion,28,35260.29,1259.2960714285714
PROD_001194,music,28,35252.770000000004,1259.0275000000001
PROD_000693,home_appliances,29,35245.030000000006,1215.3458620689657
PROD_002377,beauty,26,35242.82,1355.4930769230768
PROD_001879,music,28,35242.63999999999,1258.665714285714
PROD_002025,home_appliances,31,35239.26999999999,1136.75064516129
PROD_000275,health,27,35234.21000000001,1304.970740740741
PROD_000160,food,31,35218.21,1136.0712903225806
PROD_002176,furniture,26,35216.49,1354.4803846153845
PROD_001056,furniture,26,35210.32,1354.2430769230768
PROD_001836,food,25,35209.130000000005,1408.3652000000002
PROD_000054,automotive,31,35204.25000000001,1135.6209677419358
PROD_001045,office,29,35199.99,1213.7927586206895
PROD_002451,office,29,35195.44,1213.6358620689657
PROD_002586,furniture,29,35192.35,1213.5293103448275
PROD_002082,furniture,33,35188.30999999999,1066.312424242424
PROD_001979,electronics,26,35187.32,1353.3584615384616
PROD_002595,music,28,35185.0,1256.607142857143
PROD_001915,home_appliances,26,35168.840000000004,1352.6476923076925
PROD_001362,home_appliances,35,35157.88000000001,1004.5108571428575
PROD_002894,sports,29,35137.93000000001,1211.6527586206898
PROD_000035,electronics,30,35134.0,1171.1333333333334
PROD_000732,toys,29,35133.549999999996,1211.501724137931
PROD_001640,books,29,35130.6,1211.3999999999999
PROD_002307,beauty,28,35122.159999999996,1254.362857142857
PROD_000169,electronics,27,35119.03,1300.7048148148149
PROD_001466,books,29,35077.880000000005,1209.5820689655175
PROD_000631,automotive,27,35077.79000000001,1299.1774074074076
PROD_002899,music,32,35069.23999999999,1095.9137499999997
PROD_002240,home_appliances,33,35067.289999999986,1062.6451515151512
PROD_001049,fashion,29,35058.40000000001,1208.9103448275864
PROD_001205,garden,29,35050.18000000001,1208.6268965517245
PROD_002575,garden,31,35046.49999999999,1130.5322580645159
PROD_000986,automotive,21,35041.31,1668.6338095238093
PROD_000776,automotive,30,35038.2,1167.9399999999998
PROD_000717,books,26,35034.41,1347.477307692308
PROD_001857,office,29,35032.700000000004,1208.0241379310346
PROD_001011,fashion,32,35031.1,1094.721875
PROD_001087,music,28,35026.69,1250.9532142857145
PROD_002792,garden,30,35026.50000000001,1167.5500000000002
PROD_000708,home_appliances,26,35023.85999999999,1347.0715384615382
PROD_000782,toys,31,35023.67,1129.7958064516129
PROD_000105,home_appliances,26,35021.16,1346.9676923076925
PROD_001477,fashion,29,35017.35,1207.4948275862068
PROD_000894,toys,32,35016.48999999999,1094.2653124999997
PROD_000915,sports,29,35014.600000000006,1207.4
PROD_001781,computers,28,35011.06,1250.395
PROD_002080,books,28,35000.44000000001,1250.0157142857147
PROD_002444,beauty,32,34996.39,1093.6371875
PROD_001224,automotive,25,34995.3,1399.8120000000001
PROD_002598,health,29,34995.079999999994,1206.726896551724
PROD_000221,computers,28,34989.37,1249.6203571428573
PROD_000342,books,29,34988.11,1206.486551724138
PROD_001707,garden,25,34987.00000000001,1399.4800000000002
PROD_001590,computers,34,34985.42,1028.9829411764706
PROD_001738,health,29,34981.17,1206.2472413793103
PROD_000125,furniture,32,34974.299999999996,1092.9468749999999
PROD_002600,toys,28,34953.43,1248.3367857142857
PROD_002869,books,25,34942.299999999996,1397.6919999999998
PROD_001580,music,30,34941.74999999999,1164.7249999999997
PROD_000654,toys,32,34941.21,1091.9128125
PROD_000668,beauty,30,34929.65,1164.3216666666667
PROD_001841,beauty,23,34926.87,1518.5595652173913
PROD_002633,furniture,27,34924.21999999999,1293.4896296296292
PROD_000723,computers,29,34914.86,1203.9606896551725
PROD_002992,fashion,30,34909.12,1163.6373333333333
PROD_000438,office,27,34878.97,1291.8137037037038
PROD_000170,computers,26,34875.53,1341.3665384615383
PROD_002116,sports,28,34861.45,1245.0517857142856
PROD_001447,electronics,26,34857.67999999999,1340.6799999999998
PROD_002326,furniture,29,34854.42999999999,1201.8768965517238
PROD_000742,food,28,34850.1,1244.6464285714285
PROD_000548,books,25,34848.829999999994,1393.9531999999997
PROD_001694,toys,27,34839.64,1290.3570370370371
PROD_002681,garden,31,34830.18,1123.554193548387
PROD_001760,toys,31,34821.43,1123.271935483871
PROD_001152,electronics,31,34802.1,1122.648387096774
PROD_000163,electronics,25,34799.94,1391.9976000000001
PROD_002978,health,29,34772.52999999999,1199.0527586206895
PROD_001695,home_appliances,28,34771.38,1241.8349999999998
PROD_002293,sports,31,34759.32,1121.2683870967742
PROD_001461,food,31,34755.299999999996,1121.1387096774192
PROD_001050,beauty,28,34753.25,1241.1875
PROD_002078,computers,26,34751.47,1336.595
PROD_001678,computers,30,34750.99999999999,1158.3666666666663
PROD_002704,electronics,29,34750.64000000001,1198.297931034483
PROD_000282,books,29,34748.76000000001,1198.233103448276
PROD_002244,fashion,22,34747.920000000006,1579.4509090909094
PROD_002199,health,24,34747.49,1447.8120833333332
PROD_001084,home_appliances,26,34733.479999999996,1335.9030769230767
PROD_002712,health,29,34725.99,1197.4479310344827
PROD_001103,sports,26,34717.25,1335.2788461538462
PROD_000538,toys,35,34713.94000000001,991.8268571428574
PROD_001831,office,27,34709.310000000005,1285.5300000000002
PROD_000830,office,30,34694.74999999999,1156.4916666666663
PROD_002005,furniture,25,34678.19,1387.1276
PROD_000961,sports,34,34667.16,1019.6223529411766
PROD_001121,music,22,34662.649999999994,1575.5749999999998
PROD_002404,health,28,34657.7,1237.7749999999999
PROD_002916,automotive,27,34656.61,1283.578148148148
PROD_002619,electronics,24,34656.420000000006,1444.0175000000002
PROD_000577,health,29,34644.7,1194.6448275862067
PROD_001070,home_appliances,30,34622.270000000004,1154.0756666666668
PROD_000973,automotive,29,34619.619999999995,1193.7799999999997
PROD_000984,books,29,34610.19,1193.4548275862069
PROD_000384,health,26,34601.86,1330.8407692307692
PROD_002320,electronics,31,34590.2,1115.8129032258064
PROD_002388,computers,28,34584.07,1235.1453571428572
PROD_001931,health,28,34572.939999999995,1234.747857142857
PROD_000575,sports,27,34559.43000000001,1279.978888888889
PROD_000490,garden,30,34557.63000000001,1151.9210000000005
PROD_002602,music,27,34539.06,1279.2244444444443
PROD_000957,home_appliances,25,34532.22,1381.2888
PROD_000155,food,30,34531.130000000005,1151.0376666666668
PROD_002985,electronics,23,34526.97,1501.1726086956521
PROD_002607,books,23,34522.299999999996,1500.9695652173912
PROD_000682,automotive,28,34504.47,1232.3025
PROD_001484,garden,28,34501.63999999999,1232.2014285714283
PROD_000349,books,23,34498.85,1499.95
PROD_001098,food,33,34490.44,1045.1648484848486
PROD_001945,music,26,34490.35,1326.551923076923
PROD_000677,food,27,34484.54,1277.2051851851852
PROD_002056,sports,26,34475.46000000001,1325.979230769231
PROD_001234,automotive,32,34464.509999999995,1077.0159374999998
PROD_002164,office,26,34462.28,1325.4723076923076
PROD_000146,electronics,33,34461.450000000004,1044.2863636363638
PROD_000325,toys,29,34459.01,1188.2417241379312
PROD_002141,garden,26,34456.55,1325.2519230769233
PROD_000396,computers,30,34453.619999999995,1148.454
PROD_000848,toys,26,34445.39,1324.8226923076923
PROD_002210,computers,28,34426.799999999996,1229.5285714285712
PROD_002289,electronics,29,34416.479999999996,1186.775172413793
PROD_000518,automotive,31,34412.359999999986,1110.0761290322575
PROD_001111,furniture,25,34387.1,1375.484
PROD_001899,computers,27,34385.12,1273.522962962963
PROD_002054,automotive,30,34382.38999999999,1146.0796666666663
PROD_000619,food,26,34380.48999999999,1322.3265384615381
PROD_002858,automotive,23,34378.29,1494.7082608695653
PROD_001627,music,26,34374.630000000005,1322.101153846154
PROD_002817,fashion,21,34374.56,1636.8838095238093
PROD_000595,food,23,34371.04,1494.393043478261
PROD_002491,furniture,23,34370.130000000005,1494.3534782608697
PROD_000269,sports,28,34365.22000000001,1227.329285714286
PROD_000482,office,26,34363.99,1321.691923076923
PROD_000461,garden,29,34361.670000000006,1184.8851724137933
PROD_002771,books,35,34359.060000000005,981.6874285714288
PROD_002328,food,29,34342.330000000016,1184.2182758620695
PROD_002228,garden,31,34342.14,1107.8109677419354
PROD_002571,fashion,29,34333.99,1183.9306896551723
PROD_000832,toys,27,34332.03,1271.5566666666666
PROD_002850,furniture,28,34325.68000000001,1225.917142857143
PROD_002731,fashion,27,34323.94,1271.2570370370372
PROD_002542,computers,27,34318.0,1271.037037037037
PROD_002049,food,27,34313.649999999994,1270.8759259259257
PROD_002191,home_appliances,27,34295.04000000001,1270.186666666667
PROD_001107,fashion,28,34291.369999999995,1224.6917857142855
PROD_000379,fashion,33,34289.240000000005,1039.067878787879
PROD_000582,sports,28,34287.33,1224.5475000000001
PROD_000513,office,32,34273.649999999994,1071.0515624999998
PROD_001020,electronics,27,34267.3,1269.1592592592594
PROD_000030,garden,25,34261.33,1370.4532000000002
PROD_001491,furniture,23,34258.85,1489.5152173913043
PROD_000815,electronics,32,34251.62,1070.363125
PROD_001767,office,28,34246.85,1223.1017857142856
PROD_001277,automotive,23,34230.049999999996,1488.2630434782607
PROD_001053,furniture,28,34226.54000000001,1222.376428571429
PROD_002982,beauty,28,34225.72,1222.347142857143
PROD_000344,computers,25,34223.15,1368.9260000000002
PROD_002401,beauty,26,34223.08999999999,1316.2726923076918
PROD_000623,garden,24,34221.81,1425.9087499999998
PROD_000394,garden,26,34219.229999999996,1316.1242307692305
PROD_001799,furniture,25,34218.41,1368.7364000000002
PROD_000418,beauty,34,34193.28999999999,1005.6849999999998
PROD_000041,books,28,34182.25000000001,1220.7946428571431
PROD_002743,beauty,27,34178.52,1265.871111111111
PROD_001335,sports,28,34168.049999999996,1220.2875
PROD_002051,office,28,34164.98,1220.1778571428572
PROD_002682,toys,26,34162.56000000001,1313.9446153846159
PROD_002924,books,30,34154.14000000001,1138.4713333333336
PROD_001673,automotive,25,34149.54000000001,1365.9816000000003
PROD_001309,health,31,34143.28,1101.396129032258
PROD_001270,garden,22,34137.43,1551.7013636363636
PROD_002654,beauty,30,34136.33,1137.8776666666668
PROD_002546,computers,25,34135.44999999999,1365.4179999999997
PROD_002332,toys,30,34134.14,1137.8046666666667
PROD_001747,health,30,34132.60999999999,1137.7536666666665
PROD_002190,fashion,29,34131.45,1176.9465517241379
PROD_000205,health,31,34126.0,1100.8387096774193
PROD_000281,food,27,34123.23,1263.8233333333335
PROD_002609,books,27,34107.72999999999,1263.249259259259
PROD_000405,electronics,25,34103.69,1364.1476
PROD_002591,beauty,24,34098.23,1420.7595833333335
PROD_001135,books,31,34097.21,1099.91
PROD_000262,food,27,34094.86,1262.7725925925927
PROD_002047,furniture,31,34088.89000000001,1099.6416129032261
PROD_001967,automotive,31,34086.99,1099.580322580645
PROD_001900,computers,30,34077.649999999994,1135.9216666666664
PROD_000970,computers,24,34076.520000000004,1419.8550000000002
PROD_000129,automotive,25,34065.700000000004,1362.6280000000002
PROD_000332,books,29,34059.46000000001,1174.4641379310347
PROD_002461,fashion,28,34047.44,1215.98
PROD_002362,music,29,34043.409999999996,1173.9106896551723
PROD_002588,books,30,34038.57,1134.619
PROD_000553,fashion,30,34033.66000000001,1134.4553333333338
PROD_000427,automotive,24,34033.55,1418.0645833333335
PROD_002163,office,26,34029.29000000001,1308.8188461538464
PROD_001664,sports,25,34027.55,1361.102
PROD_001167,food,33,34027.01,1031.1215151515153
PROD_001495,furniture,28,34000.48,1214.3028571428572
PROD_002599,food,28,33995.44,1214.1228571428571
PROD_002090,beauty,21,33980.200000000004,1618.1047619047622
PROD_002947,music,28,33979.05,1213.5375000000001
PROD_002659,garden,28,33979.02,1213.5364285714284
PROD_001023,automotive,27,33937.17,1256.9322222222222
PROD_001407,food,27,33930.71000000001,1256.6929629629633
PROD_001920,electronics,27,33927.5,1256.5740740740741
PROD_002636,automotive,28,33923.909999999996,1211.5682142857142
PROD_002292,books,31,33922.15,1094.2629032258064
PROD_000669,electronics,26,33919.659999999996,1304.6023076923075
PROD_002159,furniture,27,33910.25,1255.9351851851852
PROD_000800,electronics,25,33896.05999999999,1355.8423999999995
PROD_001858,music,31,33894.270000000004,1093.363548387097
PROD_002710,automotive,28,33878.369999999995,1209.9417857142855
PROD_002725,toys,26,33873.71,1302.835
PROD_002153,health,30,33870.61,1129.0203333333334
PROD_001492,food,29,33852.049999999996,1167.312068965517
PROD_000441,health,26,33842.079999999994,1301.6184615384614
PROD_000389,toys,29,33838.04,1166.8289655172414
PROD_000567,furniture,28,33837.16,1208.47
PROD_002436,music,27,33833.49,1253.092222222222
PROD_002994,automotive,28,33831.92,1208.282857142857
PROD_002212,automotive,21,33827.280000000006,1610.8228571428574
PROD_001018,garden,26,33827.16999999999,1301.0449999999996
PROD_002477,food,26,33825.25,1300.9711538461538
PROD_000435,music,26,33822.65,1300.871153846154
PROD_002390,garden,27,33815.6,1252.4296296296295
PROD_000565,sports,22,33815.36000000001,1537.0618181818186
PROD_000576,toys,29,33803.969999999994,1165.6541379310343
PROD_000192,health,26,33803.15,1300.121153846154
PROD_002353,food,29,33802.89,1165.616896551724
PROD_000587,toys,24,33800.31,1408.3462499999998
PROD_001076,books,29,33799.189999999995,1165.4893103448273
PROD_001999,garden,30,33784.600000000006,1126.1533333333334
PROD_000258,garden,26,33759.049999999996,1298.4249999999997
PROD_001552,fashion,28,33758.99,1205.6782142857141
PROD_001585,office,31,33744.200000000004,1088.5225806451615
PROD_002040,sports,27,33739.65,1249.6166666666668
PROD_000660,furniture,33,33717.35,1021.7378787878788
PROD_002623,garden,24,33714.34,1404.7641666666666
PROD_002740,music,30,33711.97000000001,1123.7323333333336
PROD_002908,automotive,28,33702.86,1203.6735714285714
PROD_001116,food,24,33696.53,1404.0220833333333
PROD_000525,office,29,33696.409999999996,1161.945172413793
PROD_002764,health,29,33691.36,1161.7710344827588
PROD_001775,health,27,33683.60999999999,1247.541111111111
PROD_002818,music,28,33672.00000000001,1202.571428571429
PROD_002117,beauty,26,33665.49,1294.8265384615383
PROD_002247,home_appliances,25,33664.32,1346.5728
PROD_001859,office,25,33654.060000000005,1346.1624000000002
PROD_002394,beauty,25,33641.090000000004,1345.6436
PROD_001577,health,24,33635.79,1401.49125
PROD_002528,sports,30,33618.84,1120.628
PROD_001663,health,25,33614.76999999999,1344.5907999999995
PROD_001378,home_appliances,31,33607.74,1084.1206451612902
PROD_002767,food,26,33604.55,1292.4826923076923
PROD_000467,fashion,28,33594.43,1199.8010714285715
PROD_000641,fashion,23,33591.38,1460.4947826086955
PROD_000882,furniture,22,33581.55999999999,1526.434545454545
PROD_000926,garden,23,33580.270000000004,1460.011739130435
PROD_002534,garden,24,33560.75,1398.3645833333333
PROD_001417,garden,28,33551.09,1198.2532142857142
PROD_001038,sports,25,33549.13,1341.9651999999999
PROD_002666,health,22,33538.14,1524.4609090909091
PROD_002367,music,26,33530.00000000001,1289.615384615385
PROD_001157,music,23,33529.66,1457.8113043478263
PROD_002686,furniture,25,33526.83,1341.0732
PROD_001659,garden,28,33514.36,1196.9414285714286
PROD_001293,health,25,33511.31999999999,1340.4527999999998
PROD_001360,furniture,28,33510.47,1196.8025
PROD_001155,books,29,33497.01,1155.0693103448277
PROD_002140,home_appliances,26,33491.82,1288.146923076923
PROD_002949,office,28,33469.39,1195.3353571428572
PROD_002282,computers,27,33466.0,1239.4814814814815
PROD_000568,toys,23,33454.11000000001,1454.5265217391309
PROD_002823,toys,28,33447.920000000006,1194.5685714285717
PROD_001292,office,25,33446.91,1337.8764
PROD_001350,fashion,24,33439.8,1393.325
PROD_000526,music,26,33439.76,1286.1446153846155
PROD_002466,furniture,26,33439.65999999999,1286.140769230769
PROD_002459,office,31,33439.049999999996,1078.6790322580644
PROD_002361,food,29,33431.83,1152.8217241379311
PROD_002612,automotive,27,33411.66,1237.468888888889
PROD_002458,office,27,33411.29,1237.4551851851852
PROD_000628,fashion,25,33407.82,1336.3128
PROD_000444,automotive,26,33403.31,1284.7426923076923
PROD_001634,automotive,29,33391.68000000001,1151.4372413793105
PROD_002831,furniture,26,33389.509999999995,1284.2119230769229
PROD_002167,books,25,33378.740000000005,1335.1496000000002
PROD_002452,computers,24,33373.32,1390.555
PROD_001995,food,28,33369.15000000001,1191.7553571428575
PROD_002504,office,25,33365.479999999996,1334.6191999999999
PROD_002430,office,22,33360.59,1516.3904545454543
PROD_002993,electronics,30,33354.740000000005,1111.8246666666669
PROD_002128,fashion,25,33348.31,1333.9324
PROD_002795,sports,26,33342.87,1282.418076923077
PROD_000226,toys,31,33329.01999999999,1075.1296774193545
PROD_001846,health,26,33309.13999999999,1281.120769230769
PROD_001145,fashion,26,33304.28,1280.9338461538462
PROD_002205,sports,28,33296.770000000004,1189.1703571428573
PROD_001079,home_appliances,24,33295.82,1387.3258333333333
PROD_001144,furniture,26,33290.25000000001,1280.394230769231
PROD_002010,sports,30,33287.75,1109.5916666666667
PROD_000473,books,26,33281.530000000006,1280.0588461538464
PROD_002336,garden,30,33272.13999999999,1109.071333333333
PROD_000333,sports,26,33264.11000000001,1279.3888461538465
PROD_001214,garden,26,33253.840000000004,1278.9938461538463
PROD_002876,sports,29,33248.58,1146.5027586206897
PROD_001033,toys,26,33246.48000000001,1278.7107692307695
PROD_001771,home_appliances,26,33237.79,1278.3765384615385
PROD_002554,sports,26,33217.26999999999,1277.5873076923074
PROD_000415,food,27,33216.56,1230.2429629629628
PROD_000148,health,27,33211.36,1230.0503703703705
PROD_001485,music,23,33194.14,1443.2234782608696
PROD_002100,sports,30,33193.08999999999,1106.4363333333329
PROD_000180,automotive,32,33191.96000000001,1037.2487500000002
PROD_001081,sports,24,33188.579999999994,1382.8574999999998
PROD_000667,office,24,33160.19,1381.6745833333334
PROD_000657,computers,28,33160.15,1184.2910714285715
PROD_000496,music,23,33152.08,1441.3947826086958
PROD_002555,automotive,28,33137.240000000005,1183.4728571428573
PROD_002998,office,23,33132.37,1440.5378260869566
PROD_000740,sports,26,33126.4,1274.0923076923077
PROD_002957,music,25,33116.42,1324.6568
PROD_000491,computers,30,33115.06,1103.8353333333332
PROD_002474,food,24,33100.130000000005,1379.1720833333336
PROD_002093,automotive,25,33098.72,1323.9488000000001
PROD_000196,beauty,29,33088.14,1140.9703448275861
PROD_000178,electronics,32,33081.6,1033.8
PROD_002605,music,28,33080.990000000005,1181.4639285714288
PROD_001269,toys,24,33080.439999999995,1378.3516666666665
PROD_001068,health,29,33078.880000000005,1140.6510344827589
PROD_000245,books,30,33050.709999999985,1101.6903333333328
PROD_001187,computers,27,33042.71,1223.8040740740742
PROD_002344,office,30,33039.87,1101.3290000000002
PROD_000849,garden,29,33033.37000000001,1139.0817241379314
PROD_000217,health,25,33008.6,1320.344
PROD_001704,sports,25,33003.369999999995,1320.1347999999998
PROD_002259,electronics,23,33002.01,1434.8700000000001
PROD_001535,garden,26,32985.21,1268.6619230769231
PROD_001907,automotive,29,32979.520000000004,1137.224827586207
PROD_001232,beauty,24,32977.479999999996,1374.0616666666665
PROD_000014,computers,27,32976.03,1221.3344444444444
PROD_001617,health,25,32969.700000000004,1318.7880000000002
PROD_002115,electronics,26,32969.469999999994,1268.0565384615381
PROD_001151,home_appliances,28,32964.479999999996,1177.302857142857
PROD_001183,computers,27,32959.88,1220.7362962962961
PROD_002203,home_appliances,24,32953.24,1373.0516666666665
PROD_000118,home_appliances,26,32942.170000000006,1267.0065384615386
PROD_002399,fashion,27,32928.46000000001,1219.5725925925929
PROD_001046,beauty,27,32922.89,1219.3662962962962
PROD_001013,electronics,31,32911.58,1061.663870967742
PROD_000689,home_appliances,27,32910.60999999999,1218.9114814814811
PROD_000306,computers,29,32899.829999999994,1134.476896551724
PROD_002018,toys,24,32898.630000000005,1370.7762500000001
PROD_002958,books,31,32849.91,1059.6745161290323
PROD_001330,health,28,32844.41999999999,1173.0149999999996
PROD_002793,furniture,24,32844.04,1368.5016666666668
PROD_001114,toys,25,32841.29,1313.6516000000001
PROD_002443,books,27,32839.020000000004,1216.2600000000002
PROD_001041,beauty,23,32824.950000000004,1427.171739130435
PROD_001904,furniture,23,32817.84,1426.862608695652
PROD_002930,computers,30,32816.310000000005,1093.8770000000002
PROD_001883,furniture,29,32797.91,1130.9624137931037
PROD_001744,office,21,32787.51,1561.3100000000002
PROD_002637,automotive,28,32787.020000000004,1170.9650000000001
PROD_002816,beauty,25,32774.0,1310.96
PROD_001284,automotive,25,32767.38,1310.6952
PROD_002694,books,27,32735.159999999996,1212.4133333333332
PROD_000338,computers,25,32731.05,1309.242
PROD_002748,garden,26,32730.010000000006,1258.8465384615388
PROD_001123,health,29,32726.750000000004,1128.5086206896553
PROD_000025,beauty,25,32723.63000000001,1308.9452000000003
PROD_001845,health,26,32716.32,1258.32
PROD_000916,furniture,27,32710.099999999995,1211.485185185185
PROD_000519,music,24,32698.030000000002,1362.4179166666668
PROD_002277,furniture,28,32690.430000000004,1167.5153571428573
PROD_002335,garden,27,32687.85999999999,1210.6614814814811
PROD_000772,music,28,32676.84,1167.03
PROD_002597,garden,25,32676.42,1307.0567999999998
PROD_000891,fashion,28,32672.800000000003,1166.8857142857144
PROD_001297,automotive,28,32671.17,1166.8274999999999
PROD_001110,beauty,34,32658.319999999996,960.5388235294116
PROD_002007,computers,26,32654.540000000008,1255.9438461538464
PROD_000597,furniture,29,32652.510000000006,1125.9486206896554
PROD_001071,food,23,32647.88,1419.473043478261
PROD_001122,electronics,27,32643.54999999999,1209.0203703703698
PROD_002995,fashion,24,32641.940000000006,1360.0808333333337
PROD_002485,office,28,32628.220000000005,1165.2935714285716
PROD_000425,toys,26,32626.280000000006,1254.8569230769233
PROD_000580,beauty,26,32618.29,1254.5496153846154
PROD_001395,computers,27,32618.289999999994,1208.0848148148145
PROD_002108,computers,26,32611.08,1254.2723076923078
PROD_000173,food,26,32607.999999999996,1254.153846153846
PROD_002061,home_appliances,28,32607.85999999999,1164.566428571428
PROD_002152,beauty,24,32604.79,1358.5329166666668
PROD_001716,office,26,32590.0,1253.4615384615386
PROD_000933,home_appliances,30,32588.66,1086.2886666666666
PROD_002732,fashion,23,32586.7,1416.8130434782609
PROD_000652,health,29,32584.84,1123.615172413793
PROD_001480,beauty,31,32581.18000000001,1051.0058064516134
PROD_000391,beauty,25,32579.679999999997,1303.1871999999998
PROD_001776,fashion,20,32578.620000000003,1628.931
PROD_002635,electronics,28,32562.549999999996,1162.9482142857141
PROD_002864,food,23,32561.170000000002,1415.703043478261
PROD_001255,computers,28,32543.420000000006,1162.265
PROD_000529,automotive,27,32543.340000000004,1205.308888888889
PROD_000650,music,27,32535.430000000004,1205.015925925926
PROD_001125,home_appliances,27,32533.1,1204.9296296296295
PROD_000964,computers,29,32531.760000000002,1121.784827586207
PROD_000453,home_appliances,28,32531.660000000007,1161.8450000000003
PROD_000681,sports,32,32528.899999999987,1016.5281249999996
PROD_000321,music,25,32527.649999999994,1301.1059999999998
PROD_002573,sports,28,32522.46,1161.5164285714286
PROD_001793,furniture,25,32511.79,1300.4716
PROD_000821,computers,27,32503.17,1203.8211111111111
PROD_001402,office,27,32501.730000000003,1203.7677777777778
PROD_002742,health,29,32497.68,1120.6096551724138
PROD_000991,office,31,32473.649999999998,1047.5370967741935
PROD_002896,automotive,24,32461.69,1352.5704166666667
PROD_000380,health,29,32460.340000000007,1119.3220689655175
PROD_002144,health,29,32448.939999999995,1118.9289655172413
PROD_002789,home_appliances,29,32448.040000000005,1118.897931034483
PROD_001882,home_appliances,23,32438.3,1410.3608695652174
PROD_000401,health,23,32425.709999999995,1409.8134782608693
PROD_002207,home_appliances,27,32405.890000000007,1200.2181481481484
PROD_000188,furniture,25,32399.840000000004,1295.9936000000002
PROD_001251,electronics,28,32389.88,1156.7814285714287
PROD_002243,food,24,32380.800000000007,1349.2000000000003
PROD_000633,automotive,26,32347.899999999998,1244.1499999999999
PROD_002209,office,31,32330.1,1042.906451612903
PROD_002799,health,27,32326.160000000003,1197.2651851851854
PROD_002325,food,31,32313.04,1042.3561290322582
PROD_002890,music,27,32291.45,1195.9796296296297
PROD_001553,beauty,29,32286.21,1113.3175862068965
PROD_000448,toys,26,32285.73,1241.7588461538462
PROD_001593,electronics,21,32275.420000000002,1536.924761904762
PROD_002369,books,26,32247.869999999995,1240.302692307692
PROD_001440,computers,24,32226.3,1342.7625
PROD_002132,fashion,25,32225.499999999996,1289.0199999999998
PROD_001324,electronics,24,32222.390000000003,1342.5995833333334
PROD_000378,furniture,33,32220.190000000002,976.3693939393941
PROD_002039,automotive,31,32218.379999999994,1039.302580645161
PROD_001494,office,27,32215.019999999997,1193.1488888888887
PROD_000202,books,26,32204.759999999995,1238.6446153846152
PROD_001636,automotive,28,32198.509999999995,1149.9467857142856
PROD_001022,office,25,32197.31,1287.8924
PROD_002839,computers,25,32187.670000000002,1287.5068
PROD_000699,office,30,32186.09,1072.8696666666667
PROD_002423,electronics,26,32181.03,1237.731923076923
PROD_000423,furniture,28,32173.199999999997,1149.042857142857
PROD_001503,books,27,32171.66,1191.542962962963
PROD_000790,home_appliances,26,32165.14000000001,1237.1207692307696
PROD_000542,food,28,32139.739999999998,1147.847857142857
PROD_001508,electronics,29,32136.37,1108.1506896551723
PROD_002260,food,23,32119.380000000005,1396.494782608696
PROD_000443,home_appliances,22,32112.790000000005,1459.672272727273
PROD_002999,food,23,32068.960000000006,1394.3026086956525
PROD_001006,books,26,32065.530000000002,1233.2896153846154
PROD_002700,furniture,28,32038.71,1144.2396428571428
PROD_001656,books,26,32034.249999999996,1232.0865384615383
PROD_001986,sports,30,32029.920000000002,1067.664
PROD_002581,fashion,28,32028.649999999994,1143.8803571428568
PROD_002813,garden,24,32026.71,1334.44625
PROD_000107,fashion,25,32012.109999999997,1280.4843999999998
PROD_001462,toys,27,32011.270000000004,1185.6025925925928
PROD_001242,furniture,24,32007.71,1333.6545833333332
PROD_001197,books,29,32003.079999999998,1103.5544827586207
PROD_002645,beauty,26,32000.690000000006,1230.7957692307696
PROD_002181,sports,26,31998.760000000002,1230.7215384615386
PROD_001450,office,26,31991.23,1230.431923076923
PROD_001996,music,23,31984.549999999996,1390.632608695652
PROD_002202,sports,26,31952.380000000005,1228.9376923076925
PROD_001668,electronics,30,31939.869999999995,1064.6623333333332
PROD_001868,furniture,31,31930.629999999997,1030.0203225806451
PROD_000381,music,24,31929.440000000002,1330.3933333333334
PROD_002101,office,27,31909.890000000003,1181.847777777778
PROD_000897,home_appliances,21,31907.28,1519.3942857142856
PROD_001042,garden,25,31903.28,1276.1312
PROD_001764,food,29,31889.920000000002,1099.6524137931035
PROD_001341,music,31,31868.5,1028.016129032258
PROD_001375,fashion,25,31868.330000000005,1274.7332000000001
PROD_000643,books,25,31860.699999999997,1274.4279999999999
PROD_000376,automotive,29,31855.36,1098.4606896551725
PROD_000093,beauty,26,31851.549999999992,1225.059615384615
PROD_000687,food,27,31851.420000000002,1179.6822222222222
PROD_000965,fashion,23,31834.170000000002,1384.094347826087
PROD_000569,office,24,31824.56,1326.0233333333333
PROD_000854,music,28,31819.789999999997,1136.4210714285714
PROD_002665,automotive,24,31815.189999999995,1325.6329166666665
PROD_001909,home_appliances,27,31804.25,1177.9351851851852
PROD_002580,beauty,21,31790.469999999994,1513.8319047619045
PROD_002900,health,22,31779.850000000002,1444.5386363636364
PROD_000422,office,25,31769.420000000002,1270.7768
PROD_001702,books,27,31755.779999999995,1176.1399999999999
PROD_002758,home_appliances,27,31754.130000000005,1176.078888888889
PROD_001031,office,26,31743.810000000005,1220.9157692307695
PROD_002726,books,29,31740.409999999996,1094.496896551724
PROD_001961,furniture,24,31735.370000000006,1322.3070833333336
PROD_001982,electronics,27,31735.240000000005,1175.3792592592595
PROD_002698,toys,27,31726.43,1175.052962962963
PROD_002701,health,22,31715.80999999999,1441.6277272727268
PROD_002211,furniture,28,31705.610000000008,1132.3432142857146
PROD_002634,food,24,31677.499999999993,1319.895833333333
PROD_002437,automotive,24,31676.24,1319.8433333333335
PROD_000286,fashion,27,31673.380000000005,1173.0881481481483
PROD_002834,food,24,31653.739999999998,1318.9058333333332
PROD_002684,books,25,31650.39,1266.0156
PROD_002513,books,24,31640.06,1318.3358333333333
PROD_000688,home_appliances,20,31632.690000000002,1581.6345000000001
PROD_000861,music,27,31626.07,1171.335925925926
PROD_001949,electronics,32,31623.819999999996,988.2443749999999
PROD_002284,automotive,27,31622.590000000004,1171.2070370370373
PROD_000437,toys,26,31618.520000000004,1216.0969230769233
PROD_001222,toys,27,31614.89,1170.921851851852
PROD_002343,books,23,31591.0,1373.5217391304348
PROD_001570,beauty,27,31583.620000000003,1169.7637037037039
PROD_001733,electronics,23,31573.94,1372.78
PROD_001288,garden,25,31571.09999999999,1262.8439999999996
PROD_000198,beauty,26,31551.979999999992,1213.537692307692
PROD_000559,food,25,31549.070000000003,1261.9628000000002
PROD_002166,food,24,31546.0,1314.4166666666667
PROD_002290,computers,28,31532.12,1126.1471428571429
PROD_001755,health,23,31510.279999999995,1370.0121739130432
PROD_001671,sports,30,31509.039999999997,1050.3013333333333
PROD_000126,fashion,24,31505.800000000007,1312.741666666667
PROD_002526,computers,25,31501.300000000007,1260.0520000000004
PROD_001108,books,23,31483.35,1368.841304347826
PROD_000211,furniture,23,31476.559999999998,1368.5460869565215
PROD_002127,office,24,31447.41999999999,1310.3091666666662
PROD_002392,music,22,31437.440000000002,1428.9745454545455
PROD_001423,food,26,31423.07,1208.5796153846154
PROD_000347,toys,28,31412.780000000006,1121.8850000000002
PROD_000645,beauty,28,31404.86999999999,1121.6024999999997
PROD_002514,health,30,31399.169999999995,1046.639
PROD_000737,books,30,31398.129999999997,1046.6043333333332
PROD_001932,furniture,24,31356.35,1306.5145833333333
PROD_002110,garden,25,31353.929999999997,1254.1571999999999
PROD_002566,computers,28,31327.960000000006,1118.8557142857146
PROD_000537,books,29,31321.780000000006,1080.061379310345
PROD_002971,sports,25,31313.42,1252.5367999999999
PROD_001800,garden,26,31312.29,1204.3188461538462
PROD_001349,automotive,23,31286.22000000001,1360.270434782609
PROD_002951,books,24,31283.670000000002,1303.4862500000002
PROD_000229,music,26,31277.359999999997,1202.9753846153844
PROD_002672,food,25,31266.79,1250.6716000000001
PROD_002648,automotive,24,31256.99,1302.3745833333335
PROD_003000,garden,26,31251.329999999998,1201.9742307692306
PROD_000639,automotive,25,31236.0,1249.44
PROD_000487,furniture,26,31232.21,1201.2388461538462
PROD_002134,home_appliances,26,31229.61,1201.138846153846
PROD_001024,garden,27,31215.069999999996,1156.1137037037035
PROD_002874,beauty,25,31210.370000000003,1248.4148
PROD_000728,music,27,31209.769999999997,1155.9174074074074
PROD_001188,office,30,31207.819999999992,1040.2606666666663
PROD_001567,sports,30,31207.449999999997,1040.2483333333332
PROD_000110,furniture,24,31206.270000000004,1300.2612500000002
PROD_001069,beauty,22,31194.76,1417.9436363636362
PROD_002651,computers,23,31194.579999999994,1356.2860869565216
PROD_001578,garden,27,31192.820000000003,1155.2896296296296
PROD_002121,music,24,31191.989999999994,1299.6662499999998
PROD_001906,food,22,31189.219999999998,1417.691818181818
PROD_001035,fashion,22,31174.800000000007,1417.0363636363638
PROD_001554,office,26,31169.079999999998,1198.8107692307692
PROD_001897,health,34,31163.13,916.5626470588236
PROD_001377,fashion,25,31142.139999999996,1245.6855999999998
PROD_001446,toys,21,31133.429999999997,1482.5442857142855
PROD_002095,books,28,31130.36,1111.7985714285714
PROD_000812,beauty,28,31126.350000000002,1111.6553571428572
PROD_000998,home_appliances,24,31116.86,1296.5358333333334
PROD_000960,health,21,31111.480000000003,1481.4990476190478
PROD_002724,beauty,23,31107.150000000005,1352.484782608696
PROD_002788,sports,25,31104.74,1244.1896000000002
PROD_002310,fashion,26,31099.440000000002,1196.1323076923077
PROD_002953,garden,28,31085.290000000008,1110.188928571429
PROD_001525,computers,27,31084.43,1151.2751851851851
PROD_002449,automotive,26,31071.54,1195.059230769231
PROD_002085,health,26,31071.260000000002,1195.0484615384617
PROD_001471,sports,24,31041.17,1293.3820833333332
PROD_001705,home_appliances,28,31040.7,1108.5964285714285
PROD_002170,books,27,31039.480000000007,1149.6103703703707
PROD_002389,office,25,31030.009999999995,1241.2003999999997
PROD_000962,beauty,26,31027.75,1193.375
PROD_000140,fashion,22,31022.86,1410.13
PROD_002229,electronics,24,31021.839999999997,1292.5766666666666
PROD_000408,sports,26,31016.270000000004,1192.9334615384616
PROD_000459,garden,24,31010.280000000002,1292.095
PROD_000002,food,30,31001.260000000002,1033.3753333333334
PROD_002543,garden,34,30995.200000000004,911.6235294117648
PROD_002938,automotive,28,30991.35,1106.8339285714285
PROD_001720,office,28,30987.409999999993,1106.693214285714
PROD_001991,computers,25,30980.72,1239.2288
PROD_002582,electronics,23,30974.92999999999,1346.7360869565214
PROD_002081,toys,25,30972.530000000006,1238.9012000000002
PROD_000844,electronics,24,30971.7,1290.4875
PROD_001512,sports,31,30961.3,998.7516129032258
PROD_001943,office,24,30958.04,1289.9183333333333
PROD_001353,health,28,30954.829999999994,1105.5296428571426
PROD_002221,books,39,30953.860000000004,793.688717948718
PROD_000212,beauty,25,30950.640000000003,1238.0256000000002
PROD_001805,food,26,30942.300000000003,1190.0884615384616
PROD_002197,computers,24,30937.490000000005,1289.0620833333335
PROD_000523,home_appliances,21,30926.13,1472.672857142857
PROD_000296,furniture,22,30920.75,1405.4886363636363
PROD_000982,home_appliances,24,30915.629999999997,1288.15125
PROD_002114,office,27,30902.46,1144.5355555555554
PROD_000755,beauty,28,30890.86,1103.2450000000001
PROD_002084,garden,25,30881.84,1235.2736
PROD_002567,automotive,30,30880.390000000007,1029.3463333333336
PROD_001379,health,22,30874.099999999995,1403.3681818181815
PROD_001501,automotive,19,30864.26,1624.4347368421052
PROD_000073,beauty,23,30854.62,1341.5052173913043
PROD_000670,health,23,30850.669999999995,1341.3334782608692
PROD_000153,food,20,30844.610000000004,1542.2305000000001
PROD_002177,fashion,33,30842.97,934.6354545454545
PROD_001418,computers,25,30842.310000000005,1233.6924000000001
PROD_000931,health,23,30824.229999999996,1340.183913043478
PROD_002345,sports,29,30822.440000000002,1062.8427586206897
PROD_001557,food,31,30814.539999999994,994.0174193548385
PROD_001361,music,28,30804.130000000005,1100.1475000000003
PROD_000881,beauty,25,30803.930000000004,1232.1572
PROD_002857,home_appliances,24,30795.640000000003,1283.1516666666669
PROD_000476,books,22,30795.160000000003,1399.7800000000002
PROD_002880,garden,25,30793.989999999998,1231.7595999999999
PROD_002069,furniture,27,30789.14,1140.3385185185184
PROD_000536,office,23,30784.18,1338.442608695652
PROD_000276,home_appliances,24,30772.41,1282.18375
PROD_000007,sports,23,30763.48,1337.5426086956522
PROD_000902,music,24,30759.97,1281.6654166666667
PROD_002577,electronics,26,30757.38,1182.976153846154
PROD_000666,home_appliances,26,30725.699999999993,1181.757692307692
PROD_000247,toys,25,30707.329999999994,1228.2931999999998
PROD_000697,home_appliances,25,30704.079999999998,1228.1632
PROD_000042,garden,22,30700.880000000005,1395.4945454545457
PROD_002385,electronics,28,30690.36,1096.0842857142857
PROD_001348,automotive,25,30676.070000000003,1227.0428000000002
PROD_002815,beauty,27,30673.730000000003,1136.0640740740741
PROD_001028,fashion,27,30669.149999999994,1135.8944444444442
PROD_002954,books,24,30667.910000000003,1277.8295833333334
PROD_002251,sports,26,30666.629999999997,1179.4857692307692
PROD_002798,office,26,30623.540000000005,1177.8284615384616
PROD_001701,electronics,28,30621.599999999995,1093.6285714285711
PROD_001946,computers,30,30620.800000000003,1020.6933333333334
PROD_000522,music,24,30619.48,1275.8116666666667
PROD_001399,health,27,30618.720000000005,1134.0266666666669
PROD_000458,home_appliances,31,30614.940000000006,987.5787096774195
PROD_002106,furniture,24,30610.379999999997,1275.4325
PROD_000471,furniture,26,30610.120000000003,1177.3123076923077
PROD_000151,computers,26,30596.050000000003,1176.771153846154
PROD_000309,automotive,24,30593.589999999997,1274.7329166666666
PROD_000065,books,28,30593.12000000001,1092.6114285714289
PROD_002846,garden,24,30592.819999999996,1274.700833333333
PROD_000637,fashion,22,30584.249999999996,1390.1931818181818
PROD_002122,electronics,26,30580.11999999999,1176.1584615384613
PROD_000080,books,22,30555.370000000003,1388.8804545454548
PROD_000963,office,26,30551.859999999997,1175.0715384615382
PROD_000293,electronics,29,30551.04,1053.4841379310344
PROD_001291,garden,29,30534.249999999993,1052.9051724137928
PROD_000502,books,22,30534.019999999997,1387.9099999999999
PROD_001544,books,23,30533.46,1327.5417391304347
PROD_000372,books,28,30526.969999999998,1090.2489285714285
PROD_001604,sports,23,30518.31,1326.883043478261
PROD_002329,automotive,23,30511.119999999995,1326.5704347826086
PROD_001722,electronics,24,30502.09,1270.9204166666666
PROD_002273,health,28,30495.770000000004,1089.134642857143
PROD_000209,furniture,23,30485.719999999998,1325.4660869565216
PROD_000851,food,28,30479.640000000003,1088.5585714285714
PROD_001935,home_appliances,30,30474.760000000002,1015.8253333333334
PROD_002676,books,22,30470.73,1385.033181818182
PROD_000232,food,27,30468.089999999993,1128.4477777777774
PROD_002556,furniture,23,30461.05,1324.3934782608696
PROD_000475,food,26,30454.119999999995,1171.3123076923075
PROD_000992,electronics,23,30450.870000000003,1323.9508695652175
PROD_002393,sports,26,30427.260000000002,1170.279230769231
PROD_000602,office,23,30425.359999999993,1322.8417391304345
PROD_001199,toys,27,30419.289999999997,1126.6403703703702
PROD_000428,beauty,25,30417.349999999995,1216.6939999999997
PROD_001601,fashion,24,30415.4,1267.3083333333334
PROD_000514,computers,24,30404.000000000004,1266.8333333333335
PROD_002301,books,26,30396.0,1169.076923076923
PROD_001514,garden,26,30390.37,1168.8603846153846
PROD_000950,garden,29,30387.71,1047.8520689655172
PROD_001201,office,28,30372.519999999993,1084.7328571428568
PROD_000615,computers,23,30370.769999999997,1320.468260869565
PROD_002539,health,28,30363.43,1084.4082142857144
PROD_000143,office,30,30358.26,1011.9419999999999
PROD_002736,office,29,30345.06,1046.381379310345
PROD_002677,books,29,30334.4,1046.0137931034483
PROD_002342,books,31,30319.389999999996,978.0448387096773
PROD_000940,books,25,30313.28,1212.5312
PROD_001449,electronics,28,30303.74,1082.2764285714286
PROD_002964,furniture,24,30294.79,1262.2829166666668
PROD_000037,fashion,24,30288.78,1262.0325
PROD_002237,books,29,30282.499999999993,1044.2241379310342
PROD_000621,health,30,30282.3,1009.41
PROD_000729,toys,21,30280.420000000002,1441.924761904762
PROD_002501,sports,25,30274.039999999997,1210.9615999999999
PROD_001369,beauty,24,30260.94,1260.8725
PROD_000819,automotive,25,30256.950000000008,1210.2780000000002
PROD_000590,books,25,30255.6,1210.224
PROD_002124,beauty,23,30241.38,1314.8426086956522
PROD_002752,furniture,29,30230.6,1042.4344827586206
PROD_002239,books,28,30225.319999999996,1079.475714285714
PROD_002610,music,26,30214.32,1162.0892307692307
PROD_002521,music,23,30205.739999999998,1313.2930434782609
PROD_000340,home_appliances,26,30196.780000000002,1161.4146153846154
PROD_000280,furniture,26,30186.860000000008,1161.0330769230773
PROD_002510,food,28,30183.61,1077.9860714285714
PROD_002224,office,22,30176.999999999996,1371.681818181818
PROD_002464,computers,24,30172.679999999993,1257.1949999999997
PROD_001569,health,22,30166.400000000005,1371.2000000000003
PROD_001409,food,26,30163.29,1160.1265384615385
PROD_000220,toys,28,30151.040000000005,1076.8228571428574
PROD_000492,toys,23,30149.19,1310.834347826087
PROD_000477,books,28,30147.45,1076.694642857143
PROD_002585,automotive,25,30141.02,1205.6408000000001
PROD_000923,automotive,23,30135.680000000004,1310.2469565217393
PROD_000176,home_appliances,26,30135.089999999993,1159.0419230769228
PROD_000134,health,26,30130.270000000004,1158.8565384615385
PROD_000700,computers,24,30126.670000000006,1255.277916666667
PROD_001772,music,28,30124.29,1075.8675
PROD_002658,automotive,19,30123.93,1585.47
PROD_002042,furniture,25,30102.350000000002,1204.094
PROD_001592,books,26,30100.21,1157.7003846153846
PROD_002119,office,24,30098.399999999998,1254.1
PROD_001875,music,30,30088.959999999995,1002.9653333333332
PROD_000398,computers,24,30088.029999999995,1253.6679166666665
PROD_001643,music,24,30077.39,1253.2245833333334
PROD_002511,food,19,30066.649999999998,1582.4552631578947
PROD_000240,beauty,28,30053.350000000002,1073.3339285714287
PROD_001179,fashion,25,30052.270000000004,1202.0908000000002
PROD_001102,furniture,23,30046.45,1306.3673913043478
PROD_001323,automotive,26,30046.08,1155.6184615384616
PROD_001363,toys,28,30035.97,1072.7132142857142
PROD_000292,automotive,24,30018.8,1250.7833333333333
PROD_002058,sports,25,30013.260000000002,1200.5304
PROD_001837,food,22,30010.190000000002,1364.0995454545455
PROD_001623,computers,25,30007.029999999995,1200.2812
PROD_002033,health,27,30006.550000000003,1111.3537037037038
PROD_002256,beauty,30,29990.399999999998,999.68
PROD_000392,food,23,29989.140000000003,1303.875652173913
PROD_000046,garden,26,29956.050000000003,1152.1557692307692
PROD_002424,furniture,24,29952.46,1248.0191666666667
PROD_001220,sports,26,29951.210000000003,1151.9696153846155
PROD_001559,food,22,29924.309999999994,1360.1959090909088
PROD_000692,garden,32,29921.960000000003,935.0612500000001
PROD_000141,books,25,29915.03,1196.6012
PROD_002034,furniture,29,29911.810000000005,1031.4417241379313
PROD_002381,office,25,29908.700000000004,1196.3480000000002
PROD_001483,toys,23,29884.88,1299.3426086956522
PROD_002036,garden,28,29876.829999999998,1067.0296428571428
PROD_002692,books,26,29865.939999999995,1148.6899999999998
PROD_002783,sports,24,29849.049999999992,1243.7104166666663
PROD_001391,food,22,29844.169999999995,1356.5531818181817
PROD_000758,books,28,29841.140000000003,1065.755
PROD_001100,office,23,29827.839999999997,1296.862608695652
PROD_002644,toys,24,29824.92,1242.705
PROD_002746,automotive,23,29814.36,1296.2765217391304
PROD_002642,automotive,28,29814.159999999996,1064.7914285714285
PROD_000399,garden,25,29739.120000000006,1189.5648000000003
PROD_000938,computers,25,29737.380000000005,1189.4952000000003
PROD_001835,home_appliances,25,29737.189999999995,1189.4875999999997
PROD_000860,furniture,25,29729.54,1189.1816000000001
PROD_000043,food,23,29728.410000000003,1292.5395652173916
PROD_002891,food,25,29719.319999999996,1188.7727999999997
PROD_001522,electronics,24,29704.280000000002,1237.6783333333335
PROD_001929,office,25,29692.92,1187.7168
PROD_001474,beauty,24,29690.21,1237.0920833333332
PROD_002186,garden,23,29689.57,1290.8508695652174
PROD_001150,furniture,25,29664.08,1186.5632
PROD_000419,food,25,29641.01,1185.6404
PROD_002564,computers,25,29633.92,1185.3568
PROD_001435,toys,29,29630.2,1021.7310344827587
PROD_002963,garden,28,29620.579999999998,1057.877857142857
PROD_000049,music,26,29612.499999999996,1138.9423076923076
PROD_002154,computers,23,29605.780000000002,1287.2078260869566
PROD_000634,beauty,27,29599.710000000003,1096.2855555555557
PROD_002226,electronics,29,29597.63,1020.6079310344828
PROD_000207,toys,26,29596.200000000004,1138.3153846153848
PROD_001936,fashion,21,29592.52,1409.1676190476192
PROD_001136,music,22,29591.450000000004,1345.0659090909094
PROD_000967,automotive,22,29589.659999999996,1344.9845454545452
PROD_002601,home_appliances,24,29572.33,1232.1804166666668
PROD_001588,toys,29,29550.71,1018.99
PROD_000771,beauty,28,29546.520000000004,1055.2328571428573
PROD_002835,sports,23,29540.159999999993,1284.3547826086954
PROD_002814,fashion,25,29517.55,1180.702
PROD_000665,food,27,29516.5,1093.2037037037037
PROD_000825,electronics,23,29514.95,1283.2586956521739
PROD_000564,home_appliances,22,29513.159999999996,1341.5072727272725
PROD_002809,electronics,24,29512.250000000004,1229.6770833333335
PROD_001130,beauty,29,29507.67,1017.5058620689655
PROD_002071,electronics,28,29500.009999999995,1053.5717857142856
PROD_000974,books,27,29493.78,1092.3622222222223
PROD_002570,automotive,29,29487.090000000004,1016.7962068965519
PROD_002829,garden,24,29484.22,1228.5091666666667
PROD_001766,health,25,29481.969999999994,1179.2787999999998
PROD_000948,furniture,21,29471.000000000004,1403.3809523809525
PROD_002830,garden,26,29467.069999999996,1133.348846153846
PROD_002077,automotive,27,29465.120000000003,1091.3007407407408
PROD_001478,automotive,24,29446.74,1226.9475
PROD_001266,music,23,29445.78,1280.2513043478261
PROD_002664,toys,27,29437.68,1090.2844444444445
PROD_000087,computers,24,29411.780000000002,1225.4908333333335
PROD_000671,beauty,21,29409.0,1400.4285714285713
PROD_002268,garden,24,29401.949999999997,1225.08125
PROD_002364,garden,25,29386.569999999996,1175.4627999999998
PROD_002847,garden,27,29384.699999999997,1088.322222222222
PROD_002721,fashion,24,29381.189999999995,1224.2162499999997
PROD_001143,fashion,29,29368.21,1012.6968965517241
PROD_000999,furniture,22,29341.749999999996,1333.715909090909
PROD_001004,garden,21,29339.53,1397.1204761904762
PROD_001792,music,27,29338.800000000003,1086.6222222222223
PROD_002038,toys,29,29324.179999999993,1011.178620689655
PROD_002135,computers,24,29312.820000000003,1221.3675
PROD_000702,electronics,27,29289.029999999995,1084.7788888888888
PROD_001908,beauty,27,29277.38,1084.3474074074074
PROD_001241,computers,24,29275.79,1219.8245833333333
PROD_000039,electronics,29,29270.349999999995,1009.3224137931032
PROD_001740,electronics,24,29245.850000000002,1218.5770833333333
PROD_002303,music,30,29234.020000000008,974.4673333333336
PROD_000311,books,30,29221.440000000002,974.0480000000001
PROD_002987,furniture,21,29214.160000000003,1391.1504761904764
PROD_002204,sports,32,29201.640000000003,912.5512500000001
PROD_000090,electronics,22,29190.739999999994,1326.8518181818179
PROD_001573,books,22,29173.17,1326.0531818181817
PROD_001828,office,25,29169.89,1166.7956
PROD_001226,furniture,25,29167.47,1166.6988000000001
PROD_000889,home_appliances,26,29166.7,1121.7961538461539
PROD_002435,automotive,22,29164.830000000005,1325.674090909091
PROD_002885,home_appliances,23,29162.299999999996,1267.9260869565217
PROD_002621,food,26,29156.630000000005,1121.4088461538463
PROD_002517,music,27,29129.36,1078.8651851851853
PROD_000115,garden,24,29101.470000000005,1212.5612500000002
PROD_002613,automotive,25,29100.700000000004,1164.0280000000002
PROD_001757,beauty,25,29089.33,1163.5732
PROD_000971,toys,23,29058.109999999997,1263.3960869565217
PROD_000594,music,24,29031.43,1209.6429166666667
PROD_001133,health,24,29016.82,1209.0341666666666
PROD_001008,beauty,20,28985.860000000004,1449.2930000000001
PROD_002231,beauty,28,28960.339999999993,1034.2978571428569
PROD_001955,computers,26,28941.35,1113.128846153846
PROD_000877,sports,22,28901.08,1313.6854545454546
PROD_001796,food,28,28878.2,1031.3642857142856
PROD_000808,garden,29,28876.05,995.7258620689655
PROD_002544,home_appliances,24,28864.739999999994,1202.6974999999998
PROD_000244,computers,26,28848.94,1109.5746153846153
PROD_002201,sports,25,28842.409999999996,1153.6963999999998
PROD_001638,home_appliances,26,28831.63,1108.9088461538463
PROD_001282,office,22,28823.659999999996,1310.1663636363635
PROD_000691,computers,26,28820.100000000002,1108.4653846153847
PROD_001316,computers,27,28814.27,1067.1951851851852
PROD_002316,garden,25,28796.72,1151.8688
PROD_001052,health,26,28785.31,1107.1273076923078
PROD_000026,garden,23,28784.190000000006,1251.4865217391307
PROD_002750,beauty,26,28769.12,1106.5046153846154
PROD_002048,health,27,28765.229999999996,1065.3788888888887
PROD_001947,food,24,28757.55,1198.23125
PROD_000064,music,25,28749.120000000003,1149.9648000000002
PROD_000274,furniture,27,28740.160000000003,1064.4503703703706
PROD_002656,toys,26,28738.51,1105.3273076923076
PROD_001465,computers,20,28726.12,1436.306
PROD_001992,home_appliances,28,28703.710000000003,1025.1325000000002
PROD_002791,food,29,28703.43,989.773448275862
PROD_000773,food,28,28690.749999999996,1024.6696428571427
PROD_001650,electronics,25,28674.589999999997,1146.9835999999998
PROD_001940,books,27,28661.720000000005,1061.5451851851853
PROD_002868,electronics,23,28661.620000000003,1246.157391304348
PROD_001579,books,29,28661.1,988.3137931034482
PROD_000241,fashion,23,28614.030000000006,1244.0882608695654
PROD_000456,electronics,26,28584.83,1099.4165384615385
PROD_000544,toys,27,28583.2,1058.637037037037
PROD_002214,automotive,22,28578.350000000006,1299.0159090909094
PROD_002267,electronics,24,28572.489999999998,1190.5204166666665
PROD_001354,electronics,26,28572.14,1098.9284615384615
PROD_000904,office,25,28539.670000000002,1141.5868
PROD_001095,automotive,25,28534.459999999995,1141.3783999999998
PROD_000270,garden,22,28528.56,1296.7527272727273
PROD_002193,furniture,23,28518.809999999994,1239.948260869565
PROD_000070,fashion,32,28516.180000000004,891.1306250000001
PROD_002877,office,24,28516.05,1188.16875
PROD_001249,health,22,28512.41,1296.0186363636365
PROD_000563,office,23,28504.45,1239.3239130434783
PROD_001812,garden,25,28502.709999999995,1140.1083999999998
PROD_002741,garden,24,28498.429999999997,1187.4345833333332
PROD_000741,fashion,22,28490.56,1295.0254545454545
PROD_000128,food,22,28481.529999999995,1294.6149999999998
PROD_002476,sports,21,28479.899999999998,1356.185714285714
PROD_000713,automotive,19,28477.78,1498.8305263157895
PROD_000878,health,25,28465.589999999993,1138.6235999999997
PROD_000520,health,23,28460.370000000006,1237.407391304348
PROD_001972,sports,27,28460.240000000005,1054.0829629629632
PROD_001381,health,24,28458.639999999996,1185.7766666666664
PROD_001614,fashion,20,28450.97,1422.5485
PROD_002300,music,27,28428.7,1052.914814814815
PROD_002363,toys,26,28427.17,1093.3526923076922
PROD_002419,music,20,28426.470000000005,1421.3235000000002
PROD_000994,automotive,26,28420.100000000002,1093.0807692307694
PROD_002359,toys,26,28409.79,1092.684230769231
PROD_002836,music,25,28395.909999999996,1135.8364
PROD_001586,fashion,24,28390.649999999998,1182.94375
PROD_000505,sports,25,28381.089999999993,1135.2435999999998
PROD_001134,automotive,26,28377.110000000004,1091.4273076923077
PROD_001473,sports,29,28376.94,978.515172413793
PROD_002914,beauty,22,28365.27,1289.3304545454546
PROD_001864,fashion,24,28348.61,1181.1920833333334
PROD_000855,furniture,22,28342.93,1288.315
PROD_001373,beauty,31,28335.160000000003,914.0374193548388
PROD_001518,garden,24,28329.86,1180.4108333333334
PROD_001838,music,22,28299.35,1286.334090909091
PROD_000439,toys,21,28290.260000000002,1347.1552380952382
PROD_001739,garden,23,28288.420000000002,1229.9313043478262
PROD_002939,electronics,26,28284.940000000002,1087.8823076923077
PROD_000833,garden,25,28283.110000000004,1131.3244000000002
PROD_001248,beauty,22,28279.259999999995,1285.420909090909
PROD_000446,fashion,24,28272.93,1178.03875
PROD_000626,fashion,24,28259.46,1177.4775
PROD_002411,toys,19,28252.709999999995,1486.9847368421051
PROD_000162,fashion,25,28227.429999999997,1129.0972
PROD_002223,health,22,28175.7,1280.7136363636364
PROD_000154,fashion,23,28163.180000000008,1224.486086956522
PROD_002206,beauty,22,28160.19,1280.0086363636362
PROD_001930,toys,27,28159.199999999997,1042.9333333333332
PROD_001481,health,26,28157.999999999996,1082.9999999999998
PROD_000951,beauty,23,28154.2,1224.095652173913
PROD_002518,office,24,28144.13,1172.6720833333334
PROD_002690,furniture,27,28109.480000000003,1041.091851851852
PROD_001976,books,25,28108.35,1124.3339999999998
PROD_002509,electronics,18,28099.769999999993,1561.098333333333
PROD_002495,sports,24,28095.81,1170.65875
PROD_001119,home_appliances,24,28094.339999999993,1170.5974999999996
PROD_001283,office,22,28090.630000000005,1276.8468181818184
PROD_002225,computers,22,28086.85,1276.675
PROD_002800,beauty,23,28083.820000000003,1221.0356521739131
PROD_002522,sports,26,28079.44,1079.9784615384615
PROD_001173,books,26,28073.07,1079.7334615384616
PROD_001956,books,26,28071.010000000002,1079.654230769231
PROD_001029,health,28,28066.78,1002.385
PROD_002923,beauty,22,28055.609999999997,1275.2549999999999
PROD_001693,beauty,20,28050.880000000005,1402.5440000000003
PROD_002242,food,22,28042.49,1274.6586363636363
PROD_000242,books,20,28021.059999999994,1401.0529999999997
PROD_001688,sports,27,27993.840000000004,1036.808888888889
PROD_001728,books,28,27988.14,999.5764285714286
PROD_001401,office,28,27963.800000000003,998.7071428571429
PROD_002241,fashion,26,27954.64,1075.1784615384615
PROD_002475,home_appliances,21,27928.499999999993,1329.928571428571
PROD_001314,fashion,22,27925.94,1269.360909090909
PROD_001608,fashion,21,27925.899999999994,1329.8047619047616
PROD_000305,food,24,27923.850000000002,1163.49375
PROD_002806,computers,21,27917.769999999997,1329.417619047619
PROD_000200,health,25,27917.429999999997,1116.6971999999998
PROD_000581,garden,23,27880.270000000004,1212.1856521739132
PROD_002333,furniture,26,27870.590000000004,1071.9457692307694
PROD_002074,beauty,23,27854.280000000002,1211.0556521739131
PROD_002032,computers,24,27841.28,1160.0533333333333
PROD_002550,garden,22,27829.83,1264.9922727272728
PROD_001888,sports,23,27828.019999999993,1209.913913043478
PROD_002136,music,22,27797.259999999995,1263.511818181818
PROD_000268,computers,21,27790.999999999996,1323.3809523809523
PROD_002111,garden,26,27767.649999999998,1067.9865384615384
PROD_002761,fashion,25,27755.89,1110.2356
PROD_000044,electronics,28,27755.06,991.2521428571429
PROD_002255,sports,22,27735.360000000004,1260.698181818182
PROD_002824,furniture,26,27713.869999999995,1065.9180769230768
PROD_002001,automotive,22,27703.319999999992,1259.2418181818177
PROD_000935,office,20,27703.090000000004,1385.1545
PROD_001827,garden,28,27696.269999999997,989.1524999999999
PROD_001225,books,26,27695.239999999994,1065.2015384615383
PROD_000761,beauty,28,27687.36,988.8342857142858
PROD_000768,fashion,20,27679.570000000007,1383.9785000000004
PROD_001510,health,23,27657.6,1202.5043478260868
PROD_001487,office,22,27656.429999999997,1257.1104545454543
PROD_000929,food,25,27643.179999999997,1105.7271999999998
PROD_000183,health,25,27612.839999999997,1104.5135999999998
PROD_001810,garden,27,27607.38000000001,1022.4955555555558
PROD_000072,furniture,25,27604.87,1104.1948
PROD_002873,automotive,21,27596.6,1314.1238095238095
PROD_001981,beauty,23,27595.010000000006,1199.783043478261
PROD_000382,books,24,27564.530000000006,1148.5220833333335
PROD_001160,food,24,27543.899999999998,1147.6625
PROD_001687,computers,20,27526.680000000008,1376.3340000000003
PROD_001676,beauty,25,27525.439999999995,1101.0176
PROD_002037,home_appliances,27,27516.600000000002,1019.1333333333334
PROD_001530,computers,27,27513.42,1019.0155555555555
PROD_000541,office,22,27507.489999999998,1250.3404545454543
PROD_001714,computers,20,27495.350000000002,1374.7675000000002
PROD_001994,automotive,22,27491.74,1249.6245454545456
PROD_001843,electronics,23,27487.600000000002,1195.113043478261
PROD_001735,toys,21,27480.24,1308.5828571428572
PROD_002657,health,22,27479.999999999996,1249.090909090909
PROD_001203,beauty,28,27448.350000000006,980.2982142857145
PROD_001546,beauty,28,27444.819999999996,980.1721428571427
PROD_001202,music,26,27439.879999999997,1055.3799999999999
PROD_000813,health,21,27427.580000000005,1306.0752380952383
PROD_002407,office,28,27401.02,978.6078571428571
PROD_000979,garden,24,27388.719999999998,1141.1966666666665
PROD_002391,home_appliances,20,27377.169999999995,1368.8584999999998
PROD_000817,computers,23,27375.320000000003,1190.2313043478262
PROD_001264,beauty,25,27348.59,1093.9436
PROD_001415,beauty,25,27347.839999999997,1093.9135999999999
PROD_000434,toys,29,27345.549999999992,942.9499999999997
PROD_002493,toys,19,27336.089999999997,1438.7415789473682
PROD_000560,fashion,21,27321.600000000002,1301.0285714285715
PROD_000045,home_appliances,23,27314.780000000006,1187.5991304347829
PROD_002220,electronics,26,27304.54,1050.1746153846154
PROD_000400,home_appliances,21,27282.350000000002,1299.159523809524
PROD_000393,food,20,27267.450000000004,1363.3725000000002
PROD_001736,automotive,22,27251.56,1238.7072727272728
PROD_000113,sports,23,27225.390000000003,1183.7126086956523
PROD_002652,health,24,27223.839999999997,1134.3266666666666
PROD_001405,home_appliances,20,27209.450000000004,1360.4725000000003
PROD_001655,electronics,25,27178.879999999997,1087.1552
PROD_002699,food,27,27172.700000000004,1006.3962962962964
PROD_002735,beauty,22,27170.450000000004,1235.0204545454546
PROD_001139,automotive,23,27163.660000000007,1181.0286956521743
PROD_002178,furniture,23,27143.629999999997,1180.1578260869564
PROD_002368,food,23,27136.32,1179.84
PROD_000289,toys,18,27133.229999999996,1507.4016666666664
PROD_001989,furniture,23,27107.869999999995,1178.6030434782606
PROD_001649,books,19,27079.869999999995,1425.2563157894735
PROD_000703,computers,22,27075.78,1230.7172727272728
PROD_002450,garden,28,27067.520000000004,966.697142857143
PROD_002596,health,25,27043.140000000007,1081.7256000000002
PROD_000648,food,21,27030.41,1287.162380952381
PROD_000362,sports,22,27028.570000000003,1228.5713636363637
PROD_002422,electronics,23,27025.579999999994,1175.025217391304
PROD_002297,automotive,19,27011.770000000004,1421.672105263158
PROD_000463,furniture,23,26974.030000000006,1172.7839130434786
PROD_002826,food,27,26970.920000000002,998.9229629629631
PROD_000216,sports,19,26966.24,1419.2757894736842
PROD_000698,office,21,26957.8,1283.7047619047619
PROD_002751,furniture,21,26947.969999999994,1283.2366666666665
PROD_001685,beauty,27,26914.289999999997,996.8255555555554
PROD_002013,sports,26,26878.999999999996,1033.8076923076922
PROD_000033,books,25,26876.559999999998,1075.0623999999998
PROD_001169,home_appliances,20,26865.959999999995,1343.2979999999998
PROD_002142,music,23,26840.690000000002,1166.9865217391305
PROD_000018,home_appliances,25,26833.519999999997,1073.3408
PROD_001299,automotive,22,26787.909999999996,1217.6322727272725
PROD_002837,books,25,26772.719999999994,1070.9087999999997
PROD_000853,home_appliances,27,26765.27,991.3062962962963
PROD_000050,books,26,26751.87,1028.9180769230768
PROD_001092,home_appliances,22,26733.31,1215.1504545454545
PROD_002943,furniture,26,26715.440000000002,1027.5169230769231
PROD_002145,computers,19,26707.02,1405.6326315789474
PROD_001317,fashion,25,26698.87,1067.9548
PROD_002716,beauty,24,26692.160000000003,1112.1733333333334
PROD_001498,music,24,26684.840000000007,1111.8683333333336
PROD_000368,automotive,24,26675.18,1111.4658333333334
PROD_002915,computers,24,26664.79,1111.0329166666668
PROD_002478,books,22,26658.479999999996,1211.7490909090907
PROD_002125,home_appliances,20,26629.22,1331.461
PROD_001384,fashion,24,26625.149999999994,1109.3812499999997
PROD_002216,automotive,23,26624.76,1157.5982608695651
PROD_000503,health,22,26620.34,1210.0154545454545
PROD_000532,furniture,24,26615.94,1108.9975
PROD_002352,electronics,24,26614.440000000002,1108.9350000000002
PROD_000714,books,21,26613.91,1267.3290476190475
PROD_001654,office,19,26591.769999999997,1399.566842105263
PROD_000599,health,21,26589.71,1266.1766666666667
PROD_000785,fashion,26,26581.249999999993,1022.3557692307689
PROD_000117,health,25,26579.12,1063.1648
PROD_001997,computers,22,26572.340000000007,1207.8336363636367
PROD_002059,health,21,26562.329999999998,1264.8728571428571
PROD_002733,music,27,26560.600000000006,983.7259259259262
PROD_001147,fashion,21,26549.41,1264.257619047619
PROD_001944,electronics,20,26549.180000000004,1327.4590000000003
PROD_001227,fashion,21,26531.37,1263.3985714285714
PROD_002179,health,30,26527.229999999996,884.2409999999999
PROD_002113,home_appliances,26,26523.869999999995,1020.148846153846
PROD_000820,computers,24,26522.600000000006,1105.1083333333336
PROD_001307,books,21,26520.34,1262.8733333333334
PROD_001002,food,26,26520.200000000004,1020.0076923076924
PROD_002109,sports,29,26496.72000000001,913.6800000000003
PROD_000847,office,20,26485.770000000004,1324.2885
PROD_001273,computers,23,26460.09,1150.438695652174
PROD_001470,books,26,26454.829999999998,1017.4934615384615
PROD_000680,electronics,22,26432.6,1201.4818181818182
PROD_002222,health,23,26413.210000000003,1148.4004347826087
PROD_001629,automotive,19,26385.94,1388.7336842105262
PROD_001097,garden,28,26375.070000000003,941.9667857142858
PROD_000489,office,24,26362.600000000002,1098.4416666666668
PROD_002428,books,21,26350.820000000003,1254.8009523809526
PROD_002410,toys,19,26343.18,1386.483157894737
PROD_001825,electronics,25,26324.399999999994,1052.9759999999997
PROD_001306,books,22,26319.170000000006,1196.3259090909094
PROD_000792,sports,30,26304.589999999997,876.8196666666665
PROD_000635,automotive,26,26274.500000000004,1010.5576923076925
PROD_001921,toys,20,26259.59,1312.9795
PROD_001927,food,20,26258.4,1312.92
PROD_001086,fashion,22,26250.139999999996,1193.1881818181816
PROD_000980,garden,21,26245.01,1249.762380952381
PROD_002525,beauty,25,26236.750000000004,1049.4700000000003
PROD_002468,toys,24,26232.52,1093.0216666666668
PROD_001551,toys,23,26219.870000000003,1139.994347826087
PROD_001482,home_appliances,22,26211.350000000002,1191.4250000000002
PROD_002730,electronics,23,26208.960000000003,1139.5200000000002
PROD_000746,automotive,23,26201.78,1139.2078260869564
PROD_002790,beauty,27,26182.110000000004,969.7077777777779
PROD_001953,sports,18,26178.530000000002,1454.3627777777779
PROD_002196,garden,25,26176.809999999994,1047.0723999999998
PROD_002630,beauty,21,26175.300000000003,1246.4428571428573
PROD_000457,home_appliances,21,26136.749999999996,1244.6071428571427
PROD_002017,music,24,26122.589999999997,1088.4412499999999
PROD_002723,books,24,26117.139999999996,1088.2141666666664
PROD_001154,sports,24,26093.720000000005,1087.2383333333335
PROD_001924,books,22,26077.899999999994,1185.3590909090906
PROD_001597,health,25,26077.500000000004,1043.1000000000001
PROD_002004,beauty,18,26064.339999999997,1448.0188888888888
PROD_000540,health,20,26044.370000000003,1302.2185000000002
PROD_000549,health,20,26038.95,1301.9475
PROD_002560,automotive,25,25995.299999999996,1039.812
PROD_002819,home_appliances,22,25984.280000000002,1181.1036363636365
PROD_000774,sports,24,25979.949999999993,1082.4979166666665
PROD_000411,furniture,23,25977.489999999998,1129.4560869565216
PROD_002854,garden,22,25962.03,1180.0922727272728
PROD_001340,toys,27,25955.959999999995,961.3318518518516
PROD_000733,health,19,25949.69,1365.7731578947369
PROD_001589,sports,23,25943.279999999995,1127.9686956521737
PROD_000764,office,21,25926.76,1234.607619047619
PROD_002103,computers,22,25913.559999999998,1177.8890909090908
PROD_002851,toys,23,25905.970000000005,1126.3465217391306
PROD_000603,home_appliances,21,25897.81,1233.2290476190476
PROD_002380,food,22,25889.440000000002,1176.7927272727275
PROD_000328,health,21,25873.009999999995,1232.048095238095
PROD_002349,books,21,25864.039999999997,1231.6209523809523
PROD_000995,toys,20,25817.339999999997,1290.8669999999997
PROD_000350,sports,21,25805.449999999997,1228.8309523809523
PROD_001611,furniture,19,25797.629999999997,1357.7699999999998
PROD_001675,furniture,23,25755.220000000005,1119.7921739130436
PROD_000271,furniture,23,25740.920000000006,1119.170434782609
PROD_002638,sports,24,25726.480000000003,1071.9366666666667
PROD_002338,health,21,25684.29,1223.0614285714287
PROD_002304,health,25,25681.880000000005,1027.2752000000003
PROD_000124,toys,24,25642.99,1068.4579166666667
PROD_002026,electronics,23,25635.650000000005,1114.5934782608697
PROD_001026,music,24,25632.460000000003,1068.0191666666667
PROD_000673,electronics,24,25621.42,1067.5591666666667
PROD_000892,furniture,21,25607.409999999996,1219.400476190476
PROD_000377,garden,23,25602.43,1113.1491304347826
PROD_000555,electronics,19,25583.530000000002,1346.5015789473684
PROD_000614,food,20,25577.460000000003,1278.873
PROD_000543,garden,23,25550.65000000001,1110.897826086957
PROD_001452,toys,21,25534.34,1215.9209523809525
PROD_002639,computers,19,25531.5,1343.7631578947369
PROD_002785,furniture,20,25499.34,1274.967
PROD_000874,health,22,25489.489999999998,1158.6131818181818
PROD_001001,furniture,19,25484.630000000005,1341.296315789474
PROD_002318,computers,24,25442.839999999997,1060.118333333333
PROD_000862,automotive,20,25408.110000000008,1270.4055000000003
PROD_001089,music,23,25393.960000000006,1104.0852173913047
PROD_000060,music,22,25393.399999999998,1154.2454545454545
PROD_002720,garden,22,25392.05,1154.1840909090909
PROD_002238,office,20,25382.050000000003,1269.1025000000002
PROD_001717,books,21,25362.14,1207.7209523809524
PROD_000252,health,25,25360.789999999997,1014.4315999999999
PROD_002086,health,24,25359.999999999996,1056.6666666666665
PROD_002160,office,18,25358.330000000005,1408.7961111111115
PROD_000213,sports,24,25352.58,1056.3575
PROD_001548,automotive,20,25344.460000000006,1267.2230000000004
PROD_001416,computers,22,25326.899999999998,1151.222727272727
PROD_001876,fashion,20,25323.200000000008,1266.1600000000003
PROD_002230,books,25,25313.88,1012.5552
PROD_001425,computers,21,25258.799999999996,1202.7999999999997
PROD_000783,fashion,22,25246.46,1147.5663636363636
PROD_000803,furniture,21,25229.78,1201.4180952380952
PROD_000278,toys,22,25220.339999999997,1146.3790909090908
PROD_001367,computers,19,25191.97,1325.893157894737
PROD_002893,office,20,25164.41,1258.2205
PROD_002184,automotive,20,25123.570000000003,1256.1785000000002
PROD_001191,garden,22,25118.630000000005,1141.7559090909092
PROD_002019,health,23,25067.629999999997,1089.896956521739
PROD_000375,sports,19,25060.42,1318.9694736842105
PROD_002709,books,22,25035.960000000003,1137.998181818182
PROD_001564,food,20,25025.209999999995,1251.2604999999999
PROD_002822,office,23,25020.850000000002,1087.863043478261
PROD_000937,sports,22,25020.67,1137.3031818181817
PROD_000295,office,17,25008.37,1471.080588235294
PROD_000445,home_appliances,27,24970.760000000006,924.8429629629632
PROD_000256,health,23,24956.629999999997,1085.0708695652172
PROD_000958,fashion,22,24947.289999999997,1133.9677272727272
PROD_001219,office,23,24899.22,1082.5747826086956
PROD_001541,beauty,25,24884.130000000005,995.3652000000002
PROD_000259,furniture,20,24801.07,1240.0535
PROD_001773,garden,25,24783.640000000007,991.3456000000002
PROD_002909,garden,23,24778.090000000004,1077.3082608695654
PROD_002270,furniture,19,24771.369999999995,1303.7563157894735
PROD_002161,toys,23,24757.260000000002,1076.4026086956524
PROD_000690,health,22,24717.21,1123.5095454545453
PROD_001540,beauty,21,24712.53999999999,1176.7876190476186
PROD_000552,garden,22,24674.349999999995,1121.5613636363635
PROD_001840,home_appliances,22,24669.930000000004,1121.3604545454548
PROD_002683,sports,19,24618.63,1295.7173684210527
PROD_000498,automotive,22,24594.089999999993,1117.9131818181816
PROD_001343,beauty,18,24581.05,1365.6138888888888
PROD_002323,home_appliances,18,24575.019999999997,1365.2788888888888
PROD_002295,toys,22,24562.52,1116.4781818181818
PROD_002984,electronics,23,24556.94,1067.6930434782607
PROD_002778,fashion,20,24545.829999999994,1227.2914999999998
PROD_001731,furniture,23,24504.98,1065.4339130434782
PROD_000003,office,19,24420.909999999996,1285.3110526315788
PROD_000613,computers,19,24412.780000000002,1284.883157894737
PROD_002233,computers,18,24355.79,1353.0994444444445
PROD_000144,health,23,24352.7,1058.8130434782609
PROD_002148,home_appliances,23,24323.800000000003,1057.5565217391306
PROD_000158,fashion,19,24319.23,1279.9594736842105
PROD_002844,garden,20,24310.079999999998,1215.504
PROD_000744,electronics,22,24289.969999999998,1104.0895454545453
PROD_002549,computers,24,24246.3,1010.2624999999999
PROD_001265,sports,22,24169.74,1098.6245454545456
PROD_000451,books,21,24167.34,1150.8257142857142
PROD_001382,office,21,24159.420000000006,1150.4485714285718
PROD_001677,fashion,30,24155.29,805.1763333333333
PROD_002334,sports,21,24115.579999999994,1148.360952380952
PROD_001599,electronics,25,24114.150000000005,964.5660000000003
PROD_000959,home_appliances,22,24098.69,1095.395
PROD_002912,beauty,21,24077.68,1146.5561904761905
PROD_001844,beauty,19,24052.209999999995,1265.905789473684
PROD_001941,automotive,20,24010.860000000008,1200.5430000000003
PROD_001928,food,21,24007.14,1143.1971428571428
PROD_001310,office,27,23960.769999999997,887.4359259259259
PROD_000920,fashion,23,23952.179999999997,1041.3991304347824
PROD_001259,food,21,23911.999999999996,1138.6666666666665
PROD_000298,fashion,22,23871.659999999996,1085.0754545454545
PROD_001308,garden,24,23866.82,994.4508333333333
PROD_000846,furniture,28,23864.399999999994,852.2999999999998
PROD_002131,sports,22,23849.039999999997,1084.0472727272727
PROD_001536,toys,18,23825.629999999997,1323.646111111111
PROD_000120,beauty,18,23805.409999999996,1322.5227777777775
PROD_000981,garden,19,23773.949999999997,1251.2605263157893
PROD_001794,sports,24,23763.750000000007,990.1562500000003
PROD_000299,furniture,21,23761.35,1131.492857142857
PROD_001605,food,18,23749.18,1319.398888888889
PROD_001745,furniture,24,23744.8,989.3666666666667
PROD_002892,fashion,18,23714.99,1317.4994444444446
PROD_000095,garden,21,23702.300000000003,1128.6809523809525
PROD_000924,automotive,19,23677.940000000006,1246.207368421053
PROD_000719,beauty,25,23613.62,944.5448
PROD_002065,music,20,23593.539999999997,1179.677
PROD_001268,toys,21,23582.260000000002,1122.964761904762
PROD_001463,furniture,20,23580.760000000002,1179.038
PROD_002966,home_appliances,19,23566.46,1240.34
PROD_000625,office,18,23566.14,1309.23
PROD_000629,furniture,30,23453.37,781.779
PROD_002934,home_appliances,22,23422.940000000002,1064.679090909091
PROD_001118,home_appliances,30,23419.389999999996,780.6463333333332
PROD_001692,music,21,23343.22,1111.5819047619048
PROD_001429,furniture,24,23321.08,971.7116666666667
PROD_002508,health,20,23302.420000000006,1165.1210000000003
PROD_000715,food,19,23275.609999999997,1225.0321052631577
PROD_000952,furniture,24,23273.430000000004,969.7262500000002
PROD_002066,food,23,23245.579999999998,1010.6773913043478
PROD_001137,computers,21,23229.539999999994,1106.168571428571
PROD_000500,food,19,23213.43,1221.7594736842104
PROD_000509,beauty,21,23162.96,1102.9980952380952
PROD_001910,electronics,23,23151.379999999997,1006.5817391304347
PROD_002192,garden,22,23137.629999999997,1051.7104545454545
PROD_002173,toys,23,23123.2,1005.3565217391305
PROD_000885,electronics,26,23088.21,888.0080769230769
PROD_001074,fashion,20,23010.160000000003,1150.5080000000003
PROD_002403,office,20,23004.059999999998,1150.203
PROD_000383,garden,20,23003.190000000002,1150.1595000000002
PROD_000562,toys,26,22997.149999999998,884.5057692307691
PROD_000684,computers,19,22853.55,1202.8184210526315
PROD_000360,sports,19,22850.190000000002,1202.6415789473685
PROD_000136,electronics,16,22812.28,1425.7675
PROD_002519,books,22,22770.19,1035.0086363636362
PROD_001642,music,19,22743.33,1197.0173684210527
PROD_002445,furniture,19,22730.05,1196.3184210526315
PROD_000759,books,20,22696.98,1134.849
PROD_000027,furniture,18,22695.01,1260.8338888888889
PROD_001496,music,19,22689.47,1194.1826315789474
PROD_002024,sports,20,22669.99,1133.4995000000001
PROD_000414,music,18,22659.960000000003,1258.8866666666668
PROD_000369,furniture,23,22649.54,984.7626086956523
PROD_002319,food,24,22646.629999999994,943.609583333333
PROD_001078,food,20,22611.769999999997,1130.5884999999998
PROD_002139,beauty,18,22576.39,1254.243888888889
PROD_002678,office,18,22548.39,1252.6883333333333
PROD_000886,electronics,25,22515.860000000008,900.6344000000004
PROD_001896,home_appliances,19,22507.28,1184.5936842105264
PROD_000942,health,26,22490.349999999995,865.0134615384613
PROD_000150,office,21,22485.749999999993,1070.7499999999995
PROD_001524,garden,19,22433.6,1180.715789473684
PROD_001690,fashion,20,22406.29,1120.3145
PROD_001584,home_appliances,20,22387.779999999995,1119.3889999999997
PROD_000978,office,20,22332.440000000002,1116.622
PROD_001442,home_appliances,19,22317.020000000004,1174.5800000000002
PROD_001576,office,22,22250.31,1011.3777272727274
PROD_001321,food,21,22183.849999999995,1056.3738095238093
PROD_002264,furniture,22,22157.380000000005,1007.1536363636366
PROD_001088,furniture,20,22155.400000000005,1107.7700000000002
PROD_001329,electronics,16,22134.33,1383.395625
PROD_002529,home_appliances,15,22027.56,1468.5040000000001
PROD_002016,toys,18,22007.180000000004,1222.6211111111113
PROD_002482,sports,20,21993.2,1099.66
PROD_000909,automotive,18,21943.01,1219.056111111111
PROD_002763,garden,20,21920.929999999997,1096.0465
PROD_002843,health,18,21898.609999999997,1216.5894444444443
PROD_002674,home_appliances,21,21889.799999999996,1042.3714285714284
PROD_000486,music,20,21886.460000000003,1094.323
PROD_000234,health,17,21878.07,1286.945294117647
PROD_000215,beauty,21,21782.239999999994,1037.2495238095235
PROD_000089,automotive,19,21741.81,1144.3057894736842
PROD_001500,furniture,19,21618.769999999997,1137.83
PROD_001980,fashion,17,21586.91,1269.8182352941176
PROD_002904,computers,18,21527.679999999997,1195.982222222222
PROD_000531,food,17,21398.55,1258.7382352941177
PROD_001132,computers,21,21372.580000000005,1017.7419047619051
PROD_001672,furniture,22,21357.95,970.8159090909091
PROD_002227,music,19,21354.69,1123.931052631579
PROD_002171,computers,20,21311.06,1065.553
PROD_001562,furniture,22,21308.210000000003,968.5550000000002
PROD_000547,office,26,21230.32,816.5507692307692
PROD_002274,sports,22,21214.290000000005,964.2859090909093
PROD_002092,furniture,18,21173.820000000003,1176.3233333333335
PROD_000142,garden,12,21137.11,1761.4258333333335
PROD_000098,fashion,18,21119.949999999997,1173.3305555555553
PROD_002719,beauty,20,21064.719999999998,1053.2359999999999
PROD_000706,computers,21,21003.200000000004,1000.1523809523811
PROD_000206,sports,14,20932.170000000002,1495.1550000000002
PROD_000837,garden,17,20880.069999999996,1228.2394117647057
PROD_000218,automotive,21,20822.99,991.5709523809525
PROD_001019,electronics,20,20817.850000000002,1040.8925000000002
PROD_001917,sports,20,20718.010000000002,1035.9005000000002
PROD_000807,beauty,17,20708.569999999996,1218.151176470588
PROD_000104,toys,19,20696.649999999998,1089.2973684210526
PROD_001798,beauty,21,20643.960000000003,983.0457142857144
PROD_000763,computers,19,20578.850000000002,1083.0973684210528
PROD_000674,books,18,20532.57,1140.6983333333333
PROD_000724,electronics,20,20497.46,1024.873
PROD_001015,office,15,20384.129999999997,1358.9419999999998
PROD_001993,electronics,17,20352.510000000002,1197.2064705882353
PROD_001037,furniture,17,20333.670000000006,1196.098235294118
PROD_001602,sports,22,20314.99,923.4086363636364
PROD_000499,food,18,20011.879999999997,1111.771111111111
PROD_000868,toys,20,19760.170000000002,988.0085000000001
PROD_002248,automotive,19,19720.489999999998,1037.9205263157894
PROD_001238,electronics,19,19662.54,1034.8705263157894
PROD_002918,automotive,21,19649.03,935.6680952380951
PROD_000823,health,21,19529.17,929.9604761904761
PROD_002646,home_appliances,18,19480.070000000003,1082.2261111111113
PROD_001012,automotive,17,19446.46,1143.9094117647057
PROD_000530,computers,21,19390.63,923.3633333333333
PROD_000301,garden,18,19101.32,1061.1844444444444
PROD_000190,music,16,19025.33,1189.083125
PROD_000222,food,17,18954.68,1114.9811764705883
PROD_001312,health,15,18937.300000000003,1262.486666666667
PROD_001337,health,19,18922.579999999994,995.9252631578944
PROD_000946,office,14,18663.19,1333.0849999999998
PROD_002187,home_appliances,17,18555.61,1091.5064705882353
PROD_001128,health,17,18532.66,1090.1564705882354
PROD_001400,beauty,17,18513.600000000002,1089.0352941176473
PROD_001177,office,19,18335.260000000002,965.0136842105264
PROD_001246,electronics,19,18041.72,949.5642105263158
PROD_002409,music,15,18039.110000000004,1202.6073333333336
PROD_001670,automotive,18,17896.79,994.2661111111112
PROD_000789,automotive,14,17856.21,1275.4435714285714
PROD_001252,electronics,17,17843.71,1049.6299999999999
PROD_001146,automotive,17,17814.030000000002,1047.884117647059
PROD_002337,fashion,17,17588.609999999997,1034.6241176470587
PROD_002189,electronics,16,17492.47,1093.279375
PROD_001250,garden,15,17430.01,1162.0006666666666
PROD_001003,food,17,17403.01,1023.7064705882352
PROD_000081,music,15,17257.48,1150.4986666666666
PROD_002781,fashion,16,17242.019999999997,1077.6262499999998
PROD_002067,toys,18,16944.23,941.3461111111111
PROD_002531,music,13,16848.12,1296.0092307692307
PROD_001131,computers,20,16713.14,835.6569999999999
PROD_002068,automotive,14,15989.46,1142.1042857142857
PROD_001922,office,17,15308.609999999999,900.5064705882352
PROD_000308,toys,16,14730.41,920.650625
PROD_002655,fashion,15,13090.77,872.7180000000001
PROD_001703,beauty,16,12923.470000000001,807.7168750000001
PROD_000386,health,11,10519.700000000003,956.3363636363639
